subscriber_id,segment_truth,days_since_last_visit,purchase_count_90d,avg_order_value,last_category,subscribe_channel,is_loyalty_member,state,last_engagement_date
sub_00000,price_sensitive,24,5,101.17,home,paid_social,True,OH,2026-04-07
sub_00001,high_intent_browser,6,1,44.36,beauty,popup,False,CA,2026-04-25
sub_00002,post_purchase,9,5,21.6,wellness,paid_social,False,FL,2026-04-22
sub_00003,high_intent_browser,1,1,23.76,beauty,paid_social,True,IL,2026-04-30
sub_00004,vip_loyalist,11,18,602.8,apparel,paid_social,True,NY,2026-04-20
sub_00005,vip_loyalist,10,14,511.49,wellness,referral,True,WA,2026-04-21
sub_00006,price_sensitive,24,3,65.2,beauty,popup,False,OH,2026-04-07
sub_00007,price_sensitive,22,3,94.53,wellness,popup,True,MA,2026-04-09
sub_00008,high_intent_browser,2,2,0,apparel,paid_social,False,WA,2026-04-29
sub_00009,price_sensitive,26,2,95.78,electronics,popup,False,IL,2026-04-05
sub_00010,price_sensitive,16,3,50.92,kids,referral,False,MA,2026-04-15
sub_00011,post_purchase,3,2,276.41,home,checkout_optin,False,PA,2026-04-28
sub_00012,high_intent_browser,5,0,35.26,electronics,popup,False,MA,2026-04-26
sub_00013,vip_loyalist,16,34,324.15,wellness,loyalty_signup,True,MA,2026-04-15
sub_00014,winback_dormant,79,5,225.52,beauty,checkout_optin,False,CA,2026-02-11
sub_00015,price_sensitive,20,2,51.52,apparel,checkout_optin,False,WA,2026-04-11
sub_00016,new_subscriber,2,0,62.16,kids,popup,False,OH,2026-04-29
sub_00017,price_sensitive,4,3,74.01,kids,referral,True,NY,2026-04-27
sub_00018,winback_dormant,77,9,178.78,wellness,checkout_optin,False,WA,2026-02-13
sub_00019,new_subscriber,2,0,40.11,electronics,checkout_optin,False,WA,2026-04-29
sub_00020,new_subscriber,2,0,0,electronics,referral,False,TX,2026-04-29
sub_00021,high_intent_browser,5,0,46.47,kids,checkout_optin,False,FL,2026-04-26
sub_00022,winback_dormant,73,8,195.18,wellness,loyalty_signup,False,NY,2026-02-17
sub_00023,new_subscriber,2,0,51.69,beauty,loyalty_signup,False,OH,2026-04-29
sub_00024,vip_loyalist,5,21,282.67,beauty,checkout_optin,True,MA,2026-04-26
sub_00025,new_subscriber,1,0,55.91,home,popup,False,IL,2026-04-30
sub_00026,price_sensitive,21,6,32.0,kids,loyalty_signup,False,WA,2026-04-10
sub_00027,high_intent_browser,8,1,46.81,home,checkout_optin,False,GA,2026-04-23
sub_00028,post_purchase,3,5,149.04,kids,popup,False,FL,2026-04-28
sub_00029,price_sensitive,15,5,116.66,home,popup,False,MA,2026-04-16
sub_00030,price_sensitive,17,3,120.57,apparel,checkout_optin,False,PA,2026-04-14
sub_00031,post_purchase,16,7,244.12,electronics,loyalty_signup,False,OH,2026-04-15
sub_00032,high_intent_browser,10,1,22.39,beauty,referral,False,FL,2026-04-21
sub_00033,post_purchase,4,5,191.73,home,paid_social,False,GA,2026-04-27
sub_00034,price_sensitive,4,3,114.48,electronics,paid_social,False,OH,2026-04-27
sub_00035,price_sensitive,22,5,46.04,wellness,checkout_optin,False,CA,2026-04-09
sub_00036,post_purchase,8,2,146.5,beauty,referral,False,NY,2026-04-23
sub_00037,vip_loyalist,9,17,1306.28,wellness,referral,True,NY,2026-04-22
sub_00038,post_purchase,9,5,170.64,electronics,paid_social,True,NY,2026-04-22
sub_00039,price_sensitive,18,2,39.94,wellness,checkout_optin,False,PA,2026-04-13
sub_00040,vip_loyalist,14,12,857.62,home,paid_social,True,FL,2026-04-17
sub_00041,post_purchase,11,5,167.05,electronics,loyalty_signup,True,FL,2026-04-20
sub_00042,price_sensitive,19,5,105.47,kids,loyalty_signup,True,TX,2026-04-12
sub_00043,winback_dormant,140,10,486.61,electronics,referral,False,FL,2025-12-12
sub_00044,high_intent_browser,2,1,28.86,home,popup,False,CA,2026-04-29
sub_00045,price_sensitive,22,1,78.01,electronics,loyalty_signup,False,IL,2026-04-09
sub_00046,vip_loyalist,24,32,1120.89,apparel,popup,True,IL,2026-04-07
sub_00047,high_intent_browser,0,1,28.83,beauty,referral,False,IL,2026-05-01
sub_00048,price_sensitive,9,3,36.09,home,popup,False,TX,2026-04-22
sub_00049,price_sensitive,18,7,98.72,kids,popup,False,NY,2026-04-13
sub_00050,new_subscriber,3,0,36.92,wellness,referral,False,IL,2026-04-28
sub_00051,new_subscriber,3,1,42.38,apparel,checkout_optin,False,TX,2026-04-28
sub_00052,high_intent_browser,4,1,35.86,wellness,checkout_optin,False,CA,2026-04-27
sub_00053,winback_dormant,63,9,224.88,wellness,paid_social,False,OH,2026-02-27
sub_00054,price_sensitive,21,3,79.51,electronics,paid_social,False,MA,2026-04-10
sub_00055,winback_dormant,58,8,291.58,beauty,loyalty_signup,False,TX,2026-03-04
sub_00056,price_sensitive,16,4,73.53,kids,loyalty_signup,False,CA,2026-04-15
sub_00057,high_intent_browser,5,2,5.27,kids,loyalty_signup,False,IL,2026-04-26
sub_00058,high_intent_browser,5,1,51.65,home,paid_social,False,CA,2026-04-26
sub_00059,winback_dormant,95,7,316.16,apparel,loyalty_signup,False,PA,2026-01-26
sub_00060,high_intent_browser,4,0,36.25,apparel,checkout_optin,False,CA,2026-04-27
sub_00061,price_sensitive,14,3,108.6,apparel,paid_social,False,TX,2026-04-17
sub_00062,new_subscriber,2,0,23.05,electronics,checkout_optin,False,GA,2026-04-29
sub_00063,new_subscriber,3,1,44.03,wellness,referral,False,OH,2026-04-28
sub_00064,high_intent_browser,2,0,51.09,kids,paid_social,False,FL,2026-04-29
sub_00065,high_intent_browser,1,2,41.48,apparel,referral,False,OH,2026-04-30
sub_00066,high_intent_browser,7,1,35.47,electronics,popup,False,OH,2026-04-24
sub_00067,post_purchase,10,7,186.71,kids,referral,False,NY,2026-04-21
sub_00068,post_purchase,8,8,152.25,electronics,referral,False,NY,2026-04-23
sub_00069,price_sensitive,28,2,14.27,wellness,checkout_optin,True,TX,2026-04-03
sub_00070,price_sensitive,11,1,52.41,electronics,popup,False,NY,2026-04-20
sub_00071,new_subscriber,2,0,22.04,wellness,loyalty_signup,False,PA,2026-04-29
sub_00072,new_subscriber,4,0,32.2,electronics,popup,False,NY,2026-04-27
sub_00073,post_purchase,9,7,124.78,home,referral,False,FL,2026-04-22
sub_00074,high_intent_browser,7,1,33.78,wellness,paid_social,False,NY,2026-04-24
sub_00075,new_subscriber,4,0,72.11,electronics,referral,True,CA,2026-04-27
sub_00076,winback_dormant,78,5,203.7,electronics,loyalty_signup,True,WA,2026-02-12
sub_00077,high_intent_browser,2,1,1.55,apparel,checkout_optin,False,IL,2026-04-29
sub_00078,high_intent_browser,6,1,39.78,electronics,loyalty_signup,False,IL,2026-04-25
sub_00079,high_intent_browser,4,1,22.63,beauty,checkout_optin,False,MA,2026-04-27
sub_00080,vip_loyalist,13,29,1699.36,kids,referral,True,OH,2026-04-18
sub_00081,vip_loyalist,9,21,717.08,kids,referral,True,PA,2026-04-22
sub_00082,new_subscriber,4,1,0,wellness,checkout_optin,False,MA,2026-04-27
sub_00083,price_sensitive,19,3,115.89,kids,loyalty_signup,False,FL,2026-04-12
sub_00084,price_sensitive,11,3,74.58,beauty,paid_social,False,PA,2026-04-20
sub_00085,vip_loyalist,14,14,961.31,electronics,referral,True,TX,2026-04-17
sub_00086,vip_loyalist,12,27,499.99,home,loyalty_signup,True,GA,2026-04-19
sub_00087,high_intent_browser,4,3,39.45,electronics,referral,False,FL,2026-04-27
sub_00088,price_sensitive,16,4,50.35,beauty,paid_social,False,FL,2026-04-15
sub_00089,high_intent_browser,10,1,24.59,kids,referral,False,IL,2026-04-21
sub_00090,post_purchase,8,4,247.82,electronics,paid_social,False,NY,2026-04-23
sub_00091,price_sensitive,20,6,38.05,electronics,referral,False,NY,2026-04-11
sub_00092,high_intent_browser,8,3,60.34,kids,referral,True,CA,2026-04-23
sub_00093,high_intent_browser,7,1,51.13,apparel,loyalty_signup,False,IL,2026-04-24
sub_00094,vip_loyalist,4,27,1141.34,wellness,checkout_optin,True,MA,2026-04-27
sub_00095,high_intent_browser,5,1,34.19,wellness,loyalty_signup,False,IL,2026-04-26
sub_00096,winback_dormant,46,3,140.5,beauty,popup,False,IL,2026-03-16
sub_00097,high_intent_browser,5,1,69.17,kids,referral,True,FL,2026-04-26
sub_00098,new_subscriber,3,0,50.53,electronics,loyalty_signup,False,FL,2026-04-28
sub_00099,high_intent_browser,5,0,67.62,apparel,checkout_optin,False,FL,2026-04-26
sub_00100,price_sensitive,20,2,74.81,home,popup,False,PA,2026-04-11
sub_00101,new_subscriber,4,0,22.79,kids,popup,False,TX,2026-04-27
sub_00102,winback_dormant,102,9,126.19,kids,popup,False,PA,2026-01-19
sub_00103,post_purchase,6,7,64.04,apparel,checkout_optin,False,TX,2026-04-25
sub_00104,new_subscriber,1,0,24.34,home,loyalty_signup,False,NY,2026-04-30
sub_00105,high_intent_browser,7,0,51.0,apparel,paid_social,False,FL,2026-04-24
sub_00106,price_sensitive,18,2,69.63,kids,referral,False,OH,2026-04-13
sub_00107,post_purchase,6,5,202.4,electronics,popup,False,FL,2026-04-25
sub_00108,post_purchase,8,4,164.56,apparel,loyalty_signup,False,NY,2026-04-23
sub_00109,post_purchase,8,4,187.3,wellness,popup,False,WA,2026-04-23
sub_00110,winback_dormant,77,14,55.72,apparel,popup,False,NY,2026-02-13
sub_00111,price_sensitive,10,7,43.37,electronics,loyalty_signup,False,PA,2026-04-21
sub_00112,high_intent_browser,4,1,48.5,kids,checkout_optin,False,WA,2026-04-27
sub_00113,post_purchase,6,1,169.89,wellness,popup,False,MA,2026-04-25
sub_00114,new_subscriber,3,0,56.69,home,checkout_optin,False,NY,2026-04-28
sub_00115,winback_dormant,105,8,265.9,apparel,referral,False,PA,2026-01-16
sub_00116,high_intent_browser,6,1,44.93,wellness,popup,False,IL,2026-04-25
sub_00117,price_sensitive,14,2,52.19,kids,loyalty_signup,False,FL,2026-04-17
sub_00118,high_intent_browser,5,1,44.45,apparel,referral,False,FL,2026-04-26
sub_00119,vip_loyalist,10,23,1617.37,kids,referral,True,CA,2026-04-21
sub_00120,high_intent_browser,1,1,55.9,apparel,loyalty_signup,False,CA,2026-04-30
sub_00121,high_intent_browser,1,2,31.09,apparel,loyalty_signup,False,TX,2026-04-30
sub_00122,price_sensitive,17,6,79.48,wellness,paid_social,False,CA,2026-04-14
sub_00123,price_sensitive,16,4,82.03,home,popup,False,FL,2026-04-15
sub_00124,post_purchase,9,3,72.45,apparel,checkout_optin,True,PA,2026-04-22
sub_00125,vip_loyalist,16,25,926.08,electronics,paid_social,True,TX,2026-04-15
sub_00126,new_subscriber,3,0,28.96,home,loyalty_signup,False,CA,2026-04-28
sub_00127,price_sensitive,11,2,52.6,electronics,popup,False,WA,2026-04-20
sub_00128,new_subscriber,2,0,52.45,beauty,referral,True,NY,2026-04-29
sub_00129,price_sensitive,15,5,40.74,beauty,checkout_optin,True,OH,2026-04-16
sub_00130,high_intent_browser,5,0,0,kids,paid_social,False,WA,2026-04-26
sub_00131,price_sensitive,10,0,55.18,apparel,referral,False,FL,2026-04-21
sub_00132,price_sensitive,19,3,89.11,wellness,referral,True,GA,2026-04-12
sub_00133,new_subscriber,2,1,19.19,beauty,paid_social,False,FL,2026-04-29
sub_00134,post_purchase,8,6,71.67,electronics,loyalty_signup,True,FL,2026-04-23
sub_00135,winback_dormant,122,9,154.08,wellness,popup,False,WA,2025-12-30
sub_00136,high_intent_browser,2,0,24.56,electronics,loyalty_signup,False,MA,2026-04-29
sub_00137,price_sensitive,13,2,93.46,beauty,popup,True,PA,2026-04-18
sub_00138,price_sensitive,8,4,90.97,electronics,referral,True,TX,2026-04-23
sub_00139,price_sensitive,5,2,108.81,wellness,paid_social,False,CA,2026-04-26
sub_00140,new_subscriber,4,0,38.62,apparel,paid_social,False,TX,2026-04-27
sub_00141,high_intent_browser,2,2,44.78,kids,popup,False,PA,2026-04-29
sub_00142,price_sensitive,22,1,44.71,beauty,popup,False,GA,2026-04-09
sub_00143,new_subscriber,1,1,66.32,home,referral,True,OH,2026-04-30
sub_00144,winback_dormant,44,9,159.54,home,popup,False,MA,2026-03-18
sub_00145,high_intent_browser,4,2,24.73,electronics,checkout_optin,False,IL,2026-04-27
sub_00146,high_intent_browser,2,0,12.38,wellness,paid_social,False,NY,2026-04-29
sub_00147,high_intent_browser,8,0,27.33,kids,loyalty_signup,False,WA,2026-04-23
sub_00148,vip_loyalist,6,33,602.17,kids,popup,True,IL,2026-04-25
sub_00149,post_purchase,8,4,239.93,wellness,loyalty_signup,False,CA,2026-04-23
sub_00150,high_intent_browser,4,2,20.53,apparel,checkout_optin,False,GA,2026-04-27
sub_00151,new_subscriber,3,0,35.18,home,loyalty_signup,True,WA,2026-04-28
sub_00152,vip_loyalist,8,25,1120.86,electronics,checkout_optin,True,TX,2026-04-23
sub_00153,high_intent_browser,6,1,8.99,electronics,popup,True,TX,2026-04-25
sub_00154,post_purchase,8,3,139.05,kids,paid_social,False,GA,2026-04-23
sub_00155,new_subscriber,3,0,49.25,kids,referral,False,CA,2026-04-28
sub_00156,high_intent_browser,2,0,35.47,apparel,popup,False,FL,2026-04-29
sub_00157,high_intent_browser,5,1,57.76,wellness,referral,False,TX,2026-04-26
sub_00158,vip_loyalist,18,26,1531.77,electronics,paid_social,True,CA,2026-04-13
sub_00159,price_sensitive,17,0,92.79,apparel,referral,False,NY,2026-04-14
sub_00160,high_intent_browser,4,0,65.91,home,popup,False,OH,2026-04-27
sub_00161,new_subscriber,1,0,0,home,loyalty_signup,False,FL,2026-04-30
sub_00162,high_intent_browser,3,0,62.76,beauty,checkout_optin,False,WA,2026-04-28
sub_00163,high_intent_browser,2,0,50.27,electronics,paid_social,False,OH,2026-04-29
sub_00164,new_subscriber,3,0,31.39,home,checkout_optin,False,GA,2026-04-28
sub_00165,high_intent_browser,2,1,29.8,apparel,popup,True,TX,2026-04-29
sub_00166,price_sensitive,19,4,113.22,kids,popup,False,CA,2026-04-12
sub_00167,high_intent_browser,5,0,26.05,wellness,popup,False,MA,2026-04-26
sub_00168,high_intent_browser,5,1,68.16,kids,popup,False,IL,2026-04-26
sub_00169,price_sensitive,20,5,107.63,kids,checkout_optin,False,WA,2026-04-11
sub_00170,price_sensitive,23,4,54.52,home,loyalty_signup,False,GA,2026-04-08
sub_00171,vip_loyalist,19,29,375.83,apparel,referral,True,CA,2026-04-12
sub_00172,price_sensitive,18,2,53.65,beauty,popup,False,IL,2026-04-13
sub_00173,high_intent_browser,2,1,35.1,apparel,popup,False,NY,2026-04-29
sub_00174,price_sensitive,19,3,35.0,wellness,loyalty_signup,False,TX,2026-04-12
sub_00175,price_sensitive,18,4,114.16,electronics,checkout_optin,True,NY,2026-04-13
sub_00176,price_sensitive,27,3,87.89,apparel,referral,False,NY,2026-04-04
sub_00177,price_sensitive,21,3,40.13,home,loyalty_signup,False,OH,2026-04-10
sub_00178,vip_loyalist,4,34,898.67,wellness,paid_social,True,GA,2026-04-27
sub_00179,new_subscriber,4,0,47.68,beauty,referral,False,WA,2026-04-27
sub_00180,high_intent_browser,1,1,27.02,electronics,checkout_optin,False,IL,2026-04-30
sub_00181,price_sensitive,16,3,5.08,beauty,checkout_optin,False,WA,2026-04-15
sub_00182,new_subscriber,2,0,48.02,kids,popup,False,NY,2026-04-29
sub_00183,high_intent_browser,4,1,43.06,home,loyalty_signup,False,FL,2026-04-27
sub_00184,high_intent_browser,6,0,49.68,apparel,referral,False,MA,2026-04-25
sub_00185,new_subscriber,2,0,34.92,electronics,popup,True,GA,2026-04-29
sub_00186,new_subscriber,3,0,51.38,wellness,referral,False,GA,2026-04-28
sub_00187,post_purchase,4,3,49.38,electronics,referral,False,NY,2026-04-27
sub_00188,post_purchase,8,7,130.5,electronics,referral,False,GA,2026-04-23
sub_00189,post_purchase,6,2,128.22,beauty,loyalty_signup,False,MA,2026-04-25
sub_00190,post_purchase,9,4,139.62,kids,checkout_optin,False,NY,2026-04-22
sub_00191,post_purchase,10,3,152.72,electronics,paid_social,True,WA,2026-04-21
sub_00192,vip_loyalist,2,33,1010.16,electronics,paid_social,True,NY,2026-04-29
sub_00193,new_subscriber,4,0,18.63,home,loyalty_signup,False,CA,2026-04-27
sub_00194,high_intent_browser,3,1,29.79,home,popup,False,MA,2026-04-28
sub_00195,winback_dormant,61,6,206.91,electronics,referral,False,TX,2026-03-01
sub_00196,winback_dormant,156,11,275.12,kids,checkout_optin,False,TX,2025-11-26
sub_00197,price_sensitive,27,2,19.01,electronics,referral,False,OH,2026-04-04
sub_00198,new_subscriber,3,0,37.65,kids,referral,False,MA,2026-04-28
sub_00199,new_subscriber,2,0,38.66,home,loyalty_signup,False,IL,2026-04-29
sub_00200,price_sensitive,7,4,124.55,beauty,loyalty_signup,False,CA,2026-04-24
sub_00201,high_intent_browser,7,0,28.88,beauty,paid_social,False,GA,2026-04-24
sub_00202,high_intent_browser,9,1,27.6,apparel,paid_social,True,FL,2026-04-22
sub_00203,high_intent_browser,3,0,44.12,beauty,referral,False,TX,2026-04-28
sub_00204,new_subscriber,1,0,66.77,wellness,loyalty_signup,False,FL,2026-04-30
sub_00205,vip_loyalist,17,21,393.92,apparel,paid_social,True,NY,2026-04-14
sub_00206,high_intent_browser,5,1,28.93,electronics,checkout_optin,False,FL,2026-04-26
sub_00207,price_sensitive,18,0,49.07,apparel,checkout_optin,False,PA,2026-04-13
sub_00208,new_subscriber,1,0,16.99,kids,popup,False,WA,2026-04-30
sub_00209,new_subscriber,3,1,39.28,kids,loyalty_signup,False,NY,2026-04-28
sub_00210,vip_loyalist,1,23,1511.12,kids,checkout_optin,True,WA,2026-04-30
sub_00211,high_intent_browser,5,0,21.55,wellness,paid_social,False,FL,2026-04-26
sub_00212,price_sensitive,15,5,90.39,home,referral,False,OH,2026-04-16
sub_00213,winback_dormant,105,11,147.56,beauty,referral,False,WA,2026-01-16
sub_00214,high_intent_browser,4,0,42.38,apparel,referral,False,MA,2026-04-27
sub_00215,vip_loyalist,11,29,960.37,apparel,popup,True,FL,2026-04-20
sub_00216,post_purchase,2,5,216.7,wellness,paid_social,False,TX,2026-04-29
sub_00217,new_subscriber,3,0,12.75,kids,popup,False,PA,2026-04-28
sub_00218,new_subscriber,3,1,47.47,apparel,popup,False,TX,2026-04-28
sub_00219,post_purchase,5,3,119.43,home,checkout_optin,False,WA,2026-04-26
sub_00220,high_intent_browser,2,0,52.6,wellness,popup,False,MA,2026-04-29
sub_00221,vip_loyalist,9,30,623.84,apparel,referral,True,GA,2026-04-22
sub_00222,vip_loyalist,24,12,416.92,apparel,popup,True,PA,2026-04-07
sub_00223,high_intent_browser,5,1,37.52,apparel,popup,False,NY,2026-04-26
sub_00224,winback_dormant,111,7,309.95,home,paid_social,False,TX,2026-01-10
sub_00225,winback_dormant,124,5,356.18,kids,checkout_optin,False,NY,2025-12-28
sub_00226,price_sensitive,10,3,31.93,apparel,popup,True,CA,2026-04-21
sub_00227,post_purchase,2,3,50.45,electronics,loyalty_signup,False,GA,2026-04-29
sub_00228,high_intent_browser,6,0,50.58,wellness,referral,False,TX,2026-04-25
sub_00229,high_intent_browser,5,1,19.1,kids,checkout_optin,False,MA,2026-04-26
sub_00230,price_sensitive,19,2,57.5,home,loyalty_signup,False,GA,2026-04-12
sub_00231,winback_dormant,158,7,22.63,home,paid_social,False,CA,2025-11-24
sub_00232,post_purchase,5,3,8.0,electronics,referral,False,GA,2026-04-26
sub_00233,new_subscriber,4,0,54.08,kids,popup,False,IL,2026-04-27
sub_00234,price_sensitive,6,2,72.26,beauty,paid_social,True,OH,2026-04-25
sub_00235,new_subscriber,2,0,26.67,apparel,paid_social,False,MA,2026-04-29
sub_00236,high_intent_browser,5,0,37.4,kids,referral,False,FL,2026-04-26
sub_00237,winback_dormant,146,8,212.2,electronics,referral,False,OH,2025-12-06
sub_00238,post_purchase,8,3,9.05,wellness,loyalty_signup,False,GA,2026-04-23
sub_00239,high_intent_browser,2,1,42.49,kids,loyalty_signup,False,GA,2026-04-29
sub_00240,price_sensitive,20,0,66.71,electronics,loyalty_signup,False,WA,2026-04-11
sub_00241,new_subscriber,5,0,25.08,wellness,popup,False,OH,2026-04-26
sub_00242,new_subscriber,3,0,50.55,wellness,paid_social,False,IL,2026-04-28
sub_00243,price_sensitive,11,6,46.69,wellness,checkout_optin,False,CA,2026-04-20
sub_00244,price_sensitive,25,3,73.52,home,referral,False,NY,2026-04-06
sub_00245,post_purchase,8,2,18.22,kids,popup,False,GA,2026-04-23
sub_00246,high_intent_browser,8,2,23.89,beauty,loyalty_signup,False,FL,2026-04-23
sub_00247,high_intent_browser,4,3,20.08,apparel,paid_social,False,CA,2026-04-27
sub_00248,high_intent_browser,1,0,36.47,apparel,checkout_optin,False,CA,2026-04-30
sub_00249,winback_dormant,51,7,136.93,wellness,referral,False,NY,2026-03-11
sub_00250,price_sensitive,13,5,42.55,electronics,checkout_optin,False,CA,2026-04-18
sub_00251,price_sensitive,22,6,34.62,beauty,checkout_optin,True,GA,2026-04-09
sub_00252,post_purchase,9,4,110.1,electronics,popup,False,PA,2026-04-22
sub_00253,winback_dormant,100,7,292.09,apparel,loyalty_signup,True,FL,2026-01-21
sub_00254,new_subscriber,3,0,49.45,beauty,loyalty_signup,False,FL,2026-04-28
sub_00255,high_intent_browser,3,0,68.18,home,checkout_optin,False,NY,2026-04-28
sub_00256,price_sensitive,20,3,76.02,kids,checkout_optin,False,IL,2026-04-11
sub_00257,high_intent_browser,4,1,0,electronics,loyalty_signup,False,FL,2026-04-27
sub_00258,high_intent_browser,3,3,61.36,home,checkout_optin,False,CA,2026-04-28
sub_00259,price_sensitive,22,2,63.1,electronics,popup,False,OH,2026-04-09
sub_00260,price_sensitive,16,4,43.0,beauty,checkout_optin,False,OH,2026-04-15
sub_00261,new_subscriber,3,0,23.75,apparel,popup,False,PA,2026-04-28
sub_00262,new_subscriber,3,0,23.12,beauty,paid_social,False,CA,2026-04-28
sub_00263,high_intent_browser,2,0,17.18,kids,popup,False,WA,2026-04-29
sub_00264,price_sensitive,25,1,59.27,electronics,checkout_optin,False,IL,2026-04-06
sub_00265,high_intent_browser,5,0,15.29,apparel,checkout_optin,False,GA,2026-04-26
sub_00266,vip_loyalist,17,22,367.69,apparel,loyalty_signup,True,FL,2026-04-14
sub_00267,post_purchase,9,6,93.92,kids,referral,False,CA,2026-04-22
sub_00268,price_sensitive,27,5,58.01,wellness,checkout_optin,True,NY,2026-04-04
sub_00269,high_intent_browser,5,1,42.42,home,paid_social,False,CA,2026-04-26
sub_00270,high_intent_browser,7,0,32.61,kids,paid_social,False,FL,2026-04-24
sub_00271,new_subscriber,5,1,56.27,kids,checkout_optin,True,NY,2026-04-26
sub_00272,price_sensitive,7,2,77.75,beauty,paid_social,False,FL,2026-04-24
sub_00273,high_intent_browser,5,0,22.19,beauty,popup,False,MA,2026-04-26
sub_00274,new_subscriber,1,0,80.26,apparel,loyalty_signup,False,FL,2026-04-30
sub_00275,post_purchase,9,4,8.44,wellness,loyalty_signup,False,OH,2026-04-22
sub_00276,high_intent_browser,0,0,47.14,electronics,popup,False,OH,2026-05-01
sub_00277,high_intent_browser,4,0,45.46,kids,popup,False,MA,2026-04-27
sub_00278,winback_dormant,109,0,85.9,apparel,popup,False,GA,2026-01-12
sub_00279,high_intent_browser,2,0,22.4,wellness,popup,False,IL,2026-04-29
sub_00280,high_intent_browser,6,1,43.31,home,checkout_optin,True,GA,2026-04-25
sub_00281,winback_dormant,99,15,107.31,apparel,referral,False,TX,2026-01-22
sub_00282,price_sensitive,3,3,101.79,home,checkout_optin,False,OH,2026-04-28
sub_00283,price_sensitive,13,1,79.23,beauty,referral,False,WA,2026-04-18
sub_00284,price_sensitive,8,3,37.51,beauty,loyalty_signup,False,OH,2026-04-23
sub_00285,vip_loyalist,12,30,768.93,home,checkout_optin,True,FL,2026-04-19
sub_00286,price_sensitive,15,5,81.37,apparel,popup,False,NY,2026-04-16
sub_00287,new_subscriber,2,0,55.92,wellness,referral,False,WA,2026-04-29
sub_00288,new_subscriber,3,0,62.74,beauty,referral,False,WA,2026-04-28
sub_00289,high_intent_browser,4,1,57.98,home,paid_social,True,PA,2026-04-27
sub_00290,high_intent_browser,3,0,29.8,apparel,popup,False,OH,2026-04-28
sub_00291,vip_loyalist,7,0,864.5,wellness,checkout_optin,True,MA,2026-04-24
sub_00292,post_purchase,7,7,244.81,kids,referral,False,WA,2026-04-24
sub_00293,price_sensitive,27,2,91.24,electronics,loyalty_signup,True,PA,2026-04-04
sub_00294,price_sensitive,15,5,76.35,electronics,paid_social,False,WA,2026-04-16
sub_00295,price_sensitive,10,5,13.35,home,checkout_optin,False,CA,2026-04-21
sub_00296,high_intent_browser,4,3,28.32,home,paid_social,False,MA,2026-04-27
sub_00297,vip_loyalist,17,8,780.04,electronics,referral,True,WA,2026-04-14
sub_00298,high_intent_browser,4,0,41.57,beauty,popup,False,OH,2026-04-27
sub_00299,price_sensitive,18,2,49.04,beauty,referral,False,PA,2026-04-13
sub_00300,new_subscriber,4,0,24.6,apparel,checkout_optin,False,WA,2026-04-27
sub_00301,winback_dormant,36,10,102.89,apparel,loyalty_signup,False,OH,2026-03-26
sub_00302,post_purchase,6,5,119.2,wellness,checkout_optin,False,CA,2026-04-25
sub_00303,new_subscriber,4,0,25.14,kids,popup,False,CA,2026-04-27
sub_00304,post_purchase,6,7,199.63,apparel,paid_social,True,CA,2026-04-25
sub_00305,high_intent_browser,5,0,35.3,home,paid_social,False,TX,2026-04-26
sub_00306,vip_loyalist,9,24,1246.66,apparel,popup,True,NY,2026-04-22
sub_00307,high_intent_browser,7,2,28.46,electronics,paid_social,False,CA,2026-04-24
sub_00308,new_subscriber,2,0,42.98,home,checkout_optin,True,NY,2026-04-29
sub_00309,post_purchase,9,5,131.85,beauty,referral,False,CA,2026-04-22
sub_00310,high_intent_browser,7,0,53.23,wellness,checkout_optin,False,CA,2026-04-24
sub_00311,high_intent_browser,4,0,29.38,apparel,referral,False,GA,2026-04-27
sub_00312,high_intent_browser,9,0,58.99,kids,paid_social,False,IL,2026-04-22
sub_00313,price_sensitive,22,3,58.28,beauty,popup,False,WA,2026-04-09
sub_00314,price_sensitive,32,4,40.49,home,paid_social,False,WA,2026-03-30
sub_00315,price_sensitive,22,4,71.66,home,paid_social,False,FL,2026-04-09
sub_00316,price_sensitive,13,5,63.66,beauty,checkout_optin,False,NY,2026-04-18
sub_00317,high_intent_browser,5,0,26.43,wellness,referral,False,FL,2026-04-26
sub_00318,high_intent_browser,3,2,3.43,beauty,loyalty_signup,False,OH,2026-04-28
sub_00319,high_intent_browser,8,1,14.61,kids,loyalty_signup,False,PA,2026-04-23
sub_00320,vip_loyalist,9,26,621.52,apparel,paid_social,True,NY,2026-04-22
sub_00321,vip_loyalist,9,20,1574.53,electronics,popup,True,GA,2026-04-22
sub_00322,high_intent_browser,8,1,24.68,beauty,loyalty_signup,False,NY,2026-04-23
sub_00323,high_intent_browser,1,2,18.69,home,checkout_optin,True,IL,2026-04-30
sub_00324,high_intent_browser,4,2,21.78,electronics,checkout_optin,False,TX,2026-04-27
sub_00325,high_intent_browser,6,0,11.65,home,referral,True,PA,2026-04-25
sub_00326,high_intent_browser,6,0,27.36,apparel,loyalty_signup,False,FL,2026-04-25
sub_00327,new_subscriber,2,0,36.26,beauty,referral,False,IL,2026-04-29
sub_00328,high_intent_browser,4,0,6.35,wellness,checkout_optin,False,OH,2026-04-27
sub_00329,high_intent_browser,1,0,45.56,home,popup,True,IL,2026-04-30
sub_00330,post_purchase,11,3,77.02,kids,popup,True,WA,2026-04-20
sub_00331,high_intent_browser,0,2,20.1,apparel,referral,False,MA,2026-05-01
sub_00332,winback_dormant,74,7,119.57,electronics,referral,False,OH,2026-02-16
sub_00333,new_subscriber,2,0,13.43,electronics,paid_social,True,FL,2026-04-29
sub_00334,price_sensitive,1,3,103.28,apparel,paid_social,False,OH,2026-04-30
sub_00335,high_intent_browser,7,1,22.4,home,checkout_optin,False,TX,2026-04-24
sub_00336,price_sensitive,13,4,58.46,kids,referral,False,FL,2026-04-18
sub_00337,new_subscriber,3,1,35.99,beauty,loyalty_signup,False,TX,2026-04-28
sub_00338,post_purchase,10,7,75.5,wellness,referral,False,TX,2026-04-21
sub_00339,new_subscriber,4,1,75.27,electronics,checkout_optin,True,IL,2026-04-27
sub_00340,high_intent_browser,4,1,46.82,apparel,loyalty_signup,False,NY,2026-04-27
sub_00341,high_intent_browser,3,0,42.68,home,checkout_optin,False,CA,2026-04-28
sub_00342,high_intent_browser,8,0,59.03,kids,paid_social,False,PA,2026-04-23
sub_00343,winback_dormant,125,2,234.09,home,popup,False,NY,2025-12-27
sub_00344,new_subscriber,1,0,27.35,beauty,popup,True,CA,2026-04-30
sub_00345,high_intent_browser,3,0,40.99,home,checkout_optin,False,OH,2026-04-28
sub_00346,post_purchase,9,4,168.46,kids,paid_social,False,TX,2026-04-22
sub_00347,new_subscriber,0,0,44.94,beauty,paid_social,False,IL,2026-05-01
sub_00348,high_intent_browser,7,1,12.56,kids,referral,False,FL,2026-04-24
sub_00349,price_sensitive,8,3,65.06,home,paid_social,False,NY,2026-04-23
sub_00350,high_intent_browser,5,1,23.42,apparel,referral,False,FL,2026-04-26
sub_00351,new_subscriber,2,1,35.59,wellness,referral,True,NY,2026-04-29
sub_00352,new_subscriber,1,0,25.06,kids,checkout_optin,False,TX,2026-04-30
sub_00353,price_sensitive,24,6,66.55,kids,loyalty_signup,False,PA,2026-04-07
sub_00354,high_intent_browser,4,1,72.67,beauty,referral,False,GA,2026-04-27
sub_00355,high_intent_browser,4,1,8.92,home,paid_social,False,GA,2026-04-27
sub_00356,vip_loyalist,17,19,634.52,home,paid_social,True,CA,2026-04-14
sub_00357,post_purchase,5,5,253.14,kids,popup,True,GA,2026-04-26
sub_00358,price_sensitive,11,3,23.82,electronics,loyalty_signup,True,TX,2026-04-20
sub_00359,winback_dormant,85,10,395.13,beauty,loyalty_signup,False,FL,2026-02-05
sub_00360,vip_loyalist,11,32,562.74,wellness,popup,True,OH,2026-04-20
sub_00361,post_purchase,7,1,84.24,kids,popup,False,TX,2026-04-24
sub_00362,post_purchase,3,4,141.5,kids,paid_social,True,MA,2026-04-28
sub_00363,vip_loyalist,9,27,794.57,electronics,popup,True,TX,2026-04-22
sub_00364,price_sensitive,12,2,74.08,kids,paid_social,False,PA,2026-04-19
sub_00365,price_sensitive,18,3,31.97,apparel,paid_social,False,FL,2026-04-13
sub_00366,vip_loyalist,20,13,1196.39,home,popup,True,IL,2026-04-11
sub_00367,high_intent_browser,7,0,55.48,home,referral,True,GA,2026-04-24
sub_00368,price_sensitive,14,5,58.17,kids,checkout_optin,False,FL,2026-04-17
sub_00369,new_subscriber,2,2,41.99,electronics,popup,False,PA,2026-04-29
sub_00370,high_intent_browser,5,0,21.35,kids,referral,False,GA,2026-04-26
sub_00371,post_purchase,7,2,114.4,home,referral,True,WA,2026-04-24
sub_00372,winback_dormant,51,9,425.45,apparel,checkout_optin,False,GA,2026-03-11
sub_00373,price_sensitive,20,3,67.89,electronics,referral,False,GA,2026-04-11
sub_00374,vip_loyalist,8,30,765.47,wellness,popup,True,FL,2026-04-23
sub_00375,high_intent_browser,5,0,50.07,wellness,referral,False,WA,2026-04-26
sub_00376,price_sensitive,13,5,68.6,wellness,popup,False,TX,2026-04-18
sub_00377,high_intent_browser,6,0,55.38,home,loyalty_signup,False,OH,2026-04-25
sub_00378,vip_loyalist,16,32,1639.74,apparel,checkout_optin,True,MA,2026-04-15
sub_00379,new_subscriber,1,0,22.56,home,checkout_optin,False,TX,2026-04-30
sub_00380,new_subscriber,2,1,33.63,kids,checkout_optin,False,OH,2026-04-29
sub_00381,new_subscriber,1,0,58.56,kids,loyalty_signup,False,PA,2026-04-30
sub_00382,vip_loyalist,18,12,1092.96,beauty,popup,True,PA,2026-04-13
sub_00383,price_sensitive,17,1,98.97,beauty,paid_social,True,IL,2026-04-14
sub_00384,new_subscriber,2,1,10.36,apparel,checkout_optin,False,NY,2026-04-29
sub_00385,vip_loyalist,1,19,1224.12,electronics,loyalty_signup,True,MA,2026-04-30
sub_00386,new_subscriber,5,0,30.42,home,paid_social,True,TX,2026-04-26
sub_00387,new_subscriber,3,0,38.51,apparel,referral,False,GA,2026-04-28
sub_00388,price_sensitive,14,3,65.58,beauty,paid_social,True,NY,2026-04-17
sub_00389,post_purchase,9,6,94.93,beauty,popup,False,OH,2026-04-22
sub_00390,new_subscriber,4,0,50.18,kids,popup,False,MA,2026-04-27
sub_00391,new_subscriber,3,0,24.7,electronics,popup,True,GA,2026-04-28
sub_00392,price_sensitive,8,4,63.4,apparel,popup,False,GA,2026-04-23
sub_00393,new_subscriber,4,0,51.7,kids,loyalty_signup,False,CA,2026-04-27
sub_00394,high_intent_browser,7,2,62.12,electronics,loyalty_signup,False,GA,2026-04-24
sub_00395,post_purchase,11,8,302.31,wellness,loyalty_signup,False,GA,2026-04-20
sub_00396,high_intent_browser,4,0,37.45,wellness,referral,False,WA,2026-04-27
sub_00397,vip_loyalist,7,26,768.04,apparel,paid_social,True,PA,2026-04-24
sub_00398,high_intent_browser,6,0,49.41,electronics,popup,False,GA,2026-04-25
sub_00399,high_intent_browser,7,2,42.63,wellness,checkout_optin,False,GA,2026-04-24
sub_00400,price_sensitive,20,4,59.36,beauty,paid_social,True,FL,2026-04-11
sub_00401,price_sensitive,1,4,47.65,home,referral,False,WA,2026-04-30
sub_00402,post_purchase,12,5,266.32,electronics,loyalty_signup,True,GA,2026-04-19
sub_00403,price_sensitive,19,5,47.6,kids,checkout_optin,True,CA,2026-04-12
sub_00404,high_intent_browser,3,1,43.56,kids,loyalty_signup,False,PA,2026-04-28
sub_00405,high_intent_browser,8,0,30.68,home,checkout_optin,False,IL,2026-04-23
sub_00406,high_intent_browser,9,1,35.03,wellness,paid_social,False,FL,2026-04-22
sub_00407,vip_loyalist,16,26,654.19,kids,loyalty_signup,True,CA,2026-04-15
sub_00408,new_subscriber,3,0,72.27,home,popup,False,TX,2026-04-28
sub_00409,winback_dormant,1,16,234.34,beauty,paid_social,False,NY,2026-04-30
sub_00410,new_subscriber,1,0,13.47,kids,referral,False,CA,2026-04-30
sub_00411,vip_loyalist,15,25,1419.5,apparel,popup,True,TX,2026-04-16
sub_00412,vip_loyalist,12,31,917.44,home,popup,True,NY,2026-04-19
sub_00413,high_intent_browser,5,0,35.75,electronics,popup,False,OH,2026-04-26
sub_00414,high_intent_browser,4,0,47.44,electronics,popup,False,FL,2026-04-27
sub_00415,post_purchase,9,6,131.3,apparel,loyalty_signup,False,CA,2026-04-22
sub_00416,high_intent_browser,5,1,17.1,wellness,loyalty_signup,False,WA,2026-04-26
sub_00417,new_subscriber,2,0,17.01,wellness,loyalty_signup,False,IL,2026-04-29
sub_00418,price_sensitive,14,5,96.69,electronics,referral,False,CA,2026-04-17
sub_00419,high_intent_browser,4,0,34.65,kids,paid_social,False,FL,2026-04-27
sub_00420,post_purchase,7,4,126.71,kids,popup,False,OH,2026-04-24
sub_00421,price_sensitive,16,2,32.4,home,referral,False,CA,2026-04-15
sub_00422,price_sensitive,13,2,42.6,electronics,checkout_optin,False,MA,2026-04-18
sub_00423,price_sensitive,25,8,99.79,home,paid_social,False,WA,2026-04-06
sub_00424,high_intent_browser,5,0,61.46,home,referral,False,WA,2026-04-26
sub_00425,vip_loyalist,8,15,893.99,beauty,popup,True,OH,2026-04-23
sub_00426,price_sensitive,19,4,32.65,beauty,referral,False,CA,2026-04-12
sub_00427,price_sensitive,26,1,114.53,electronics,popup,False,IL,2026-04-05
sub_00428,price_sensitive,10,5,37.7,kids,popup,False,IL,2026-04-21
sub_00429,winback_dormant,90,7,106.94,electronics,checkout_optin,False,TX,2026-01-31
sub_00430,high_intent_browser,6,1,21.94,wellness,loyalty_signup,False,IL,2026-04-25
sub_00431,high_intent_browser,2,1,56.68,apparel,paid_social,False,OH,2026-04-29
sub_00432,high_intent_browser,4,1,38.86,kids,referral,False,FL,2026-04-27
sub_00433,high_intent_browser,4,1,31.25,home,popup,False,MA,2026-04-27
sub_00434,price_sensitive,16,2,25.67,home,loyalty_signup,False,GA,2026-04-15
sub_00435,high_intent_browser,6,0,2.28,kids,paid_social,False,FL,2026-04-25
sub_00436,price_sensitive,28,5,36.16,electronics,popup,True,GA,2026-04-03
sub_00437,price_sensitive,24,1,79.64,electronics,referral,False,NY,2026-04-07
sub_00438,price_sensitive,9,4,86.89,kids,checkout_optin,False,CA,2026-04-22
sub_00439,winback_dormant,44,8,314.74,electronics,referral,True,FL,2026-03-18
sub_00440,post_purchase,7,4,4.11,beauty,paid_social,False,FL,2026-04-24
sub_00441,new_subscriber,3,0,35.63,kids,referral,False,TX,2026-04-28
sub_00442,winback_dormant,126,2,280.57,wellness,popup,False,OH,2025-12-26
sub_00443,high_intent_browser,6,0,50.12,home,loyalty_signup,False,OH,2026-04-25
sub_00444,post_purchase,6,3,140.64,electronics,paid_social,False,FL,2026-04-25
sub_00445,high_intent_browser,6,1,59.53,electronics,referral,False,TX,2026-04-25
sub_00446,price_sensitive,19,2,101.22,apparel,loyalty_signup,True,NY,2026-04-12
sub_00447,price_sensitive,13,2,53.6,home,checkout_optin,False,IL,2026-04-18
sub_00448,high_intent_browser,6,3,21.29,kids,referral,False,FL,2026-04-25
sub_00449,high_intent_browser,3,0,45.11,apparel,checkout_optin,False,NY,2026-04-28
sub_00450,post_purchase,7,5,119.46,beauty,referral,False,IL,2026-04-24
sub_00451,post_purchase,2,3,131.15,kids,checkout_optin,False,PA,2026-04-29
sub_00452,high_intent_browser,6,0,12.93,home,referral,False,TX,2026-04-25
sub_00453,post_purchase,10,5,122.76,beauty,referral,False,FL,2026-04-21
sub_00454,post_purchase,9,2,128.47,home,loyalty_signup,False,FL,2026-04-22
sub_00455,high_intent_browser,3,1,0,electronics,popup,False,TX,2026-04-28
sub_00456,new_subscriber,3,1,51.27,kids,checkout_optin,False,MA,2026-04-28
sub_00457,high_intent_browser,6,1,27.13,beauty,paid_social,False,IL,2026-04-25
sub_00458,price_sensitive,30,4,120.16,beauty,referral,False,IL,2026-04-01
sub_00459,vip_loyalist,5,18,803.72,beauty,referral,True,IL,2026-04-26
sub_00460,new_subscriber,3,0,22.0,wellness,paid_social,True,CA,2026-04-28
sub_00461,price_sensitive,15,6,48.74,apparel,checkout_optin,False,PA,2026-04-16
sub_00462,price_sensitive,14,5,112.39,apparel,paid_social,False,OH,2026-04-17
sub_00463,high_intent_browser,7,1,49.85,apparel,popup,True,GA,2026-04-24
sub_00464,high_intent_browser,4,0,20.59,home,checkout_optin,False,NY,2026-04-27
sub_00465,price_sensitive,14,5,9.72,electronics,loyalty_signup,True,NY,2026-04-17
sub_00466,high_intent_browser,5,1,32.2,home,referral,False,GA,2026-04-26
sub_00467,vip_loyalist,17,13,832.69,beauty,loyalty_signup,True,MA,2026-04-14
sub_00468,vip_loyalist,22,20,772.91,beauty,popup,True,CA,2026-04-09
sub_00469,high_intent_browser,2,2,45.25,kids,paid_social,False,FL,2026-04-29
sub_00470,high_intent_browser,6,2,53.38,wellness,paid_social,True,GA,2026-04-25
sub_00471,post_purchase,7,7,186.5,beauty,checkout_optin,False,OH,2026-04-24
sub_00472,new_subscriber,3,0,0,apparel,checkout_optin,False,TX,2026-04-28
sub_00473,post_purchase,2,3,246.91,electronics,paid_social,False,CA,2026-04-29
sub_00474,price_sensitive,29,2,121.13,beauty,paid_social,False,TX,2026-04-02
sub_00475,post_purchase,9,5,93.13,beauty,loyalty_signup,False,NY,2026-04-22
sub_00476,winback_dormant,106,5,28.82,apparel,paid_social,False,FL,2026-01-15
sub_00477,post_purchase,8,6,160.77,electronics,popup,False,WA,2026-04-23
sub_00478,vip_loyalist,13,12,918.81,home,loyalty_signup,True,CA,2026-04-18
sub_00479,new_subscriber,1,0,7.63,wellness,checkout_optin,False,OH,2026-04-30
sub_00480,price_sensitive,26,3,80.21,home,checkout_optin,False,GA,2026-04-05
sub_00481,price_sensitive,16,4,102.73,kids,popup,False,MA,2026-04-15
sub_00482,post_purchase,4,0,172.76,apparel,checkout_optin,False,WA,2026-04-27
sub_00483,new_subscriber,1,0,24.54,home,popup,False,GA,2026-04-30
sub_00484,high_intent_browser,7,2,14.2,electronics,checkout_optin,False,FL,2026-04-24
sub_00485,high_intent_browser,6,0,47.12,apparel,loyalty_signup,False,IL,2026-04-25
sub_00486,high_intent_browser,6,0,22.35,beauty,popup,False,TX,2026-04-25
sub_00487,price_sensitive,16,3,81.14,beauty,checkout_optin,False,GA,2026-04-15
sub_00488,post_purchase,10,4,80.31,wellness,checkout_optin,False,TX,2026-04-21
sub_00489,price_sensitive,31,7,68.62,apparel,checkout_optin,False,IL,2026-03-31
sub_00490,new_subscriber,1,0,32.17,kids,referral,True,IL,2026-04-30
sub_00491,new_subscriber,1,1,46.24,electronics,loyalty_signup,False,WA,2026-04-30
sub_00492,price_sensitive,15,1,119.65,apparel,referral,False,CA,2026-04-16
sub_00493,high_intent_browser,3,1,12.13,wellness,referral,False,OH,2026-04-28
sub_00494,post_purchase,7,1,200.58,beauty,popup,False,IL,2026-04-24
sub_00495,high_intent_browser,5,0,23.0,apparel,referral,False,GA,2026-04-26
sub_00496,new_subscriber,2,1,29.39,electronics,paid_social,False,NY,2026-04-29
sub_00497,post_purchase,11,4,78.67,kids,loyalty_signup,False,IL,2026-04-20
sub_00498,price_sensitive,22,2,103.24,beauty,checkout_optin,False,CA,2026-04-09
sub_00499,high_intent_browser,5,0,24.32,home,popup,False,MA,2026-04-26
sub_00500,new_subscriber,1,1,29.84,electronics,checkout_optin,False,PA,2026-04-30
sub_00501,price_sensitive,33,3,37.0,home,referral,False,PA,2026-03-29
sub_00502,high_intent_browser,6,3,3.28,kids,checkout_optin,False,WA,2026-04-25
sub_00503,high_intent_browser,6,0,56.32,kids,paid_social,False,MA,2026-04-25
sub_00504,new_subscriber,2,0,53.66,home,popup,False,CA,2026-04-29
sub_00505,high_intent_browser,3,1,14.95,home,paid_social,False,IL,2026-04-28
sub_00506,winback_dormant,153,4,342.88,electronics,popup,False,TX,2025-11-29
sub_00507,new_subscriber,3,1,29.94,kids,popup,False,MA,2026-04-28
sub_00508,post_purchase,9,1,73.35,home,loyalty_signup,False,TX,2026-04-22
sub_00509,vip_loyalist,15,9,766.04,home,checkout_optin,True,FL,2026-04-16
sub_00510,price_sensitive,24,4,1.48,kids,checkout_optin,False,MA,2026-04-07
sub_00511,high_intent_browser,4,0,4.58,kids,checkout_optin,False,FL,2026-04-27
sub_00512,vip_loyalist,20,10,815.38,kids,referral,True,IL,2026-04-11
sub_00513,high_intent_browser,1,0,8.83,wellness,loyalty_signup,False,GA,2026-04-30
sub_00514,new_subscriber,1,0,47.39,home,paid_social,False,NY,2026-04-30
sub_00515,price_sensitive,14,3,53.05,home,checkout_optin,True,TX,2026-04-17
sub_00516,price_sensitive,0,3,28.11,apparel,popup,False,PA,2026-05-01
sub_00517,high_intent_browser,3,1,59.34,home,loyalty_signup,False,FL,2026-04-28
sub_00518,high_intent_browser,5,0,51.95,wellness,popup,False,TX,2026-04-26
sub_00519,high_intent_browser,1,0,34.46,apparel,loyalty_signup,False,GA,2026-04-30
sub_00520,high_intent_browser,1,2,13.18,apparel,loyalty_signup,False,WA,2026-04-30
sub_00521,new_subscriber,3,0,60.07,wellness,checkout_optin,False,GA,2026-04-28
sub_00522,price_sensitive,15,4,43.29,beauty,popup,False,OH,2026-04-16
sub_00523,high_intent_browser,5,1,4.53,kids,checkout_optin,False,FL,2026-04-26
sub_00524,vip_loyalist,8,0,834.74,kids,paid_social,True,CA,2026-04-23
sub_00525,high_intent_browser,0,1,37.72,kids,paid_social,False,WA,2026-05-01
sub_00526,new_subscriber,2,0,29.96,kids,checkout_optin,False,MA,2026-04-29
sub_00527,post_purchase,9,5,67.34,apparel,loyalty_signup,True,TX,2026-04-22
sub_00528,price_sensitive,24,2,90.6,home,referral,False,TX,2026-04-07
sub_00529,post_purchase,9,3,130.58,electronics,checkout_optin,False,CA,2026-04-22
sub_00530,winback_dormant,105,11,272.83,kids,referral,False,MA,2026-01-16
sub_00531,high_intent_browser,2,1,35.98,wellness,paid_social,False,CA,2026-04-29
sub_00532,post_purchase,9,4,148.97,wellness,paid_social,False,WA,2026-04-22
sub_00533,price_sensitive,13,2,51.77,kids,checkout_optin,True,FL,2026-04-18
sub_00534,post_purchase,6,5,109.45,beauty,referral,False,GA,2026-04-25
sub_00535,winback_dormant,84,5,0,apparel,paid_social,False,CA,2026-02-06
sub_00536,post_purchase,10,7,277.24,kids,referral,False,PA,2026-04-21
sub_00537,new_subscriber,0,0,48.91,electronics,popup,False,FL,2026-05-01
sub_00538,high_intent_browser,1,0,39.63,kids,popup,False,FL,2026-04-30
sub_00539,post_purchase,13,5,145.24,beauty,checkout_optin,False,CA,2026-04-18
sub_00540,winback_dormant,40,2,214.84,apparel,referral,False,NY,2026-03-22
sub_00541,new_subscriber,3,0,29.69,beauty,paid_social,False,OH,2026-04-28
sub_00542,price_sensitive,0,3,15.85,apparel,popup,False,NY,2026-05-01
sub_00543,vip_loyalist,18,13,459.48,wellness,popup,True,CA,2026-04-13
sub_00544,new_subscriber,2,0,24.29,beauty,popup,False,OH,2026-04-29
sub_00545,post_purchase,4,4,149.32,kids,checkout_optin,False,NY,2026-04-27
sub_00546,new_subscriber,4,0,31.7,beauty,popup,True,IL,2026-04-27
sub_00547,price_sensitive,15,4,46.67,wellness,paid_social,False,FL,2026-04-16
sub_00548,high_intent_browser,5,1,26.63,wellness,referral,False,MA,2026-04-26
sub_00549,winback_dormant,46,6,185.84,kids,popup,False,CA,2026-03-16
sub_00550,new_subscriber,4,0,45.92,apparel,checkout_optin,False,IL,2026-04-27
sub_00551,price_sensitive,11,3,41.12,home,loyalty_signup,True,MA,2026-04-20
sub_00552,high_intent_browser,0,1,11.97,wellness,loyalty_signup,False,FL,2026-05-01
sub_00553,high_intent_browser,1,0,31.24,wellness,loyalty_signup,False,WA,2026-04-30
sub_00554,high_intent_browser,5,0,31.09,beauty,popup,True,WA,2026-04-26
sub_00555,price_sensitive,20,3,75.12,apparel,referral,False,OH,2026-04-11
sub_00556,high_intent_browser,4,0,70.16,wellness,popup,False,FL,2026-04-27
sub_00557,price_sensitive,9,4,62.02,home,referral,False,TX,2026-04-22
sub_00558,new_subscriber,2,0,48.56,electronics,checkout_optin,False,CA,2026-04-29
sub_00559,high_intent_browser,4,1,16.34,wellness,paid_social,True,NY,2026-04-27
sub_00560,vip_loyalist,10,14,995.58,apparel,popup,True,WA,2026-04-21
sub_00561,high_intent_browser,5,0,25.13,kids,paid_social,False,IL,2026-04-26
sub_00562,winback_dormant,17,11,216.58,kids,checkout_optin,False,NY,2026-04-14
sub_00563,post_purchase,11,3,155.13,beauty,popup,False,FL,2026-04-20
sub_00564,high_intent_browser,5,1,22.45,beauty,popup,False,TX,2026-04-26
sub_00565,post_purchase,11,4,88.55,home,checkout_optin,True,PA,2026-04-20
sub_00566,high_intent_browser,6,0,21.9,beauty,popup,True,CA,2026-04-25
sub_00567,high_intent_browser,2,3,17.7,home,loyalty_signup,False,TX,2026-04-29
sub_00568,high_intent_browser,5,0,20.79,apparel,checkout_optin,False,TX,2026-04-26
sub_00569,price_sensitive,24,2,102.65,beauty,checkout_optin,False,MA,2026-04-07
sub_00570,post_purchase,8,9,139.3,apparel,referral,False,FL,2026-04-23
sub_00571,price_sensitive,18,2,71.44,apparel,referral,False,PA,2026-04-13
sub_00572,high_intent_browser,6,1,40.84,electronics,popup,True,NY,2026-04-25
sub_00573,high_intent_browser,6,0,39.46,home,paid_social,True,OH,2026-04-25
sub_00574,high_intent_browser,4,0,65.74,electronics,popup,True,MA,2026-04-27
sub_00575,vip_loyalist,3,22,1109.45,home,checkout_optin,True,NY,2026-04-28
sub_00576,high_intent_browser,4,3,7.48,apparel,referral,False,NY,2026-04-27
sub_00577,high_intent_browser,5,0,20.85,apparel,referral,False,TX,2026-04-26
sub_00578,vip_loyalist,5,10,1349.82,kids,popup,True,OH,2026-04-26
sub_00579,new_subscriber,2,0,9.4,beauty,loyalty_signup,True,WA,2026-04-29
sub_00580,new_subscriber,3,0,44.08,beauty,popup,False,NY,2026-04-28
sub_00581,price_sensitive,15,4,43.46,beauty,checkout_optin,False,WA,2026-04-16
sub_00582,vip_loyalist,16,18,820.83,electronics,checkout_optin,True,NY,2026-04-15
sub_00583,price_sensitive,16,0,59.21,electronics,checkout_optin,False,FL,2026-04-15
sub_00584,high_intent_browser,3,1,37.98,home,popup,False,WA,2026-04-28
sub_00585,price_sensitive,12,3,24.25,beauty,checkout_optin,False,CA,2026-04-19
sub_00586,high_intent_browser,6,0,13.22,electronics,checkout_optin,False,OH,2026-04-25
sub_00587,high_intent_browser,5,1,32.54,beauty,paid_social,True,WA,2026-04-26
sub_00588,post_purchase,10,5,186.03,electronics,referral,False,GA,2026-04-21
sub_00589,new_subscriber,4,1,1.22,home,referral,True,MA,2026-04-27
sub_00590,post_purchase,8,5,125.75,beauty,checkout_optin,False,OH,2026-04-23
sub_00591,price_sensitive,23,3,110.57,kids,paid_social,False,PA,2026-04-08
sub_00592,high_intent_browser,3,0,46.81,wellness,checkout_optin,False,GA,2026-04-28
sub_00593,post_purchase,1,3,121.06,kids,loyalty_signup,False,MA,2026-04-30
sub_00594,price_sensitive,7,3,112.86,wellness,referral,False,WA,2026-04-24
sub_00595,post_purchase,10,7,144.8,kids,checkout_optin,False,WA,2026-04-21
sub_00596,post_purchase,8,7,186.04,electronics,referral,False,FL,2026-04-23
sub_00597,price_sensitive,16,3,34.31,electronics,loyalty_signup,True,FL,2026-04-15
sub_00598,new_subscriber,3,0,0,wellness,referral,False,PA,2026-04-28
sub_00599,vip_loyalist,11,32,652.55,home,loyalty_signup,True,MA,2026-04-20
sub_00600,price_sensitive,22,1,39.74,electronics,loyalty_signup,True,IL,2026-04-09
sub_00601,post_purchase,3,3,62.64,kids,paid_social,False,FL,2026-04-28
sub_00602,price_sensitive,24,2,71.15,electronics,paid_social,True,CA,2026-04-07
sub_00603,vip_loyalist,13,12,1135.52,apparel,popup,True,CA,2026-04-18
sub_00604,post_purchase,10,5,160.03,kids,checkout_optin,True,NY,2026-04-21
sub_00605,high_intent_browser,6,1,41.14,electronics,loyalty_signup,True,WA,2026-04-25
sub_00606,price_sensitive,10,4,64.42,apparel,loyalty_signup,False,NY,2026-04-21
sub_00607,high_intent_browser,5,3,50.23,beauty,loyalty_signup,False,PA,2026-04-26
sub_00608,high_intent_browser,0,0,44.92,kids,referral,False,CA,2026-05-01
sub_00609,high_intent_browser,1,1,4.88,apparel,popup,False,FL,2026-04-30
sub_00610,post_purchase,4,5,178.6,kids,referral,False,TX,2026-04-27
sub_00611,high_intent_browser,2,1,30.06,kids,referral,False,IL,2026-04-29
sub_00612,vip_loyalist,7,20,1136.86,apparel,checkout_optin,True,OH,2026-04-24
sub_00613,price_sensitive,19,2,26.65,wellness,checkout_optin,False,FL,2026-04-12
sub_00614,winback_dormant,176,8,246.72,electronics,loyalty_signup,False,IL,2025-11-06
sub_00615,price_sensitive,19,2,61.01,wellness,loyalty_signup,True,CA,2026-04-12
sub_00616,price_sensitive,18,4,48.25,apparel,checkout_optin,False,OH,2026-04-13
sub_00617,new_subscriber,2,1,15.58,electronics,paid_social,False,NY,2026-04-29
sub_00618,high_intent_browser,6,1,21.72,kids,paid_social,False,WA,2026-04-25
sub_00619,post_purchase,8,6,112.35,kids,loyalty_signup,False,WA,2026-04-23
sub_00620,new_subscriber,4,0,25.77,apparel,paid_social,True,PA,2026-04-27
sub_00621,new_subscriber,2,1,40.61,kids,loyalty_signup,False,NY,2026-04-29
sub_00622,high_intent_browser,3,0,34.61,kids,checkout_optin,False,NY,2026-04-28
sub_00623,price_sensitive,16,4,24.82,electronics,checkout_optin,False,MA,2026-04-15
sub_00624,new_subscriber,2,0,44.33,wellness,popup,True,MA,2026-04-29
sub_00625,price_sensitive,21,6,53.03,home,referral,False,FL,2026-04-10
sub_00626,new_subscriber,3,0,43.04,wellness,loyalty_signup,False,CA,2026-04-28
sub_00627,high_intent_browser,4,0,45.27,beauty,paid_social,False,TX,2026-04-27
sub_00628,new_subscriber,4,0,31.79,apparel,checkout_optin,False,CA,2026-04-27
sub_00629,post_purchase,7,4,159.83,apparel,loyalty_signup,False,WA,2026-04-24
sub_00630,post_purchase,7,6,93.92,electronics,loyalty_signup,True,FL,2026-04-24
sub_00631,high_intent_browser,6,0,8.73,wellness,checkout_optin,False,CA,2026-04-25
sub_00632,winback_dormant,86,3,252.42,kids,loyalty_signup,False,IL,2026-02-04
sub_00633,high_intent_browser,3,0,31.14,apparel,loyalty_signup,False,TX,2026-04-28
sub_00634,post_purchase,9,4,247.01,kids,paid_social,False,CA,2026-04-22
sub_00635,post_purchase,6,8,0,home,referral,False,FL,2026-04-25
sub_00636,new_subscriber,2,0,61.88,apparel,checkout_optin,False,GA,2026-04-29
sub_00637,high_intent_browser,7,0,23.38,electronics,referral,False,PA,2026-04-24
sub_00638,winback_dormant,75,13,317.88,home,loyalty_signup,False,WA,2026-02-15
sub_00639,vip_loyalist,8,31,1199.13,wellness,popup,True,PA,2026-04-23
sub_00640,price_sensitive,35,4,68.19,wellness,loyalty_signup,False,NY,2026-03-27
sub_00641,new_subscriber,3,0,26.89,wellness,referral,True,TX,2026-04-28
sub_00642,price_sensitive,25,5,89.54,home,popup,False,GA,2026-04-06
sub_00643,post_purchase,2,5,282.3,kids,referral,False,NY,2026-04-29
sub_00644,winback_dormant,104,11,134.93,beauty,referral,False,OH,2026-01-17
sub_00645,high_intent_browser,7,1,17.75,electronics,paid_social,False,TX,2026-04-24
sub_00646,high_intent_browser,7,0,37.11,home,popup,False,FL,2026-04-24
sub_00647,vip_loyalist,2,35,368.16,kids,checkout_optin,True,OH,2026-04-29
sub_00648,price_sensitive,20,4,84.94,apparel,referral,True,IL,2026-04-11
sub_00649,new_subscriber,4,0,47.16,kids,referral,True,CA,2026-04-27
sub_00650,post_purchase,9,4,157.81,beauty,paid_social,False,FL,2026-04-22
sub_00651,new_subscriber,1,0,28.34,wellness,popup,False,GA,2026-04-30
sub_00652,new_subscriber,2,1,40.13,apparel,referral,False,NY,2026-04-29
sub_00653,post_purchase,7,3,113.6,home,referral,False,FL,2026-04-24
sub_00654,winback_dormant,61,14,222.25,beauty,referral,False,MA,2026-03-01
sub_00655,price_sensitive,22,4,84.42,apparel,checkout_optin,False,WA,2026-04-09
sub_00656,high_intent_browser,4,1,51.03,wellness,referral,False,IL,2026-04-27
sub_00657,price_sensitive,7,4,106.21,beauty,paid_social,False,NY,2026-04-24
sub_00658,price_sensitive,15,4,107.71,home,loyalty_signup,False,MA,2026-04-16
sub_00659,new_subscriber,4,0,42.18,wellness,popup,True,PA,2026-04-27
sub_00660,price_sensitive,6,1,36.8,home,checkout_optin,False,CA,2026-04-25
sub_00661,winback_dormant,118,11,303.08,electronics,loyalty_signup,False,FL,2026-01-03
sub_00662,price_sensitive,26,3,48.12,apparel,checkout_optin,False,CA,2026-04-05
sub_00663,new_subscriber,3,0,17.31,home,loyalty_signup,False,CA,2026-04-28
sub_00664,price_sensitive,1,3,41.27,home,loyalty_signup,False,GA,2026-04-30
sub_00665,vip_loyalist,7,23,788.9,electronics,popup,True,WA,2026-04-24
sub_00666,post_purchase,7,4,184.74,electronics,checkout_optin,False,MA,2026-04-24
sub_00667,high_intent_browser,3,1,40.74,beauty,checkout_optin,False,FL,2026-04-28
sub_00668,high_intent_browser,4,2,27.83,beauty,paid_social,False,NY,2026-04-27
sub_00669,new_subscriber,0,1,61.81,apparel,referral,False,MA,2026-05-01
sub_00670,price_sensitive,10,2,72.24,home,popup,True,TX,2026-04-21
sub_00671,high_intent_browser,5,2,38.75,kids,checkout_optin,True,TX,2026-04-26
sub_00672,high_intent_browser,5,1,45.84,apparel,referral,False,MA,2026-04-26
sub_00673,high_intent_browser,4,1,82.15,kids,checkout_optin,False,TX,2026-04-27
sub_00674,post_purchase,4,2,47.99,apparel,referral,False,GA,2026-04-27
sub_00675,high_intent_browser,5,0,36.41,kids,loyalty_signup,False,OH,2026-04-26
sub_00676,winback_dormant,148,2,163.41,beauty,referral,False,CA,2025-12-04
sub_00677,vip_loyalist,11,34,541.76,apparel,loyalty_signup,True,MA,2026-04-20
sub_00678,new_subscriber,3,0,26.78,electronics,paid_social,False,GA,2026-04-28
sub_00679,high_intent_browser,3,1,28.02,beauty,paid_social,False,GA,2026-04-28
sub_00680,new_subscriber,2,1,33.15,beauty,paid_social,False,PA,2026-04-29
sub_00681,winback_dormant,147,15,0,electronics,popup,True,NY,2025-12-05
sub_00682,vip_loyalist,17,15,0,apparel,paid_social,True,TX,2026-04-14
sub_00683,high_intent_browser,7,0,43.48,electronics,referral,False,IL,2026-04-24
sub_00684,high_intent_browser,3,1,67.35,home,checkout_optin,True,IL,2026-04-28
sub_00685,high_intent_browser,5,0,63.58,wellness,paid_social,False,GA,2026-04-26
sub_00686,new_subscriber,2,0,25.48,kids,referral,False,CA,2026-04-29
sub_00687,new_subscriber,2,0,55.85,apparel,paid_social,False,OH,2026-04-29
sub_00688,new_subscriber,4,0,55.55,home,paid_social,True,PA,2026-04-27
sub_00689,high_intent_browser,1,2,50.22,apparel,checkout_optin,False,PA,2026-04-30
sub_00690,post_purchase,10,5,191.33,beauty,popup,False,OH,2026-04-21
sub_00691,high_intent_browser,2,2,67.69,beauty,referral,False,FL,2026-04-29
sub_00692,high_intent_browser,6,0,55.06,apparel,referral,False,PA,2026-04-25
sub_00693,high_intent_browser,3,0,44.89,home,popup,False,FL,2026-04-28
sub_00694,new_subscriber,1,0,39.51,wellness,popup,False,MA,2026-04-30
sub_00695,post_purchase,10,8,63.66,electronics,referral,False,GA,2026-04-21
sub_00696,price_sensitive,6,3,48.64,apparel,loyalty_signup,False,NY,2026-04-25
sub_00697,winback_dormant,82,12,332.19,home,referral,False,TX,2026-02-08
sub_00698,price_sensitive,22,4,83.91,kids,loyalty_signup,False,WA,2026-04-09
sub_00699,price_sensitive,22,4,55.76,kids,checkout_optin,False,GA,2026-04-09
sub_00700,high_intent_browser,4,2,29.12,electronics,popup,False,NY,2026-04-27
sub_00701,high_intent_browser,2,0,34.59,beauty,popup,False,NY,2026-04-29
sub_00702,winback_dormant,68,3,254.95,electronics,popup,False,WA,2026-02-22
sub_00703,post_purchase,8,4,61.09,home,paid_social,False,TX,2026-04-23
sub_00704,high_intent_browser,5,1,39.01,apparel,loyalty_signup,False,OH,2026-04-26
sub_00705,winback_dormant,79,7,123.55,kids,popup,True,MA,2026-02-11
sub_00706,high_intent_browser,4,0,44.97,kids,popup,False,CA,2026-04-27
sub_00707,winback_dormant,123,5,107.99,beauty,loyalty_signup,False,OH,2025-12-29
sub_00708,high_intent_browser,6,0,24.96,beauty,checkout_optin,True,NY,2026-04-25
sub_00709,high_intent_browser,4,0,34.6,wellness,referral,False,OH,2026-04-27
sub_00710,new_subscriber,2,0,60.34,apparel,checkout_optin,False,WA,2026-04-29
sub_00711,high_intent_browser,8,1,45.96,electronics,referral,False,CA,2026-04-23
sub_00712,high_intent_browser,3,0,15.21,apparel,paid_social,False,FL,2026-04-28
sub_00713,high_intent_browser,5,1,42.75,apparel,loyalty_signup,False,MA,2026-04-26
sub_00714,new_subscriber,4,0,9.83,beauty,loyalty_signup,False,NY,2026-04-27
sub_00715,new_subscriber,3,0,39.56,apparel,referral,True,TX,2026-04-28
sub_00716,post_purchase,8,3,161.23,wellness,checkout_optin,False,TX,2026-04-23
sub_00717,high_intent_browser,5,1,48.11,electronics,popup,False,PA,2026-04-26
sub_00718,high_intent_browser,5,1,37.39,kids,loyalty_signup,False,WA,2026-04-26
sub_00719,high_intent_browser,5,0,21.7,apparel,referral,False,MA,2026-04-26
sub_00720,high_intent_browser,5,1,39.88,kids,popup,False,PA,2026-04-26
sub_00721,high_intent_browser,6,2,58.24,wellness,referral,False,GA,2026-04-25
sub_00722,post_purchase,6,5,103.7,kids,popup,False,GA,2026-04-25
sub_00723,winback_dormant,97,7,29.38,apparel,popup,False,FL,2026-01-24
sub_00724,high_intent_browser,2,0,19.42,home,referral,False,IL,2026-04-29
sub_00725,high_intent_browser,7,0,39.2,beauty,popup,False,MA,2026-04-24
sub_00726,post_purchase,6,4,217.16,apparel,referral,True,FL,2026-04-25
sub_00727,high_intent_browser,2,1,39.3,home,paid_social,False,OH,2026-04-29
sub_00728,post_purchase,0,2,34.97,wellness,paid_social,False,OH,2026-05-01
sub_00729,high_intent_browser,1,0,25.99,home,paid_social,False,FL,2026-04-30
sub_00730,new_subscriber,2,0,53.36,wellness,checkout_optin,True,IL,2026-04-29
sub_00731,high_intent_browser,5,1,7.92,home,paid_social,False,OH,2026-04-26
sub_00732,vip_loyalist,8,19,902.1,home,referral,True,WA,2026-04-23
sub_00733,new_subscriber,2,0,53.68,home,loyalty_signup,False,NY,2026-04-29
sub_00734,new_subscriber,2,0,38.11,kids,loyalty_signup,False,CA,2026-04-29
sub_00735,high_intent_browser,8,1,41.18,apparel,referral,False,OH,2026-04-23
sub_00736,post_purchase,9,3,157.88,electronics,popup,False,TX,2026-04-22
sub_00737,price_sensitive,11,3,83.87,electronics,popup,False,WA,2026-04-20
sub_00738,post_purchase,10,3,86.51,kids,checkout_optin,False,WA,2026-04-21
sub_00739,price_sensitive,20,6,35.08,home,popup,False,CA,2026-04-11
sub_00740,price_sensitive,22,6,53.44,home,referral,False,GA,2026-04-09
sub_00741,winback_dormant,108,12,210.91,beauty,referral,False,WA,2026-01-13
sub_00742,high_intent_browser,4,1,62.12,beauty,popup,False,GA,2026-04-27
sub_00743,new_subscriber,3,0,46.26,beauty,checkout_optin,False,GA,2026-04-28
sub_00744,post_purchase,11,6,4.24,apparel,paid_social,False,FL,2026-04-20
sub_00745,high_intent_browser,4,0,51.83,home,popup,False,NY,2026-04-27
sub_00746,price_sensitive,9,5,39.14,beauty,referral,False,OH,2026-04-22
sub_00747,post_purchase,9,5,88.52,kids,referral,False,CA,2026-04-22
sub_00748,high_intent_browser,3,1,13.52,electronics,paid_social,False,TX,2026-04-28
sub_00749,post_purchase,4,6,173.19,kids,referral,False,NY,2026-04-27
sub_00750,price_sensitive,25,2,129.27,beauty,loyalty_signup,True,MA,2026-04-06
sub_00751,vip_loyalist,16,18,1491.26,wellness,loyalty_signup,True,TX,2026-04-15
sub_00752,high_intent_browser,4,0,29.54,beauty,referral,False,WA,2026-04-27
sub_00753,new_subscriber,4,0,29.91,apparel,paid_social,False,WA,2026-04-27
sub_00754,post_purchase,1,9,116.04,kids,popup,False,MA,2026-04-30
sub_00755,high_intent_browser,4,1,27.6,apparel,checkout_optin,False,FL,2026-04-27
sub_00756,new_subscriber,1,0,38.35,electronics,checkout_optin,False,WA,2026-04-30
sub_00757,post_purchase,13,6,164.36,home,referral,False,PA,2026-04-18
sub_00758,vip_loyalist,13,11,1089.9,beauty,loyalty_signup,True,OH,2026-04-18
sub_00759,high_intent_browser,5,0,28.0,wellness,loyalty_signup,False,OH,2026-04-26
sub_00760,high_intent_browser,2,1,44.96,kids,checkout_optin,False,GA,2026-04-29
sub_00761,post_purchase,10,8,91.43,kids,referral,False,WA,2026-04-21
sub_00762,vip_loyalist,12,13,0,apparel,popup,True,NY,2026-04-19
sub_00763,new_subscriber,4,2,43.45,wellness,checkout_optin,False,NY,2026-04-27
sub_00764,high_intent_browser,6,0,71.61,electronics,popup,False,PA,2026-04-25
sub_00765,vip_loyalist,12,25,632.19,kids,loyalty_signup,True,GA,2026-04-19
sub_00766,high_intent_browser,4,1,57.01,apparel,popup,False,IL,2026-04-27
sub_00767,new_subscriber,3,0,62.07,apparel,checkout_optin,False,PA,2026-04-28
sub_00768,new_subscriber,4,0,41.09,home,checkout_optin,False,OH,2026-04-27
sub_00769,price_sensitive,18,1,25.17,electronics,paid_social,False,PA,2026-04-13
sub_00770,post_purchase,10,4,117.44,wellness,checkout_optin,True,IL,2026-04-21
sub_00771,price_sensitive,35,4,87.45,home,referral,False,OH,2026-03-27
sub_00772,price_sensitive,9,2,79.81,electronics,checkout_optin,False,PA,2026-04-22
sub_00773,new_subscriber,1,0,20.04,wellness,checkout_optin,False,TX,2026-04-30
sub_00774,price_sensitive,5,3,81.75,home,paid_social,False,NY,2026-04-26
sub_00775,high_intent_browser,8,0,42.24,home,referral,False,FL,2026-04-23
sub_00776,price_sensitive,23,0,46.26,beauty,paid_social,False,GA,2026-04-08
sub_00777,new_subscriber,5,1,56.5,home,popup,False,MA,2026-04-26
sub_00778,post_purchase,3,6,183.34,apparel,checkout_optin,False,OH,2026-04-28
sub_00779,post_purchase,7,3,231.67,electronics,referral,False,NY,2026-04-24
sub_00780,high_intent_browser,3,0,13.53,electronics,paid_social,False,NY,2026-04-28
sub_00781,high_intent_browser,5,1,30.03,apparel,paid_social,True,MA,2026-04-26
sub_00782,high_intent_browser,5,0,33.18,wellness,checkout_optin,False,WA,2026-04-26
sub_00783,high_intent_browser,3,1,0,beauty,loyalty_signup,False,OH,2026-04-28
sub_00784,post_purchase,8,4,5.81,beauty,checkout_optin,False,IL,2026-04-23
sub_00785,high_intent_browser,3,1,45.47,home,popup,False,PA,2026-04-28
sub_00786,high_intent_browser,5,3,9.9,apparel,popup,False,NY,2026-04-26
sub_00787,price_sensitive,24,3,65.43,beauty,checkout_optin,False,WA,2026-04-07
sub_00788,new_subscriber,0,1,23.18,apparel,paid_social,False,OH,2026-05-01
sub_00789,new_subscriber,3,0,14.21,wellness,referral,False,MA,2026-04-28
sub_00790,post_purchase,8,3,186.49,wellness,checkout_optin,False,OH,2026-04-23
sub_00791,post_purchase,8,6,172.3,electronics,popup,True,PA,2026-04-23
sub_00792,new_subscriber,3,0,45.06,kids,checkout_optin,True,MA,2026-04-28
sub_00793,new_subscriber,3,0,31.92,electronics,loyalty_signup,False,FL,2026-04-28
sub_00794,price_sensitive,25,5,51.78,home,paid_social,False,TX,2026-04-06
sub_00795,high_intent_browser,8,0,28.47,home,popup,False,WA,2026-04-23
sub_00796,new_subscriber,1,0,32.66,apparel,paid_social,False,PA,2026-04-30
sub_00797,winback_dormant,14,6,298.82,beauty,referral,False,WA,2026-04-17
sub_00798,price_sensitive,16,2,23.87,apparel,paid_social,True,PA,2026-04-15
sub_00799,high_intent_browser,4,1,30.38,electronics,paid_social,False,TX,2026-04-27
sub_00800,new_subscriber,3,0,30.23,apparel,paid_social,True,NY,2026-04-28
sub_00801,high_intent_browser,8,0,48.33,home,paid_social,False,NY,2026-04-23
sub_00802,high_intent_browser,5,0,2.73,electronics,loyalty_signup,True,PA,2026-04-26
sub_00803,high_intent_browser,4,2,38.51,kids,popup,False,OH,2026-04-27
sub_00804,high_intent_browser,3,0,42.86,home,paid_social,False,CA,2026-04-28
sub_00805,vip_loyalist,7,32,771.58,kids,referral,True,IL,2026-04-24
sub_00806,vip_loyalist,13,18,1451.5,wellness,loyalty_signup,True,PA,2026-04-18
sub_00807,price_sensitive,22,3,61.95,electronics,paid_social,False,OH,2026-04-09
sub_00808,high_intent_browser,4,0,41.47,beauty,loyalty_signup,True,OH,2026-04-27
sub_00809,post_purchase,4,4,198.07,beauty,referral,False,OH,2026-04-27
sub_00810,high_intent_browser,9,0,76.84,home,paid_social,False,TX,2026-04-22
sub_00811,winback_dormant,89,5,59.63,wellness,popup,True,TX,2026-02-01
sub_00812,price_sensitive,11,0,48.8,kids,popup,False,NY,2026-04-20
sub_00813,high_intent_browser,5,0,18.29,electronics,popup,False,MA,2026-04-26
sub_00814,price_sensitive,11,4,47.29,kids,loyalty_signup,False,GA,2026-04-20
sub_00815,price_sensitive,6,2,84.71,beauty,paid_social,False,OH,2026-04-25
sub_00816,price_sensitive,20,2,62.65,beauty,loyalty_signup,False,IL,2026-04-11
sub_00817,post_purchase,2,3,155.95,wellness,loyalty_signup,False,TX,2026-04-29
sub_00818,post_purchase,7,3,190.66,beauty,referral,False,NY,2026-04-24
sub_00819,vip_loyalist,17,28,1271.83,home,loyalty_signup,True,IL,2026-04-14
sub_00820,high_intent_browser,6,3,46.71,electronics,popup,False,MA,2026-04-25
sub_00821,post_purchase,7,9,233.94,electronics,loyalty_signup,False,GA,2026-04-24
sub_00822,high_intent_browser,4,0,21.85,home,checkout_optin,False,WA,2026-04-27
sub_00823,vip_loyalist,11,38,1012.58,wellness,popup,True,GA,2026-04-20
sub_00824,post_purchase,6,2,155.6,wellness,referral,False,MA,2026-04-25
sub_00825,high_intent_browser,3,3,61.92,kids,loyalty_signup,False,FL,2026-04-28
sub_00826,post_purchase,5,4,200.61,apparel,popup,False,IL,2026-04-26
sub_00827,new_subscriber,2,1,23.35,electronics,referral,False,GA,2026-04-29
sub_00828,price_sensitive,25,5,73.89,kids,checkout_optin,False,FL,2026-04-06
sub_00829,price_sensitive,12,2,133.51,kids,referral,False,CA,2026-04-19
sub_00830,new_subscriber,4,2,38.18,electronics,popup,True,PA,2026-04-27
sub_00831,new_subscriber,3,0,34.8,beauty,checkout_optin,False,GA,2026-04-28
sub_00832,price_sensitive,12,5,55.37,wellness,popup,False,GA,2026-04-19
sub_00833,post_purchase,8,3,160.76,apparel,popup,True,CA,2026-04-23
sub_00834,post_purchase,10,3,72.36,apparel,paid_social,False,WA,2026-04-21
sub_00835,high_intent_browser,5,0,44.11,wellness,popup,False,OH,2026-04-26
sub_00836,price_sensitive,10,4,107.21,wellness,paid_social,True,GA,2026-04-21
sub_00837,price_sensitive,24,4,2.32,home,popup,False,MA,2026-04-07
sub_00838,new_subscriber,2,2,52.1,beauty,loyalty_signup,False,MA,2026-04-29
sub_00839,high_intent_browser,1,0,17.79,apparel,loyalty_signup,False,FL,2026-04-30
sub_00840,winback_dormant,18,5,0,apparel,referral,False,OH,2026-04-13
sub_00841,new_subscriber,1,0,30.24,kids,referral,False,OH,2026-04-30
sub_00842,high_intent_browser,4,2,51.48,kids,popup,False,FL,2026-04-27
sub_00843,high_intent_browser,7,0,9.8,beauty,referral,False,OH,2026-04-24
sub_00844,winback_dormant,101,4,345.09,apparel,checkout_optin,False,MA,2026-01-20
sub_00845,winback_dormant,148,11,318.61,wellness,loyalty_signup,False,CA,2025-12-04
sub_00846,vip_loyalist,12,19,1433.77,apparel,referral,True,OH,2026-04-19
sub_00847,new_subscriber,4,0,19.45,apparel,checkout_optin,False,IL,2026-04-27
sub_00848,vip_loyalist,21,26,1134.8,beauty,referral,True,NY,2026-04-10
sub_00849,high_intent_browser,3,2,23.17,beauty,popup,True,IL,2026-04-28
sub_00850,high_intent_browser,5,0,12.93,home,checkout_optin,False,WA,2026-04-26
sub_00851,new_subscriber,1,0,41.13,kids,paid_social,False,IL,2026-04-30
sub_00852,new_subscriber,3,1,28.03,kids,popup,False,NY,2026-04-28
sub_00853,high_intent_browser,5,0,36.85,home,popup,False,PA,2026-04-26
sub_00854,post_purchase,4,4,199.24,beauty,checkout_optin,False,CA,2026-04-27
sub_00855,high_intent_browser,6,0,28.65,beauty,referral,False,MA,2026-04-25
sub_00856,new_subscriber,3,0,42.04,electronics,loyalty_signup,False,OH,2026-04-28
sub_00857,price_sensitive,27,5,11.36,apparel,loyalty_signup,False,IL,2026-04-04
sub_00858,new_subscriber,3,0,27.93,kids,referral,False,GA,2026-04-28
sub_00859,winback_dormant,169,12,175.32,wellness,referral,False,IL,2025-11-13
sub_00860,price_sensitive,13,4,50.88,wellness,referral,False,CA,2026-04-18
sub_00861,price_sensitive,8,1,106.87,home,referral,False,OH,2026-04-23
sub_00862,new_subscriber,2,0,26.96,wellness,checkout_optin,False,PA,2026-04-29
sub_00863,post_purchase,5,4,277.72,wellness,referral,False,GA,2026-04-26
sub_00864,high_intent_browser,7,0,47.58,apparel,loyalty_signup,False,PA,2026-04-24
sub_00865,price_sensitive,12,4,45.17,apparel,referral,False,FL,2026-04-19
sub_00866,new_subscriber,2,0,0,home,referral,False,WA,2026-04-29
sub_00867,vip_loyalist,0,38,198.59,kids,referral,True,WA,2026-05-01
sub_00868,price_sensitive,18,5,105.58,electronics,loyalty_signup,False,TX,2026-04-13
sub_00869,high_intent_browser,7,0,20.11,electronics,loyalty_signup,False,WA,2026-04-24
sub_00870,winback_dormant,93,8,88.41,kids,popup,False,CA,2026-01-28
sub_00871,price_sensitive,18,4,0,beauty,referral,False,PA,2026-04-13
sub_00872,post_purchase,6,5,135.12,beauty,popup,False,OH,2026-04-25
sub_00873,post_purchase,6,4,164.68,wellness,loyalty_signup,False,FL,2026-04-25
sub_00874,high_intent_browser,6,1,46.44,kids,loyalty_signup,False,FL,2026-04-25
sub_00875,high_intent_browser,3,0,37.08,electronics,loyalty_signup,False,TX,2026-04-28
sub_00876,vip_loyalist,9,14,594.16,home,loyalty_signup,True,OH,2026-04-22
sub_00877,high_intent_browser,4,1,14.25,electronics,checkout_optin,False,WA,2026-04-27
sub_00878,high_intent_browser,1,1,40.67,home,referral,False,FL,2026-04-30
sub_00879,price_sensitive,6,3,35.26,electronics,paid_social,False,MA,2026-04-25
sub_00880,high_intent_browser,6,0,35.34,kids,referral,False,WA,2026-04-25
sub_00881,price_sensitive,8,1,83.59,wellness,checkout_optin,False,CA,2026-04-23
sub_00882,price_sensitive,22,3,73.6,home,checkout_optin,False,PA,2026-04-09
sub_00883,post_purchase,3,2,44.76,home,paid_social,False,TX,2026-04-28
sub_00884,new_subscriber,3,0,30.67,home,checkout_optin,False,TX,2026-04-28
sub_00885,price_sensitive,20,3,95.65,wellness,checkout_optin,False,IL,2026-04-11
sub_00886,high_intent_browser,3,0,65.83,home,paid_social,False,CA,2026-04-28
sub_00887,high_intent_browser,1,1,65.17,electronics,loyalty_signup,False,CA,2026-04-30
sub_00888,new_subscriber,2,0,0,beauty,checkout_optin,False,WA,2026-04-29
sub_00889,price_sensitive,16,2,63.24,apparel,paid_social,False,PA,2026-04-15
sub_00890,price_sensitive,5,3,60.16,wellness,loyalty_signup,False,PA,2026-04-26
sub_00891,price_sensitive,11,5,52.25,home,paid_social,False,FL,2026-04-20
sub_00892,winback_dormant,102,8,195.21,wellness,referral,False,PA,2026-01-19
sub_00893,price_sensitive,12,6,82.08,beauty,referral,False,PA,2026-04-19
sub_00894,high_intent_browser,4,0,33.68,beauty,paid_social,False,TX,2026-04-27
sub_00895,winback_dormant,113,6,122.5,beauty,referral,True,FL,2026-01-08
sub_00896,vip_loyalist,11,25,111.23,beauty,loyalty_signup,True,CA,2026-04-20
sub_00897,winback_dormant,103,10,173.48,wellness,paid_social,False,NY,2026-01-18
sub_00898,new_subscriber,0,0,39.8,home,checkout_optin,True,OH,2026-05-01
sub_00899,new_subscriber,5,0,59.24,electronics,popup,False,CA,2026-04-26
sub_00900,price_sensitive,8,1,39.9,home,loyalty_signup,False,CA,2026-04-23
sub_00901,high_intent_browser,5,1,45.63,home,paid_social,False,NY,2026-04-26
sub_00902,winback_dormant,146,11,198.89,apparel,paid_social,False,PA,2025-12-06
sub_00903,winback_dormant,43,7,148.86,apparel,referral,False,IL,2026-03-19
sub_00904,vip_loyalist,11,31,1074.79,beauty,checkout_optin,True,CA,2026-04-20
sub_00905,post_purchase,14,3,60.36,beauty,referral,False,CA,2026-04-17
sub_00906,price_sensitive,15,2,103.04,wellness,popup,False,TX,2026-04-16
sub_00907,price_sensitive,17,3,66.0,wellness,referral,False,TX,2026-04-14
sub_00908,vip_loyalist,15,19,1031.04,kids,loyalty_signup,True,GA,2026-04-16
sub_00909,high_intent_browser,5,1,17.56,beauty,paid_social,False,CA,2026-04-26
sub_00910,high_intent_browser,5,1,45.59,apparel,referral,False,FL,2026-04-26
sub_00911,new_subscriber,3,0,61.81,beauty,checkout_optin,False,GA,2026-04-28
sub_00912,price_sensitive,15,4,44.09,home,popup,False,PA,2026-04-16
sub_00913,high_intent_browser,4,0,6.45,kids,paid_social,False,OH,2026-04-27
sub_00914,vip_loyalist,16,32,1171.47,apparel,referral,True,GA,2026-04-15
sub_00915,new_subscriber,3,0,30.95,electronics,referral,True,FL,2026-04-28
sub_00916,vip_loyalist,8,28,482.96,wellness,popup,True,PA,2026-04-23
sub_00917,high_intent_browser,5,0,17.73,electronics,checkout_optin,False,WA,2026-04-26
sub_00918,high_intent_browser,3,0,61.11,electronics,loyalty_signup,False,FL,2026-04-28
sub_00919,post_purchase,9,5,193.6,kids,referral,False,NY,2026-04-22
sub_00920,high_intent_browser,6,0,40.41,wellness,referral,False,CA,2026-04-25
sub_00921,price_sensitive,15,4,115.99,electronics,paid_social,False,GA,2026-04-16
sub_00922,high_intent_browser,4,0,17.59,kids,popup,False,PA,2026-04-27
sub_00923,price_sensitive,22,2,52.26,electronics,paid_social,False,TX,2026-04-09
sub_00924,new_subscriber,0,0,34.06,wellness,popup,True,MA,2026-05-01
sub_00925,winback_dormant,81,10,335.51,apparel,referral,True,OH,2026-02-09
sub_00926,high_intent_browser,6,0,64.12,home,loyalty_signup,False,IL,2026-04-25
sub_00927,price_sensitive,34,3,38.24,kids,referral,False,GA,2026-03-28
sub_00928,high_intent_browser,5,1,38.56,electronics,loyalty_signup,False,PA,2026-04-26
sub_00929,winback_dormant,128,10,306.64,apparel,referral,False,IL,2025-12-24
sub_00930,high_intent_browser,6,0,48.19,beauty,checkout_optin,False,WA,2026-04-25
sub_00931,winback_dormant,198,10,100.25,wellness,checkout_optin,True,WA,2025-10-15
sub_00932,winback_dormant,98,6,135.78,beauty,popup,False,NY,2026-01-23
sub_00933,high_intent_browser,2,1,15.16,home,paid_social,False,IL,2026-04-29
sub_00934,post_purchase,9,2,132.33,kids,paid_social,False,NY,2026-04-22
sub_00935,vip_loyalist,10,33,928.6,wellness,popup,True,GA,2026-04-21
sub_00936,post_purchase,9,7,17.99,electronics,popup,False,IL,2026-04-22
sub_00937,high_intent_browser,4,1,27.85,kids,loyalty_signup,False,OH,2026-04-27
sub_00938,price_sensitive,21,4,95.9,kids,loyalty_signup,False,IL,2026-04-10
sub_00939,new_subscriber,0,0,65.25,apparel,paid_social,False,GA,2026-05-01
sub_00940,high_intent_browser,0,1,35.15,kids,paid_social,False,TX,2026-05-01
sub_00941,vip_loyalist,14,30,521.19,apparel,checkout_optin,True,WA,2026-04-17
sub_00942,vip_loyalist,5,23,720.28,electronics,checkout_optin,True,CA,2026-04-26
sub_00943,price_sensitive,2,5,89.27,beauty,popup,False,TX,2026-04-29
sub_00944,high_intent_browser,3,2,31.87,kids,checkout_optin,False,MA,2026-04-28
sub_00945,new_subscriber,2,0,31.13,beauty,checkout_optin,False,PA,2026-04-29
sub_00946,price_sensitive,22,5,25.94,electronics,loyalty_signup,False,NY,2026-04-09
sub_00947,vip_loyalist,10,14,559.68,kids,popup,True,OH,2026-04-21
sub_00948,vip_loyalist,5,9,318.67,beauty,loyalty_signup,True,WA,2026-04-26
sub_00949,post_purchase,6,5,143.77,beauty,referral,False,IL,2026-04-25
sub_00950,price_sensitive,25,6,54.05,home,checkout_optin,False,PA,2026-04-06
sub_00951,price_sensitive,11,4,37.61,home,paid_social,True,WA,2026-04-20
sub_00952,post_purchase,5,7,25.53,wellness,paid_social,False,PA,2026-04-26
sub_00953,high_intent_browser,7,2,14.2,home,popup,False,MA,2026-04-24
sub_00954,high_intent_browser,5,0,14.45,electronics,paid_social,False,TX,2026-04-26
sub_00955,post_purchase,6,5,163.05,kids,referral,False,CA,2026-04-25
sub_00956,winback_dormant,100,9,235.71,beauty,referral,False,TX,2026-01-21
sub_00957,high_intent_browser,8,0,28.54,kids,paid_social,False,PA,2026-04-23
sub_00958,post_purchase,14,5,146.86,wellness,referral,False,CA,2026-04-17
sub_00959,price_sensitive,24,5,31.56,electronics,checkout_optin,False,OH,2026-04-07
sub_00960,price_sensitive,11,1,114.92,wellness,paid_social,True,WA,2026-04-20
sub_00961,price_sensitive,15,4,36.13,wellness,popup,False,CA,2026-04-16
sub_00962,post_purchase,6,5,98.74,kids,referral,False,PA,2026-04-25
sub_00963,post_purchase,9,6,63.88,electronics,paid_social,False,GA,2026-04-22
sub_00964,vip_loyalist,2,23,1146.38,electronics,popup,True,MA,2026-04-29
sub_00965,high_intent_browser,4,0,42.5,electronics,checkout_optin,False,FL,2026-04-27
sub_00966,high_intent_browser,3,1,34.31,electronics,loyalty_signup,False,OH,2026-04-28
sub_00967,price_sensitive,19,3,10.6,wellness,checkout_optin,False,PA,2026-04-12
sub_00968,post_purchase,6,5,198.44,kids,paid_social,False,PA,2026-04-25
sub_00969,post_purchase,7,5,206.72,wellness,paid_social,True,CA,2026-04-24
sub_00970,vip_loyalist,16,17,860.04,home,loyalty_signup,True,WA,2026-04-15
sub_00971,post_purchase,0,7,236.47,apparel,paid_social,False,NY,2026-05-01
sub_00972,price_sensitive,24,3,72.25,apparel,loyalty_signup,False,MA,2026-04-07
sub_00973,vip_loyalist,17,28,763.16,apparel,popup,True,OH,2026-04-14
sub_00974,high_intent_browser,3,0,0,electronics,paid_social,False,CA,2026-04-28
sub_00975,price_sensitive,10,5,69.17,apparel,loyalty_signup,True,CA,2026-04-21
sub_00976,high_intent_browser,4,0,67.53,apparel,paid_social,False,WA,2026-04-27
sub_00977,high_intent_browser,7,2,27.5,electronics,referral,False,TX,2026-04-24
sub_00978,winback_dormant,65,8,0,kids,referral,False,IL,2026-02-25
sub_00979,price_sensitive,15,1,42.15,beauty,popup,False,CA,2026-04-16
sub_00980,vip_loyalist,13,19,1086.44,home,checkout_optin,True,MA,2026-04-18
sub_00981,price_sensitive,5,2,46.31,apparel,popup,False,OH,2026-04-26
sub_00982,high_intent_browser,4,2,58.33,beauty,popup,False,CA,2026-04-27
sub_00983,vip_loyalist,4,20,911.82,electronics,loyalty_signup,True,FL,2026-04-27
sub_00984,high_intent_browser,6,1,57.75,beauty,popup,False,NY,2026-04-25
sub_00985,price_sensitive,13,5,62.49,home,referral,False,MA,2026-04-18
sub_00986,price_sensitive,21,5,26.9,kids,popup,False,PA,2026-04-10
sub_00987,high_intent_browser,5,0,8.95,home,checkout_optin,True,MA,2026-04-26
sub_00988,price_sensitive,7,4,38.64,beauty,referral,False,NY,2026-04-24
sub_00989,post_purchase,5,7,137.09,home,loyalty_signup,False,FL,2026-04-26
sub_00990,high_intent_browser,2,0,2.88,electronics,paid_social,False,TX,2026-04-29
sub_00991,high_intent_browser,7,0,76.56,apparel,popup,False,PA,2026-04-24
sub_00992,high_intent_browser,0,1,49.3,electronics,popup,False,OH,2026-05-01
sub_00993,price_sensitive,12,5,71.71,kids,checkout_optin,False,WA,2026-04-19
sub_00994,price_sensitive,24,3,35.39,home,checkout_optin,False,CA,2026-04-07
sub_00995,winback_dormant,62,14,170.19,wellness,popup,True,IL,2026-02-28
sub_00996,high_intent_browser,3,0,79.13,wellness,referral,False,WA,2026-04-28
sub_00997,winback_dormant,109,16,100.2,kids,paid_social,False,TX,2026-01-12
sub_00998,vip_loyalist,16,35,744.15,wellness,loyalty_signup,True,OH,2026-04-15
sub_00999,price_sensitive,10,3,131.6,apparel,popup,False,NY,2026-04-21
sub_01000,post_purchase,8,4,110.42,kids,referral,False,NY,2026-04-23
sub_01001,post_purchase,8,5,147.91,apparel,paid_social,False,OH,2026-04-23
sub_01002,winback_dormant,73,10,161.35,kids,paid_social,False,GA,2026-02-17
sub_01003,vip_loyalist,5,37,789.89,kids,popup,True,NY,2026-04-26
sub_01004,high_intent_browser,5,1,52.44,apparel,loyalty_signup,False,TX,2026-04-26
sub_01005,vip_loyalist,11,24,597.73,home,paid_social,True,CA,2026-04-20
sub_01006,new_subscriber,2,0,34.04,beauty,loyalty_signup,True,WA,2026-04-29
sub_01007,new_subscriber,1,0,27.04,wellness,referral,True,NY,2026-04-30
sub_01008,high_intent_browser,2,0,39.92,kids,paid_social,True,CA,2026-04-29
sub_01009,new_subscriber,2,0,13.39,beauty,paid_social,False,MA,2026-04-29
sub_01010,high_intent_browser,3,2,24.69,beauty,referral,False,OH,2026-04-28
sub_01011,price_sensitive,24,4,47.09,beauty,referral,False,GA,2026-04-07
sub_01012,new_subscriber,1,0,11.03,kids,paid_social,False,TX,2026-04-30
sub_01013,high_intent_browser,4,2,33.67,kids,checkout_optin,False,TX,2026-04-27
sub_01014,price_sensitive,23,4,48.74,apparel,loyalty_signup,False,WA,2026-04-08
sub_01015,high_intent_browser,5,0,50.51,beauty,popup,False,IL,2026-04-26
sub_01016,new_subscriber,2,0,38.94,electronics,checkout_optin,False,PA,2026-04-29
sub_01017,post_purchase,14,6,197.33,wellness,popup,True,TX,2026-04-17
sub_01018,new_subscriber,2,0,22.59,apparel,popup,False,GA,2026-04-29
sub_01019,post_purchase,5,5,124.37,apparel,checkout_optin,False,NY,2026-04-26
sub_01020,high_intent_browser,7,0,43.51,beauty,loyalty_signup,False,NY,2026-04-24
sub_01021,new_subscriber,1,0,52.07,apparel,referral,False,TX,2026-04-30
sub_01022,high_intent_browser,5,0,29.91,kids,checkout_optin,False,TX,2026-04-26
sub_01023,high_intent_browser,4,1,50.98,electronics,loyalty_signup,False,WA,2026-04-27
sub_01024,new_subscriber,3,0,16.96,apparel,popup,False,GA,2026-04-28
sub_01025,new_subscriber,2,0,45.31,wellness,referral,False,WA,2026-04-29
sub_01026,price_sensitive,16,1,0,kids,checkout_optin,False,OH,2026-04-15
sub_01027,post_purchase,3,6,0,apparel,loyalty_signup,False,FL,2026-04-28
sub_01028,high_intent_browser,1,2,17.14,kids,popup,False,MA,2026-04-30
sub_01029,price_sensitive,21,3,92.36,electronics,loyalty_signup,False,PA,2026-04-10
sub_01030,new_subscriber,4,0,9.52,beauty,paid_social,False,IL,2026-04-27
sub_01031,high_intent_browser,4,0,35.67,beauty,referral,False,WA,2026-04-27
sub_01032,price_sensitive,16,5,38.58,kids,paid_social,True,WA,2026-04-15
sub_01033,price_sensitive,12,3,87.88,kids,referral,False,CA,2026-04-19
sub_01034,high_intent_browser,9,0,37.47,beauty,paid_social,False,GA,2026-04-22
sub_01035,vip_loyalist,16,33,994.66,beauty,loyalty_signup,True,CA,2026-04-15
sub_01036,new_subscriber,6,3,0.49,home,loyalty_signup,False,PA,2026-04-25
sub_01037,price_sensitive,11,5,49.67,home,paid_social,False,FL,2026-04-20
sub_01038,price_sensitive,23,6,0,electronics,popup,False,OH,2026-04-08
sub_01039,post_purchase,5,4,19.13,apparel,popup,False,FL,2026-04-26
sub_01040,price_sensitive,24,2,64.09,electronics,checkout_optin,True,TX,2026-04-07
sub_01041,new_subscriber,3,0,54.58,wellness,checkout_optin,False,IL,2026-04-28
sub_01042,price_sensitive,22,4,110.96,wellness,paid_social,False,NY,2026-04-09
sub_01043,winback_dormant,66,8,200.2,kids,checkout_optin,False,TX,2026-02-24
sub_01044,new_subscriber,5,0,36.61,beauty,paid_social,False,IL,2026-04-26
sub_01045,post_purchase,8,9,80.82,electronics,popup,False,IL,2026-04-23
sub_01046,price_sensitive,17,6,79.68,wellness,checkout_optin,False,PA,2026-04-14
sub_01047,high_intent_browser,4,0,49.25,electronics,checkout_optin,False,IL,2026-04-27
sub_01048,winback_dormant,41,12,179.83,apparel,referral,False,TX,2026-03-21
sub_01049,high_intent_browser,5,1,26.25,apparel,loyalty_signup,True,NY,2026-04-26
sub_01050,new_subscriber,4,0,57.1,wellness,checkout_optin,False,NY,2026-04-27
sub_01051,price_sensitive,24,3,3.19,apparel,loyalty_signup,False,NY,2026-04-07
sub_01052,price_sensitive,15,4,30.73,apparel,loyalty_signup,False,NY,2026-04-16
sub_01053,new_subscriber,2,0,4.18,beauty,paid_social,False,FL,2026-04-29
sub_01054,high_intent_browser,6,1,10.43,apparel,popup,True,TX,2026-04-25
sub_01055,high_intent_browser,2,0,69.99,apparel,popup,False,FL,2026-04-29
sub_01056,vip_loyalist,11,21,390.48,wellness,paid_social,True,CA,2026-04-20
sub_01057,high_intent_browser,3,1,60.09,apparel,popup,False,MA,2026-04-28
sub_01058,vip_loyalist,4,39,575.94,wellness,referral,True,CA,2026-04-27
sub_01059,price_sensitive,15,2,82.06,wellness,referral,False,GA,2026-04-16
sub_01060,post_purchase,7,4,222.71,home,loyalty_signup,False,PA,2026-04-24
sub_01061,post_purchase,13,2,160.15,home,popup,False,OH,2026-04-18
sub_01062,high_intent_browser,6,0,40.02,home,loyalty_signup,True,IL,2026-04-25
sub_01063,post_purchase,5,6,119.98,apparel,paid_social,False,CA,2026-04-26
sub_01064,high_intent_browser,6,0,24.86,home,checkout_optin,False,FL,2026-04-25
sub_01065,post_purchase,6,3,55.78,apparel,popup,False,IL,2026-04-25
sub_01066,post_purchase,6,7,59.57,kids,referral,False,OH,2026-04-25
sub_01067,price_sensitive,18,4,67.13,electronics,referral,True,WA,2026-04-13
sub_01068,winback_dormant,101,9,121.06,beauty,checkout_optin,True,CA,2026-01-20
sub_01069,price_sensitive,16,3,75.25,wellness,paid_social,True,MA,2026-04-15
sub_01070,price_sensitive,22,2,81.11,apparel,paid_social,False,FL,2026-04-09
sub_01071,new_subscriber,3,1,19.05,kids,popup,False,MA,2026-04-28
sub_01072,price_sensitive,26,6,63.88,apparel,paid_social,False,GA,2026-04-05
sub_01073,price_sensitive,17,6,48.75,home,checkout_optin,False,TX,2026-04-14
sub_01074,post_purchase,6,0,168.67,beauty,popup,True,GA,2026-04-25
sub_01075,vip_loyalist,9,31,656.92,apparel,loyalty_signup,True,TX,2026-04-22
sub_01076,post_purchase,10,2,194.33,home,loyalty_signup,False,PA,2026-04-21
sub_01077,vip_loyalist,16,28,671.93,wellness,checkout_optin,True,TX,2026-04-15
sub_01078,high_intent_browser,2,1,47.72,apparel,loyalty_signup,False,IL,2026-04-29
sub_01079,high_intent_browser,5,1,40.58,home,popup,False,GA,2026-04-26
sub_01080,price_sensitive,19,2,54.03,electronics,checkout_optin,False,IL,2026-04-12
sub_01081,post_purchase,7,2,105.2,kids,referral,False,MA,2026-04-24
sub_01082,winback_dormant,63,4,157.3,wellness,popup,False,TX,2026-02-27
sub_01083,price_sensitive,21,4,99.88,apparel,checkout_optin,False,IL,2026-04-10
sub_01084,price_sensitive,23,1,78.01,apparel,referral,False,OH,2026-04-08
sub_01085,high_intent_browser,3,2,16.25,electronics,referral,False,PA,2026-04-28
sub_01086,high_intent_browser,3,2,14.96,home,checkout_optin,False,CA,2026-04-28
sub_01087,price_sensitive,16,7,38.19,home,loyalty_signup,False,FL,2026-04-15
sub_01088,high_intent_browser,4,1,0,beauty,loyalty_signup,False,CA,2026-04-27
sub_01089,new_subscriber,2,0,27.22,kids,checkout_optin,False,MA,2026-04-29
sub_01090,price_sensitive,9,6,38.04,beauty,popup,False,OH,2026-04-22
sub_01091,new_subscriber,4,0,29.31,apparel,checkout_optin,False,WA,2026-04-27
sub_01092,vip_loyalist,12,21,593.09,home,paid_social,True,OH,2026-04-19
sub_01093,new_subscriber,2,0,59.7,home,checkout_optin,False,FL,2026-04-29
sub_01094,vip_loyalist,15,7,414.76,beauty,loyalty_signup,True,NY,2026-04-16
sub_01095,price_sensitive,10,5,21.06,home,referral,False,CA,2026-04-21
sub_01096,high_intent_browser,1,1,25.43,electronics,loyalty_signup,False,OH,2026-04-30
sub_01097,high_intent_browser,4,1,20.73,wellness,loyalty_signup,False,PA,2026-04-27
sub_01098,winback_dormant,107,13,316.54,apparel,popup,False,TX,2026-01-14
sub_01099,post_purchase,9,3,0,wellness,checkout_optin,False,OH,2026-04-22
sub_01100,price_sensitive,18,2,36.27,wellness,loyalty_signup,True,OH,2026-04-13
sub_01101,high_intent_browser,5,1,51.33,home,checkout_optin,False,CA,2026-04-26
sub_01102,price_sensitive,20,3,132.36,beauty,loyalty_signup,False,NY,2026-04-11
sub_01103,price_sensitive,11,3,35.7,kids,loyalty_signup,False,PA,2026-04-20
sub_01104,vip_loyalist,7,31,1289.01,home,popup,True,PA,2026-04-24
sub_01105,high_intent_browser,4,1,45.19,kids,loyalty_signup,False,FL,2026-04-27
sub_01106,post_purchase,9,3,104.62,home,popup,False,PA,2026-04-22
sub_01107,price_sensitive,6,2,35.22,electronics,popup,False,PA,2026-04-25
sub_01108,winback_dormant,57,12,381.21,home,loyalty_signup,False,OH,2026-03-05
sub_01109,winback_dormant,129,16,248.63,apparel,paid_social,False,WA,2025-12-23
sub_01110,winback_dormant,159,2,232.9,beauty,checkout_optin,False,IL,2025-11-23
sub_01111,new_subscriber,2,0,22.21,electronics,paid_social,True,OH,2026-04-29
sub_01112,price_sensitive,19,5,26.31,home,paid_social,False,CA,2026-04-12
sub_01113,post_purchase,9,5,237.78,wellness,loyalty_signup,True,TX,2026-04-22
sub_01114,price_sensitive,4,3,71.04,home,checkout_optin,False,FL,2026-04-27
sub_01115,high_intent_browser,6,1,50.99,kids,paid_social,False,NY,2026-04-25
sub_01116,vip_loyalist,6,44,816.33,kids,paid_social,True,OH,2026-04-25
sub_01117,high_intent_browser,4,1,19.54,home,popup,False,TX,2026-04-27
sub_01118,new_subscriber,1,0,40.28,kids,checkout_optin,False,TX,2026-04-30
sub_01119,new_subscriber,2,0,54.27,apparel,referral,True,TX,2026-04-29
sub_01120,high_intent_browser,5,0,17.61,beauty,popup,False,PA,2026-04-26
sub_01121,post_purchase,6,6,134.51,electronics,popup,False,MA,2026-04-25
sub_01122,post_purchase,4,3,214.43,electronics,referral,False,MA,2026-04-27
sub_01123,winback_dormant,106,7,380.0,electronics,loyalty_signup,False,GA,2026-01-15
sub_01124,new_subscriber,2,0,73.58,beauty,loyalty_signup,False,CA,2026-04-29
sub_01125,new_subscriber,1,0,8.38,electronics,referral,False,MA,2026-04-30
sub_01126,new_subscriber,0,0,37.82,electronics,paid_social,True,TX,2026-05-01
sub_01127,high_intent_browser,5,1,26.57,beauty,loyalty_signup,False,MA,2026-04-26
sub_01128,post_purchase,10,5,136.53,electronics,referral,False,TX,2026-04-21
sub_01129,new_subscriber,2,1,52.32,kids,popup,False,WA,2026-04-29
sub_01130,price_sensitive,11,2,66.31,wellness,checkout_optin,False,PA,2026-04-20
sub_01131,post_purchase,3,1,157.39,beauty,checkout_optin,False,OH,2026-04-28
sub_01132,winback_dormant,97,12,281.41,apparel,referral,False,PA,2026-01-24
sub_01133,price_sensitive,10,0,76.84,kids,referral,False,FL,2026-04-21
sub_01134,winback_dormant,83,13,292.37,apparel,popup,False,TX,2026-02-07
sub_01135,winback_dormant,88,10,252.94,kids,loyalty_signup,False,WA,2026-02-02
sub_01136,high_intent_browser,3,3,23.01,wellness,popup,True,OH,2026-04-28
sub_01137,high_intent_browser,5,0,16.6,electronics,loyalty_signup,False,GA,2026-04-26
sub_01138,high_intent_browser,5,0,28.72,kids,checkout_optin,True,MA,2026-04-26
sub_01139,high_intent_browser,5,2,31.04,wellness,paid_social,False,CA,2026-04-26
sub_01140,new_subscriber,2,1,20.96,wellness,checkout_optin,False,TX,2026-04-29
sub_01141,high_intent_browser,6,0,7.22,kids,loyalty_signup,False,OH,2026-04-25
sub_01142,high_intent_browser,6,0,63.94,beauty,checkout_optin,False,CA,2026-04-25
sub_01143,new_subscriber,3,0,49.77,wellness,referral,True,PA,2026-04-28
sub_01144,new_subscriber,0,0,40.94,apparel,checkout_optin,False,OH,2026-05-01
sub_01145,high_intent_browser,3,1,43.79,kids,checkout_optin,False,CA,2026-04-28
sub_01146,price_sensitive,19,1,71.49,home,paid_social,False,FL,2026-04-12
sub_01147,winback_dormant,80,13,166.42,wellness,loyalty_signup,True,IL,2026-02-10
sub_01148,post_purchase,8,4,161.91,apparel,loyalty_signup,True,OH,2026-04-23
sub_01149,price_sensitive,12,3,52.35,wellness,checkout_optin,False,GA,2026-04-19
sub_01150,new_subscriber,2,0,11.23,kids,popup,False,IL,2026-04-29
sub_01151,high_intent_browser,5,1,0,kids,popup,False,PA,2026-04-26
sub_01152,price_sensitive,18,2,31.83,beauty,referral,False,IL,2026-04-13
sub_01153,high_intent_browser,4,1,46.35,apparel,popup,False,IL,2026-04-27
sub_01154,high_intent_browser,5,0,0,home,paid_social,False,OH,2026-04-26
sub_01155,new_subscriber,3,0,47.07,wellness,paid_social,False,IL,2026-04-28
sub_01156,price_sensitive,21,5,62.89,kids,paid_social,False,OH,2026-04-10
sub_01157,high_intent_browser,5,0,51.04,beauty,loyalty_signup,False,NY,2026-04-26
sub_01158,price_sensitive,14,4,51.94,electronics,checkout_optin,False,MA,2026-04-17
sub_01159,price_sensitive,27,0,89.47,wellness,loyalty_signup,False,NY,2026-04-04
sub_01160,high_intent_browser,4,0,63.05,wellness,checkout_optin,False,WA,2026-04-27
sub_01161,post_purchase,10,7,75.03,apparel,popup,False,WA,2026-04-21
sub_01162,high_intent_browser,7,0,24.87,apparel,checkout_optin,False,NY,2026-04-24
sub_01163,high_intent_browser,5,2,40.31,beauty,loyalty_signup,False,TX,2026-04-26
sub_01164,price_sensitive,17,0,65.54,apparel,paid_social,False,OH,2026-04-14
sub_01165,winback_dormant,45,8,493.77,home,referral,False,NY,2026-03-17
sub_01166,high_intent_browser,8,0,0.96,apparel,loyalty_signup,False,WA,2026-04-23
sub_01167,new_subscriber,2,1,42.65,home,paid_social,False,MA,2026-04-29
sub_01168,price_sensitive,26,6,50.92,home,loyalty_signup,False,NY,2026-04-05
sub_01169,vip_loyalist,7,28,904.91,kids,loyalty_signup,True,CA,2026-04-24
sub_01170,post_purchase,13,0,199.49,apparel,checkout_optin,False,CA,2026-04-18
sub_01171,new_subscriber,2,0,15.98,beauty,popup,False,NY,2026-04-29
sub_01172,high_intent_browser,3,0,53.12,wellness,referral,False,GA,2026-04-28
sub_01173,price_sensitive,11,4,52.88,apparel,popup,False,FL,2026-04-20
sub_01174,high_intent_browser,6,0,19.18,beauty,loyalty_signup,False,FL,2026-04-25
sub_01175,price_sensitive,14,5,58.07,kids,paid_social,False,WA,2026-04-17
sub_01176,post_purchase,8,2,71.33,wellness,paid_social,False,FL,2026-04-23
sub_01177,vip_loyalist,8,22,891.13,wellness,checkout_optin,True,FL,2026-04-23
sub_01178,vip_loyalist,9,8,1704.03,kids,referral,True,CA,2026-04-22
sub_01179,vip_loyalist,15,24,223.09,apparel,loyalty_signup,True,MA,2026-04-16
sub_01180,price_sensitive,12,5,33.56,kids,loyalty_signup,False,OH,2026-04-19
sub_01181,winback_dormant,222,11,350.62,electronics,paid_social,False,WA,2025-09-21
sub_01182,new_subscriber,1,0,19.62,kids,referral,False,OH,2026-04-30
sub_01183,new_subscriber,3,0,50.01,apparel,popup,False,WA,2026-04-28
sub_01184,post_purchase,6,2,116.37,beauty,checkout_optin,False,CA,2026-04-25
sub_01185,price_sensitive,7,7,74.27,kids,loyalty_signup,False,FL,2026-04-24
sub_01186,new_subscriber,4,2,22.4,apparel,popup,False,MA,2026-04-27
sub_01187,new_subscriber,1,0,10.8,kids,popup,False,FL,2026-04-30
sub_01188,new_subscriber,3,0,40.56,apparel,paid_social,False,FL,2026-04-28
sub_01189,high_intent_browser,6,2,69.95,apparel,loyalty_signup,False,NY,2026-04-25
sub_01190,high_intent_browser,6,1,37.73,apparel,paid_social,False,WA,2026-04-25
sub_01191,new_subscriber,2,1,40.2,beauty,paid_social,False,FL,2026-04-29
sub_01192,price_sensitive,13,1,60.34,beauty,popup,False,IL,2026-04-18
sub_01193,high_intent_browser,4,0,25.41,apparel,checkout_optin,False,PA,2026-04-27
sub_01194,new_subscriber,2,0,54.7,home,paid_social,True,MA,2026-04-29
sub_01195,winback_dormant,26,6,113.02,electronics,popup,False,PA,2026-04-05
sub_01196,price_sensitive,14,5,70.06,kids,checkout_optin,False,PA,2026-04-17
sub_01197,high_intent_browser,6,0,34.36,beauty,popup,False,MA,2026-04-25
sub_01198,price_sensitive,27,2,50.67,apparel,popup,False,MA,2026-04-04
sub_01199,post_purchase,8,4,177.07,wellness,paid_social,False,GA,2026-04-23
sub_01200,high_intent_browser,7,0,25.71,apparel,loyalty_signup,False,GA,2026-04-24
sub_01201,high_intent_browser,4,0,37.47,kids,referral,False,NY,2026-04-27
sub_01202,price_sensitive,35,5,36.3,home,referral,False,NY,2026-03-27
sub_01203,post_purchase,14,7,178.94,apparel,paid_social,False,FL,2026-04-17
sub_01204,post_purchase,10,8,180.56,wellness,checkout_optin,False,MA,2026-04-21
sub_01205,new_subscriber,3,0,28.06,apparel,popup,True,TX,2026-04-28
sub_01206,high_intent_browser,4,2,30.7,apparel,checkout_optin,False,MA,2026-04-27
sub_01207,high_intent_browser,4,0,21.79,apparel,paid_social,False,NY,2026-04-27
sub_01208,vip_loyalist,10,21,603.65,wellness,loyalty_signup,True,IL,2026-04-21
sub_01209,new_subscriber,3,0,26.8,electronics,loyalty_signup,False,MA,2026-04-28
sub_01210,high_intent_browser,2,2,40.62,wellness,paid_social,False,MA,2026-04-29
sub_01211,new_subscriber,3,0,53.74,beauty,checkout_optin,False,CA,2026-04-28
sub_01212,vip_loyalist,16,20,1042.89,apparel,popup,True,WA,2026-04-15
sub_01213,winback_dormant,86,3,81.1,wellness,referral,False,CA,2026-02-04
sub_01214,high_intent_browser,5,0,36.65,apparel,popup,False,GA,2026-04-26
sub_01215,vip_loyalist,9,0,1449.98,home,checkout_optin,True,IL,2026-04-22
sub_01216,high_intent_browser,3,2,69.42,electronics,paid_social,True,NY,2026-04-28
sub_01217,vip_loyalist,5,25,0,electronics,loyalty_signup,True,OH,2026-04-26
sub_01218,post_purchase,1,3,227.87,electronics,referral,False,GA,2026-04-30
sub_01219,post_purchase,4,6,272.5,electronics,loyalty_signup,False,OH,2026-04-27
sub_01220,high_intent_browser,6,0,16.23,beauty,paid_social,False,WA,2026-04-25
sub_01221,high_intent_browser,6,1,15.44,electronics,paid_social,False,CA,2026-04-25
sub_01222,vip_loyalist,15,29,1097.89,electronics,checkout_optin,True,MA,2026-04-16
sub_01223,price_sensitive,19,4,42.33,wellness,checkout_optin,False,WA,2026-04-12
sub_01224,winback_dormant,154,9,109.43,electronics,loyalty_signup,True,WA,2025-11-28
sub_01225,price_sensitive,13,2,66.4,home,checkout_optin,False,WA,2026-04-18
sub_01226,price_sensitive,4,4,82.15,apparel,referral,True,GA,2026-04-27
sub_01227,winback_dormant,113,5,291.77,apparel,loyalty_signup,False,TX,2026-01-08
sub_01228,new_subscriber,4,0,32.58,beauty,checkout_optin,False,WA,2026-04-27
sub_01229,price_sensitive,24,4,62.27,beauty,popup,False,WA,2026-04-07
sub_01230,high_intent_browser,3,0,66.28,apparel,referral,False,TX,2026-04-28
sub_01231,high_intent_browser,4,1,63.5,wellness,paid_social,True,IL,2026-04-27
sub_01232,high_intent_browser,4,0,36.39,beauty,referral,False,IL,2026-04-27
sub_01233,winback_dormant,87,7,336.47,wellness,checkout_optin,False,WA,2026-02-03
sub_01234,winback_dormant,98,8,258.85,wellness,checkout_optin,False,CA,2026-01-23
sub_01235,new_subscriber,2,1,29.16,wellness,referral,False,WA,2026-04-29
sub_01236,price_sensitive,16,5,15.37,apparel,paid_social,False,CA,2026-04-15
sub_01237,vip_loyalist,10,22,1019.62,kids,loyalty_signup,True,PA,2026-04-21
sub_01238,price_sensitive,21,4,36.76,home,paid_social,False,OH,2026-04-10
sub_01239,price_sensitive,20,2,75.42,home,loyalty_signup,False,MA,2026-04-11
sub_01240,price_sensitive,16,2,114.35,beauty,loyalty_signup,False,NY,2026-04-15
sub_01241,new_subscriber,3,0,61.68,beauty,referral,False,MA,2026-04-28
sub_01242,winback_dormant,62,4,297.57,apparel,popup,False,OH,2026-02-28
sub_01243,new_subscriber,4,0,18.44,electronics,popup,True,CA,2026-04-27
sub_01244,high_intent_browser,4,1,54.46,electronics,popup,False,GA,2026-04-27
sub_01245,post_purchase,7,7,183.17,wellness,loyalty_signup,False,TX,2026-04-24
sub_01246,new_subscriber,3,0,41.74,electronics,referral,True,FL,2026-04-28
sub_01247,post_purchase,5,7,171.04,wellness,popup,False,WA,2026-04-26
sub_01248,vip_loyalist,10,14,649.26,apparel,loyalty_signup,True,TX,2026-04-21
sub_01249,vip_loyalist,18,5,931.8,home,loyalty_signup,True,MA,2026-04-13
sub_01250,price_sensitive,15,3,103.08,kids,checkout_optin,False,CA,2026-04-16
sub_01251,high_intent_browser,4,0,10.55,home,checkout_optin,False,PA,2026-04-27
sub_01252,price_sensitive,27,5,82.21,beauty,referral,True,GA,2026-04-04
sub_01253,price_sensitive,16,3,81.25,home,paid_social,False,MA,2026-04-15
sub_01254,new_subscriber,0,0,50.03,apparel,checkout_optin,False,GA,2026-05-01
sub_01255,high_intent_browser,4,1,18.05,electronics,referral,False,NY,2026-04-27
sub_01256,high_intent_browser,4,0,48.09,wellness,loyalty_signup,False,NY,2026-04-27
sub_01257,vip_loyalist,13,7,1590.43,electronics,checkout_optin,True,WA,2026-04-18
sub_01258,high_intent_browser,6,1,29.46,apparel,popup,True,MA,2026-04-25
sub_01259,price_sensitive,28,5,90.75,home,referral,False,NY,2026-04-03
sub_01260,price_sensitive,15,3,13.2,home,checkout_optin,False,TX,2026-04-16
sub_01261,post_purchase,3,3,27.76,apparel,paid_social,False,NY,2026-04-28
sub_01262,new_subscriber,3,0,63.43,kids,paid_social,False,GA,2026-04-28
sub_01263,price_sensitive,18,5,0,home,checkout_optin,False,MA,2026-04-13
sub_01264,vip_loyalist,3,24,1326.02,beauty,popup,True,MA,2026-04-28
sub_01265,high_intent_browser,8,0,2.23,home,loyalty_signup,False,TX,2026-04-23
sub_01266,post_purchase,11,4,133.68,wellness,loyalty_signup,False,CA,2026-04-20
sub_01267,high_intent_browser,5,2,39.48,home,popup,False,CA,2026-04-26
sub_01268,new_subscriber,2,0,62.73,kids,referral,False,TX,2026-04-29
sub_01269,post_purchase,11,2,142.8,electronics,referral,False,FL,2026-04-20
sub_01270,price_sensitive,14,2,127.17,apparel,referral,False,MA,2026-04-17
sub_01271,post_purchase,3,1,89.61,home,paid_social,True,GA,2026-04-28
sub_01272,high_intent_browser,3,1,53.37,wellness,popup,False,OH,2026-04-28
sub_01273,post_purchase,8,4,91.76,electronics,referral,False,WA,2026-04-23
sub_01274,post_purchase,9,3,88.61,kids,checkout_optin,False,CA,2026-04-22
sub_01275,price_sensitive,18,2,40.98,kids,loyalty_signup,False,FL,2026-04-13
sub_01276,price_sensitive,19,2,0,home,checkout_optin,True,CA,2026-04-12
sub_01277,vip_loyalist,0,11,213.85,kids,referral,True,PA,2026-05-01
sub_01278,winback_dormant,47,12,271.36,electronics,loyalty_signup,False,WA,2026-03-15
sub_01279,high_intent_browser,3,1,59.9,beauty,popup,False,OH,2026-04-28
sub_01280,vip_loyalist,1,14,1361.96,electronics,checkout_optin,True,IL,2026-04-30
sub_01281,high_intent_browser,7,0,31.11,kids,checkout_optin,False,WA,2026-04-24
sub_01282,new_subscriber,2,0,61.47,wellness,loyalty_signup,False,FL,2026-04-29
sub_01283,new_subscriber,3,0,38.13,apparel,paid_social,False,MA,2026-04-28
sub_01284,new_subscriber,0,0,80.96,wellness,paid_social,False,FL,2026-05-01
sub_01285,post_purchase,8,4,134.46,wellness,checkout_optin,False,GA,2026-04-23
sub_01286,post_purchase,10,3,150.35,apparel,popup,False,IL,2026-04-21
sub_01287,high_intent_browser,6,0,27.49,beauty,referral,False,WA,2026-04-25
sub_01288,high_intent_browser,3,2,20.83,electronics,paid_social,False,NY,2026-04-28
sub_01289,high_intent_browser,4,2,42.74,apparel,loyalty_signup,False,NY,2026-04-27
sub_01290,high_intent_browser,4,1,48.88,apparel,referral,False,OH,2026-04-27
sub_01291,vip_loyalist,14,46,346.27,home,referral,True,GA,2026-04-17
sub_01292,new_subscriber,4,0,18.8,beauty,popup,False,FL,2026-04-27
sub_01293,new_subscriber,3,0,43.29,wellness,checkout_optin,True,PA,2026-04-28
sub_01294,new_subscriber,3,1,46.14,wellness,loyalty_signup,False,IL,2026-04-28
sub_01295,price_sensitive,11,2,70.79,electronics,referral,True,MA,2026-04-20
sub_01296,vip_loyalist,12,8,297.29,beauty,paid_social,True,MA,2026-04-19
sub_01297,post_purchase,7,4,26.27,home,referral,False,GA,2026-04-24
sub_01298,new_subscriber,5,0,35.1,apparel,paid_social,False,NY,2026-04-26
sub_01299,high_intent_browser,9,2,50.52,electronics,referral,False,NY,2026-04-22
sub_01300,post_purchase,6,7,74.54,kids,popup,False,IL,2026-04-25
sub_01301,price_sensitive,13,6,80.6,apparel,checkout_optin,False,PA,2026-04-18
sub_01302,post_purchase,9,5,112.15,beauty,paid_social,False,GA,2026-04-22
sub_01303,high_intent_browser,4,0,44.07,kids,referral,False,CA,2026-04-27
sub_01304,high_intent_browser,8,0,28.61,wellness,popup,False,IL,2026-04-23
sub_01305,price_sensitive,24,4,62.16,electronics,checkout_optin,False,TX,2026-04-07
sub_01306,high_intent_browser,0,0,6.5,apparel,checkout_optin,False,PA,2026-05-01
sub_01307,winback_dormant,34,13,204.39,wellness,popup,False,MA,2026-03-28
sub_01308,high_intent_browser,3,1,42.61,home,checkout_optin,False,TX,2026-04-28
sub_01309,price_sensitive,19,1,135.45,kids,popup,False,NY,2026-04-12
sub_01310,new_subscriber,2,1,59.55,wellness,loyalty_signup,False,IL,2026-04-29
sub_01311,high_intent_browser,8,1,12.13,home,loyalty_signup,False,MA,2026-04-23
sub_01312,high_intent_browser,4,1,69.74,wellness,popup,False,CA,2026-04-27
sub_01313,post_purchase,13,4,166.16,apparel,referral,True,OH,2026-04-18
sub_01314,post_purchase,6,6,168.79,electronics,popup,False,MA,2026-04-25
sub_01315,winback_dormant,158,5,184.89,wellness,loyalty_signup,True,IL,2025-11-24
sub_01316,new_subscriber,1,0,44.33,home,checkout_optin,False,NY,2026-04-30
sub_01317,price_sensitive,8,4,54.17,wellness,loyalty_signup,False,GA,2026-04-23
sub_01318,vip_loyalist,15,19,1380.68,wellness,loyalty_signup,True,FL,2026-04-16
sub_01319,new_subscriber,1,0,33.52,beauty,popup,False,NY,2026-04-30
sub_01320,high_intent_browser,6,0,52.59,kids,popup,False,OH,2026-04-25
sub_01321,high_intent_browser,5,0,0,apparel,paid_social,False,CA,2026-04-26
sub_01322,new_subscriber,2,0,35.53,apparel,checkout_optin,True,IL,2026-04-29
sub_01323,price_sensitive,10,5,0,kids,popup,False,MA,2026-04-21
sub_01324,new_subscriber,2,0,25.71,electronics,paid_social,True,CA,2026-04-29
sub_01325,high_intent_browser,5,1,31.73,kids,paid_social,False,FL,2026-04-26
sub_01326,new_subscriber,1,0,36.62,electronics,paid_social,False,WA,2026-04-30
sub_01327,price_sensitive,8,5,31.73,wellness,paid_social,False,CA,2026-04-23
sub_01328,winback_dormant,46,4,194.41,electronics,popup,False,MA,2026-03-16
sub_01329,new_subscriber,1,0,49.46,apparel,loyalty_signup,False,OH,2026-04-30
sub_01330,winback_dormant,70,8,143.6,apparel,paid_social,True,PA,2026-02-20
sub_01331,high_intent_browser,7,1,31.54,apparel,loyalty_signup,False,OH,2026-04-24
sub_01332,vip_loyalist,11,23,1246.18,home,loyalty_signup,True,NY,2026-04-20
sub_01333,high_intent_browser,5,0,44.34,beauty,checkout_optin,False,GA,2026-04-26
sub_01334,post_purchase,7,3,109.55,apparel,paid_social,False,MA,2026-04-24
sub_01335,new_subscriber,2,0,17.31,beauty,paid_social,False,GA,2026-04-29
sub_01336,winback_dormant,97,14,250.19,home,paid_social,True,WA,2026-01-24
sub_01337,high_intent_browser,3,0,46.96,electronics,checkout_optin,False,FL,2026-04-28
sub_01338,price_sensitive,32,0,67.39,wellness,paid_social,False,OH,2026-03-30
sub_01339,new_subscriber,3,0,20.43,apparel,checkout_optin,False,WA,2026-04-28
sub_01340,high_intent_browser,3,0,18.42,apparel,paid_social,False,MA,2026-04-28
sub_01341,price_sensitive,5,2,67.53,home,paid_social,False,IL,2026-04-26
sub_01342,high_intent_browser,7,0,20.08,electronics,paid_social,False,PA,2026-04-24
sub_01343,price_sensitive,13,3,0.28,apparel,popup,False,IL,2026-04-18
sub_01344,high_intent_browser,5,0,35.43,electronics,checkout_optin,False,CA,2026-04-26
sub_01345,high_intent_browser,5,0,29.5,home,referral,False,MA,2026-04-26
sub_01346,vip_loyalist,14,33,230.31,electronics,loyalty_signup,True,OH,2026-04-17
sub_01347,high_intent_browser,6,1,69.86,apparel,checkout_optin,False,PA,2026-04-25
sub_01348,vip_loyalist,9,26,960.59,beauty,popup,True,OH,2026-04-22
sub_01349,winback_dormant,85,11,409.05,beauty,loyalty_signup,False,WA,2026-02-05
sub_01350,high_intent_browser,6,0,35.44,home,paid_social,False,GA,2026-04-25
sub_01351,high_intent_browser,3,0,51.66,kids,referral,False,PA,2026-04-28
sub_01352,high_intent_browser,3,0,29.88,beauty,referral,False,MA,2026-04-28
sub_01353,new_subscriber,2,0,25.58,apparel,loyalty_signup,False,IL,2026-04-29
sub_01354,new_subscriber,1,0,61.22,apparel,referral,False,OH,2026-04-30
sub_01355,vip_loyalist,3,15,716.01,wellness,paid_social,True,PA,2026-04-28
sub_01356,high_intent_browser,5,0,22.82,electronics,referral,False,PA,2026-04-26
sub_01357,high_intent_browser,4,0,13.7,apparel,popup,False,NY,2026-04-27
sub_01358,winback_dormant,98,9,208.85,home,popup,True,NY,2026-01-23
sub_01359,new_subscriber,0,0,51.38,electronics,referral,False,NY,2026-05-01
sub_01360,price_sensitive,24,4,79.12,electronics,popup,True,TX,2026-04-07
sub_01361,new_subscriber,1,0,46.83,home,loyalty_signup,True,WA,2026-04-30
sub_01362,price_sensitive,11,3,23.78,kids,referral,False,PA,2026-04-20
sub_01363,vip_loyalist,21,7,751.65,kids,checkout_optin,True,MA,2026-04-10
sub_01364,vip_loyalist,10,41,148.26,wellness,referral,True,WA,2026-04-21
sub_01365,high_intent_browser,8,2,52.02,beauty,checkout_optin,False,GA,2026-04-23
sub_01366,high_intent_browser,7,1,31.79,electronics,checkout_optin,False,WA,2026-04-24
sub_01367,price_sensitive,16,0,62.91,apparel,popup,False,CA,2026-04-15
sub_01368,post_purchase,6,3,118.6,beauty,loyalty_signup,False,PA,2026-04-25
sub_01369,price_sensitive,17,5,92.36,home,referral,False,WA,2026-04-14
sub_01370,price_sensitive,14,2,81.98,electronics,referral,False,PA,2026-04-17
sub_01371,price_sensitive,18,6,42.37,electronics,popup,False,PA,2026-04-13
sub_01372,high_intent_browser,1,0,31.15,electronics,popup,False,NY,2026-04-30
sub_01373,price_sensitive,23,4,126.07,kids,loyalty_signup,False,PA,2026-04-08
sub_01374,post_purchase,8,4,23.1,kids,paid_social,False,NY,2026-04-23
sub_01375,post_purchase,4,3,126.33,electronics,referral,False,NY,2026-04-27
sub_01376,post_purchase,7,4,41.27,beauty,paid_social,False,OH,2026-04-24
sub_01377,price_sensitive,24,5,115.95,beauty,checkout_optin,False,CA,2026-04-07
sub_01378,vip_loyalist,11,17,1546.06,beauty,paid_social,True,MA,2026-04-20
sub_01379,high_intent_browser,4,1,42.03,electronics,popup,False,TX,2026-04-27
sub_01380,new_subscriber,1,1,37.45,wellness,referral,False,PA,2026-04-30
sub_01381,high_intent_browser,6,0,9.35,kids,popup,True,CA,2026-04-25
sub_01382,high_intent_browser,4,0,33.02,apparel,referral,False,OH,2026-04-27
sub_01383,high_intent_browser,7,0,27.36,kids,paid_social,True,WA,2026-04-24
sub_01384,post_purchase,6,5,253.0,home,paid_social,False,TX,2026-04-25
sub_01385,new_subscriber,2,0,62.66,home,loyalty_signup,False,FL,2026-04-29
sub_01386,high_intent_browser,2,1,20.53,wellness,referral,False,FL,2026-04-29
sub_01387,price_sensitive,33,3,35.94,home,checkout_optin,False,PA,2026-03-29
sub_01388,vip_loyalist,20,16,535.75,home,paid_social,True,MA,2026-04-11
sub_01389,high_intent_browser,4,1,26.91,home,loyalty_signup,False,OH,2026-04-27
sub_01390,price_sensitive,38,2,44.75,beauty,paid_social,False,PA,2026-03-24
sub_01391,new_subscriber,2,1,68.1,apparel,loyalty_signup,False,CA,2026-04-29
sub_01392,new_subscriber,2,1,5.94,wellness,referral,False,GA,2026-04-29
sub_01393,vip_loyalist,16,25,643.94,home,loyalty_signup,True,PA,2026-04-15
sub_01394,price_sensitive,30,4,28.27,kids,popup,True,TX,2026-04-01
sub_01395,vip_loyalist,11,8,700.56,electronics,paid_social,True,MA,2026-04-20
sub_01396,winback_dormant,119,6,154.84,beauty,referral,False,OH,2026-01-02
sub_01397,winback_dormant,128,8,87.95,kids,paid_social,False,GA,2025-12-24
sub_01398,high_intent_browser,0,1,47.17,wellness,popup,False,FL,2026-05-01
sub_01399,new_subscriber,1,0,60.45,home,loyalty_signup,False,CA,2026-04-30
sub_01400,high_intent_browser,5,2,22.96,beauty,paid_social,False,NY,2026-04-26
sub_01401,high_intent_browser,8,1,21.32,apparel,loyalty_signup,False,WA,2026-04-23
sub_01402,new_subscriber,3,0,36.82,kids,checkout_optin,True,OH,2026-04-28
sub_01403,vip_loyalist,16,33,553.11,beauty,checkout_optin,True,FL,2026-04-15
sub_01404,new_subscriber,1,1,36.69,beauty,loyalty_signup,False,FL,2026-04-30
sub_01405,winback_dormant,37,7,279.39,beauty,checkout_optin,False,TX,2026-03-25
sub_01406,price_sensitive,28,4,44.58,kids,referral,False,PA,2026-04-03
sub_01407,price_sensitive,20,4,76.77,home,loyalty_signup,False,MA,2026-04-11
sub_01408,price_sensitive,14,3,8.62,home,referral,False,FL,2026-04-17
sub_01409,high_intent_browser,7,1,52.49,kids,paid_social,False,FL,2026-04-24
sub_01410,new_subscriber,3,1,26.68,beauty,checkout_optin,False,TX,2026-04-28
sub_01411,new_subscriber,3,0,42.43,beauty,paid_social,True,PA,2026-04-28
sub_01412,price_sensitive,11,3,63.03,electronics,referral,False,CA,2026-04-20
sub_01413,post_purchase,9,5,181.61,beauty,paid_social,False,TX,2026-04-22
sub_01414,high_intent_browser,7,0,43.94,electronics,loyalty_signup,True,IL,2026-04-24
sub_01415,new_subscriber,1,0,48.79,apparel,checkout_optin,False,TX,2026-04-30
sub_01416,post_purchase,7,6,225.72,wellness,popup,False,IL,2026-04-24
sub_01417,post_purchase,8,4,163.69,electronics,loyalty_signup,False,TX,2026-04-23
sub_01418,price_sensitive,14,1,106.72,electronics,loyalty_signup,False,MA,2026-04-17
sub_01419,post_purchase,10,3,214.56,beauty,referral,False,CA,2026-04-21
sub_01420,price_sensitive,10,2,80.73,electronics,checkout_optin,False,PA,2026-04-21
sub_01421,vip_loyalist,12,9,223.93,wellness,referral,True,NY,2026-04-19
sub_01422,high_intent_browser,2,0,24.26,home,referral,False,GA,2026-04-29
sub_01423,price_sensitive,21,3,8.73,wellness,paid_social,False,WA,2026-04-10
sub_01424,price_sensitive,25,4,10.88,beauty,paid_social,True,GA,2026-04-06
sub_01425,high_intent_browser,4,1,16.85,beauty,loyalty_signup,False,FL,2026-04-27
sub_01426,post_purchase,5,6,142.57,electronics,paid_social,False,FL,2026-04-26
sub_01427,new_subscriber,5,0,60.48,kids,referral,False,WA,2026-04-26
sub_01428,price_sensitive,14,2,49.72,home,referral,False,FL,2026-04-17
sub_01429,price_sensitive,33,4,61.95,kids,popup,True,OH,2026-03-29
sub_01430,price_sensitive,8,3,74.94,home,paid_social,True,FL,2026-04-23
sub_01431,new_subscriber,3,0,36.04,electronics,popup,False,CA,2026-04-28
sub_01432,high_intent_browser,0,0,28.16,home,checkout_optin,False,NY,2026-05-01
sub_01433,high_intent_browser,0,1,0,beauty,referral,False,GA,2026-05-01
sub_01434,price_sensitive,24,3,61.04,wellness,loyalty_signup,False,NY,2026-04-07
sub_01435,vip_loyalist,16,21,871.81,apparel,paid_social,True,PA,2026-04-15
sub_01436,winback_dormant,124,8,329.26,home,loyalty_signup,False,IL,2025-12-28
sub_01437,price_sensitive,14,4,77.87,home,checkout_optin,False,MA,2026-04-17
sub_01438,price_sensitive,21,7,63.26,apparel,paid_social,False,CA,2026-04-10
sub_01439,high_intent_browser,5,0,40.55,home,paid_social,True,PA,2026-04-26
sub_01440,high_intent_browser,7,0,50.82,electronics,loyalty_signup,True,FL,2026-04-24
sub_01441,price_sensitive,2,4,45.8,beauty,loyalty_signup,False,OH,2026-04-29
sub_01442,high_intent_browser,6,0,65.54,kids,popup,False,FL,2026-04-25
sub_01443,vip_loyalist,10,26,529.36,wellness,referral,True,TX,2026-04-21
sub_01444,winback_dormant,63,7,115.5,kids,referral,False,MA,2026-02-27
sub_01445,high_intent_browser,2,0,42.9,wellness,popup,True,CA,2026-04-29
sub_01446,high_intent_browser,4,1,22.41,electronics,paid_social,False,GA,2026-04-27
sub_01447,price_sensitive,23,1,47.43,wellness,paid_social,False,NY,2026-04-08
sub_01448,high_intent_browser,5,1,33.92,electronics,popup,False,NY,2026-04-26
sub_01449,high_intent_browser,5,0,34.76,apparel,referral,False,IL,2026-04-26
sub_01450,new_subscriber,4,0,32.32,home,checkout_optin,False,PA,2026-04-27
sub_01451,high_intent_browser,8,0,75.45,apparel,referral,False,WA,2026-04-23
sub_01452,new_subscriber,3,0,31.92,beauty,loyalty_signup,True,IL,2026-04-28
sub_01453,new_subscriber,3,0,43.15,beauty,loyalty_signup,False,GA,2026-04-28
sub_01454,price_sensitive,13,3,55.06,wellness,popup,False,GA,2026-04-18
sub_01455,post_purchase,2,6,140.85,electronics,paid_social,False,PA,2026-04-29
sub_01456,price_sensitive,12,5,0,wellness,popup,False,WA,2026-04-19
sub_01457,price_sensitive,22,1,67.34,wellness,checkout_optin,False,IL,2026-04-09
sub_01458,price_sensitive,10,1,74.15,home,checkout_optin,False,MA,2026-04-21
sub_01459,high_intent_browser,9,2,57.15,wellness,paid_social,True,FL,2026-04-22
sub_01460,new_subscriber,3,0,55.1,apparel,paid_social,True,CA,2026-04-28
sub_01461,high_intent_browser,5,1,13.78,home,paid_social,False,IL,2026-04-26
sub_01462,price_sensitive,7,3,40.94,home,loyalty_signup,False,MA,2026-04-24
sub_01463,new_subscriber,2,0,56.43,electronics,checkout_optin,True,FL,2026-04-29
sub_01464,price_sensitive,12,3,16.02,electronics,loyalty_signup,True,TX,2026-04-19
sub_01465,vip_loyalist,17,21,957.13,wellness,paid_social,True,OH,2026-04-14
sub_01466,new_subscriber,3,0,19.19,beauty,loyalty_signup,True,WA,2026-04-28
sub_01467,new_subscriber,2,0,53.8,beauty,popup,False,FL,2026-04-29
sub_01468,new_subscriber,3,0,21.81,beauty,loyalty_signup,False,MA,2026-04-28
sub_01469,winback_dormant,164,16,211.23,electronics,paid_social,False,MA,2025-11-18
sub_01470,high_intent_browser,4,2,0,beauty,checkout_optin,False,FL,2026-04-27
sub_01471,high_intent_browser,4,0,23.22,wellness,loyalty_signup,False,PA,2026-04-27
sub_01472,price_sensitive,11,3,82.0,kids,loyalty_signup,False,FL,2026-04-20
sub_01473,price_sensitive,17,3,58.77,beauty,paid_social,False,PA,2026-04-14
sub_01474,post_purchase,8,5,251.68,apparel,paid_social,False,OH,2026-04-23
sub_01475,price_sensitive,15,2,47.82,home,checkout_optin,True,MA,2026-04-16
sub_01476,new_subscriber,1,0,47.56,beauty,popup,False,PA,2026-04-30
sub_01477,winback_dormant,43,3,145.43,wellness,popup,False,WA,2026-03-19
sub_01478,price_sensitive,13,4,82.03,home,referral,False,TX,2026-04-18
sub_01479,post_purchase,3,4,132.91,home,paid_social,False,PA,2026-04-28
sub_01480,new_subscriber,1,0,21.9,home,paid_social,False,IL,2026-04-30
sub_01481,new_subscriber,2,0,34.47,kids,checkout_optin,False,IL,2026-04-29
sub_01482,price_sensitive,17,4,71.51,electronics,checkout_optin,True,PA,2026-04-14
sub_01483,winback_dormant,55,10,225.73,home,referral,False,FL,2026-03-07
sub_01484,high_intent_browser,6,0,38.63,beauty,popup,False,WA,2026-04-25
sub_01485,high_intent_browser,2,0,39.12,electronics,checkout_optin,False,FL,2026-04-29
sub_01486,new_subscriber,0,0,21.66,electronics,checkout_optin,False,TX,2026-05-01
sub_01487,price_sensitive,10,5,84.59,electronics,loyalty_signup,False,MA,2026-04-21
sub_01488,new_subscriber,2,0,15.87,beauty,checkout_optin,False,PA,2026-04-29
sub_01489,price_sensitive,30,3,53.13,electronics,popup,False,GA,2026-04-01
sub_01490,vip_loyalist,11,25,565.76,wellness,popup,True,PA,2026-04-20
sub_01491,high_intent_browser,3,0,13.04,beauty,paid_social,False,PA,2026-04-28
sub_01492,price_sensitive,7,3,50.18,kids,referral,False,MA,2026-04-24
sub_01493,price_sensitive,24,3,66.69,electronics,loyalty_signup,False,NY,2026-04-07
sub_01494,vip_loyalist,10,11,217.35,electronics,checkout_optin,True,FL,2026-04-21
sub_01495,high_intent_browser,5,0,23.74,electronics,loyalty_signup,False,WA,2026-04-26
sub_01496,high_intent_browser,6,1,52.12,electronics,referral,True,OH,2026-04-25
sub_01497,new_subscriber,3,0,24.38,electronics,loyalty_signup,False,WA,2026-04-28
sub_01498,post_purchase,11,6,189.32,apparel,paid_social,True,IL,2026-04-20
sub_01499,vip_loyalist,18,0,1197.95,wellness,checkout_optin,True,TX,2026-04-13
sub_01500,new_subscriber,1,0,30.16,home,loyalty_signup,False,FL,2026-04-30
sub_01501,price_sensitive,22,3,109.18,apparel,paid_social,False,OH,2026-04-09
sub_01502,winback_dormant,113,6,296.22,apparel,popup,False,TX,2026-01-08
sub_01503,vip_loyalist,5,36,607.84,apparel,loyalty_signup,True,WA,2026-04-26
sub_01504,price_sensitive,5,2,74.97,electronics,popup,False,PA,2026-04-26
sub_01505,post_purchase,9,5,191.78,wellness,referral,True,IL,2026-04-22
sub_01506,high_intent_browser,6,0,28.61,kids,referral,False,OH,2026-04-25
sub_01507,high_intent_browser,7,1,41.69,kids,referral,True,CA,2026-04-24
sub_01508,vip_loyalist,9,15,1004.45,home,paid_social,True,GA,2026-04-22
sub_01509,high_intent_browser,6,0,66.2,home,loyalty_signup,False,MA,2026-04-25
sub_01510,high_intent_browser,4,0,45.61,wellness,loyalty_signup,False,PA,2026-04-27
sub_01511,high_intent_browser,4,1,29.09,apparel,paid_social,False,PA,2026-04-27
sub_01512,post_purchase,4,5,193.91,apparel,paid_social,False,WA,2026-04-27
sub_01513,high_intent_browser,3,0,44.0,apparel,referral,False,FL,2026-04-28
sub_01514,price_sensitive,21,4,76.28,electronics,popup,True,FL,2026-04-10
sub_01515,price_sensitive,16,4,23.48,electronics,paid_social,False,OH,2026-04-15
sub_01516,winback_dormant,70,14,71.92,beauty,referral,False,CA,2026-02-20
sub_01517,high_intent_browser,3,2,54.87,apparel,loyalty_signup,False,NY,2026-04-28
sub_01518,new_subscriber,2,0,2.34,apparel,referral,True,MA,2026-04-29
sub_01519,vip_loyalist,8,6,1439.57,beauty,loyalty_signup,True,TX,2026-04-23
sub_01520,post_purchase,7,2,60.25,beauty,referral,False,FL,2026-04-24
sub_01521,high_intent_browser,7,0,41.19,beauty,loyalty_signup,True,TX,2026-04-24
sub_01522,price_sensitive,14,2,88.86,beauty,checkout_optin,False,MA,2026-04-17
sub_01523,high_intent_browser,6,0,45.79,wellness,checkout_optin,False,TX,2026-04-25
sub_01524,new_subscriber,2,0,0,apparel,paid_social,False,PA,2026-04-29
sub_01525,high_intent_browser,4,0,5.58,apparel,popup,True,FL,2026-04-27
sub_01526,vip_loyalist,6,16,875.95,home,popup,True,NY,2026-04-25
sub_01527,high_intent_browser,5,1,33.75,wellness,paid_social,False,IL,2026-04-26
sub_01528,price_sensitive,18,1,104.88,electronics,checkout_optin,False,PA,2026-04-13
sub_01529,vip_loyalist,11,27,591.79,electronics,referral,True,IL,2026-04-20
sub_01530,post_purchase,2,4,148.23,apparel,referral,False,MA,2026-04-29
sub_01531,price_sensitive,28,5,112.35,electronics,checkout_optin,False,IL,2026-04-03
sub_01532,winback_dormant,129,9,259.85,home,paid_social,False,WA,2025-12-23
sub_01533,post_purchase,9,3,158.32,apparel,paid_social,False,PA,2026-04-22
sub_01534,vip_loyalist,15,27,671.82,wellness,referral,True,MA,2026-04-16
sub_01535,vip_loyalist,11,30,1285.6,apparel,popup,True,TX,2026-04-20
sub_01536,post_purchase,6,6,79.36,beauty,checkout_optin,False,TX,2026-04-25
sub_01537,post_purchase,11,2,168.96,home,popup,False,NY,2026-04-20
sub_01538,high_intent_browser,2,0,22.4,wellness,loyalty_signup,True,CA,2026-04-29
sub_01539,price_sensitive,28,5,43.91,wellness,referral,False,FL,2026-04-03
sub_01540,winback_dormant,90,2,274.23,kids,paid_social,False,WA,2026-01-31
sub_01541,winback_dormant,118,13,220.47,wellness,referral,False,MA,2026-01-03
sub_01542,new_subscriber,3,0,47.5,apparel,popup,False,GA,2026-04-28
sub_01543,winback_dormant,140,9,210.45,kids,popup,True,CA,2025-12-12
sub_01544,high_intent_browser,0,0,78.32,beauty,loyalty_signup,False,TX,2026-05-01
sub_01545,high_intent_browser,6,0,20.13,electronics,loyalty_signup,False,NY,2026-04-25
sub_01546,price_sensitive,20,5,107.65,apparel,paid_social,False,MA,2026-04-11
sub_01547,price_sensitive,29,5,38.17,kids,loyalty_signup,False,FL,2026-04-02
sub_01548,post_purchase,7,2,29.17,wellness,paid_social,False,FL,2026-04-24
sub_01549,new_subscriber,2,0,47.01,home,referral,False,GA,2026-04-29
sub_01550,price_sensitive,21,3,34.55,beauty,loyalty_signup,False,WA,2026-04-10
sub_01551,post_purchase,10,3,13.06,kids,paid_social,False,OH,2026-04-21
sub_01552,price_sensitive,17,5,57.3,kids,checkout_optin,False,MA,2026-04-14
sub_01553,high_intent_browser,5,0,74.62,beauty,paid_social,False,FL,2026-04-26
sub_01554,new_subscriber,4,0,32.93,home,paid_social,False,CA,2026-04-27
sub_01555,high_intent_browser,10,0,29.4,kids,popup,False,PA,2026-04-21
sub_01556,price_sensitive,22,7,49.47,apparel,referral,True,FL,2026-04-09
sub_01557,price_sensitive,12,4,61.13,wellness,loyalty_signup,False,IL,2026-04-19
sub_01558,high_intent_browser,5,0,20.21,beauty,paid_social,False,OH,2026-04-26
sub_01559,vip_loyalist,6,21,1155.92,kids,popup,True,WA,2026-04-25
sub_01560,vip_loyalist,24,8,739.79,home,loyalty_signup,True,PA,2026-04-07
sub_01561,high_intent_browser,1,2,16.24,electronics,checkout_optin,False,NY,2026-04-30
sub_01562,new_subscriber,6,0,31.44,wellness,popup,True,FL,2026-04-25
sub_01563,price_sensitive,13,0,67.8,kids,popup,True,TX,2026-04-18
sub_01564,vip_loyalist,12,19,1389.4,beauty,checkout_optin,True,WA,2026-04-19
sub_01565,price_sensitive,17,5,120.97,apparel,loyalty_signup,False,TX,2026-04-14
sub_01566,high_intent_browser,4,0,10.25,beauty,checkout_optin,False,GA,2026-04-27
sub_01567,new_subscriber,3,0,10.3,apparel,checkout_optin,False,CA,2026-04-28
sub_01568,new_subscriber,0,0,27.79,electronics,referral,False,CA,2026-05-01
sub_01569,high_intent_browser,3,0,19.84,apparel,popup,True,NY,2026-04-28
sub_01570,post_purchase,5,1,78.56,wellness,paid_social,False,TX,2026-04-26
sub_01571,price_sensitive,7,2,39.91,wellness,referral,False,GA,2026-04-24
sub_01572,price_sensitive,13,6,47.47,wellness,popup,False,NY,2026-04-18
sub_01573,high_intent_browser,3,1,11.62,electronics,popup,False,WA,2026-04-28
sub_01574,post_purchase,8,4,276.66,home,loyalty_signup,True,FL,2026-04-23
sub_01575,vip_loyalist,13,19,1062.89,apparel,checkout_optin,True,CA,2026-04-18
sub_01576,high_intent_browser,3,0,49.83,electronics,loyalty_signup,False,MA,2026-04-28
sub_01577,high_intent_browser,5,2,32.42,wellness,paid_social,False,CA,2026-04-26
sub_01578,winback_dormant,120,0,181.08,electronics,paid_social,False,GA,2026-01-01
sub_01579,vip_loyalist,17,25,601.43,wellness,loyalty_signup,True,PA,2026-04-14
sub_01580,high_intent_browser,5,1,74.54,wellness,loyalty_signup,False,PA,2026-04-26
sub_01581,winback_dormant,153,11,364.01,apparel,referral,False,TX,2025-11-29
sub_01582,new_subscriber,5,0,16.75,wellness,referral,False,IL,2026-04-26
sub_01583,price_sensitive,18,3,88.55,wellness,loyalty_signup,False,IL,2026-04-13
sub_01584,high_intent_browser,6,0,35.42,beauty,checkout_optin,False,WA,2026-04-25
sub_01585,post_purchase,8,2,86.57,beauty,referral,True,CA,2026-04-23
sub_01586,high_intent_browser,7,2,33.37,beauty,popup,False,FL,2026-04-24
sub_01587,new_subscriber,2,0,39.37,apparel,paid_social,True,TX,2026-04-29
sub_01588,high_intent_browser,6,0,36.46,home,loyalty_signup,True,OH,2026-04-25
sub_01589,high_intent_browser,3,0,26.66,beauty,referral,True,OH,2026-04-28
sub_01590,post_purchase,14,2,205.44,kids,popup,False,OH,2026-04-17
sub_01591,vip_loyalist,7,28,1738.94,wellness,referral,True,MA,2026-04-24
sub_01592,high_intent_browser,0,2,8.74,apparel,paid_social,True,CA,2026-05-01
sub_01593,high_intent_browser,7,0,51.59,kids,referral,False,TX,2026-04-24
sub_01594,high_intent_browser,2,0,7.89,beauty,paid_social,False,OH,2026-04-29
sub_01595,high_intent_browser,4,0,42.78,kids,popup,False,IL,2026-04-27
sub_01596,price_sensitive,9,8,86.17,beauty,checkout_optin,False,TX,2026-04-22
sub_01597,high_intent_browser,5,0,46.46,electronics,popup,False,WA,2026-04-26
sub_01598,vip_loyalist,17,25,1361.98,electronics,referral,True,GA,2026-04-14
sub_01599,high_intent_browser,3,2,43.38,home,loyalty_signup,True,OH,2026-04-28
sub_01600,high_intent_browser,5,0,48.25,apparel,paid_social,True,WA,2026-04-26
sub_01601,post_purchase,11,6,0,home,referral,False,PA,2026-04-20
sub_01602,high_intent_browser,6,1,27.82,apparel,checkout_optin,False,OH,2026-04-25
sub_01603,price_sensitive,16,3,58.75,home,referral,False,NY,2026-04-15
sub_01604,high_intent_browser,5,0,31.94,kids,loyalty_signup,False,FL,2026-04-26
sub_01605,high_intent_browser,6,1,27.18,beauty,paid_social,False,FL,2026-04-25
sub_01606,winback_dormant,43,7,235.57,apparel,checkout_optin,False,TX,2026-03-19
sub_01607,high_intent_browser,9,0,53.13,beauty,loyalty_signup,True,NY,2026-04-22
sub_01608,price_sensitive,19,5,57.17,wellness,loyalty_signup,False,OH,2026-04-12
sub_01609,price_sensitive,22,3,74.74,beauty,checkout_optin,True,FL,2026-04-09
sub_01610,price_sensitive,0,7,72.2,electronics,referral,False,GA,2026-05-01
sub_01611,post_purchase,9,3,155.63,apparel,checkout_optin,False,WA,2026-04-22
sub_01612,new_subscriber,2,0,24.18,beauty,popup,False,FL,2026-04-29
sub_01613,high_intent_browser,4,1,62.04,apparel,paid_social,False,PA,2026-04-27
sub_01614,high_intent_browser,6,1,58.15,home,checkout_optin,False,MA,2026-04-25
sub_01615,high_intent_browser,3,2,24.83,beauty,checkout_optin,False,MA,2026-04-28
sub_01616,high_intent_browser,5,1,76.46,home,referral,False,TX,2026-04-26
sub_01617,post_purchase,7,6,100.13,beauty,paid_social,False,TX,2026-04-24
sub_01618,new_subscriber,3,0,0,wellness,loyalty_signup,False,IL,2026-04-28
sub_01619,price_sensitive,17,3,18.71,electronics,paid_social,False,MA,2026-04-14
sub_01620,winback_dormant,56,13,15.9,beauty,referral,False,IL,2026-03-06
sub_01621,high_intent_browser,3,0,56.62,home,popup,False,GA,2026-04-28
sub_01622,high_intent_browser,6,0,22.2,apparel,referral,False,WA,2026-04-25
sub_01623,price_sensitive,23,3,16.32,electronics,paid_social,False,FL,2026-04-08
sub_01624,price_sensitive,18,3,24.92,home,loyalty_signup,True,FL,2026-04-13
sub_01625,high_intent_browser,5,3,22.38,electronics,paid_social,False,MA,2026-04-26
sub_01626,post_purchase,8,4,187.73,kids,loyalty_signup,False,GA,2026-04-23
sub_01627,price_sensitive,0,4,59.84,home,popup,False,IL,2026-05-01
sub_01628,winback_dormant,87,8,408.54,beauty,referral,False,IL,2026-02-03
sub_01629,price_sensitive,20,2,0,electronics,referral,False,OH,2026-04-11
sub_01630,post_purchase,5,0,174.55,home,checkout_optin,False,FL,2026-04-26
sub_01631,winback_dormant,1,6,199.58,home,loyalty_signup,True,TX,2026-04-30
sub_01632,winback_dormant,96,5,237.99,apparel,loyalty_signup,True,WA,2026-01-25
sub_01633,price_sensitive,15,7,39.08,wellness,referral,False,TX,2026-04-16
sub_01634,price_sensitive,25,4,147.7,wellness,popup,False,FL,2026-04-06
sub_01635,post_purchase,5,5,161.19,beauty,popup,False,FL,2026-04-26
sub_01636,new_subscriber,3,0,25.91,beauty,checkout_optin,True,TX,2026-04-28
sub_01637,post_purchase,2,6,158.95,kids,referral,False,MA,2026-04-29
sub_01638,vip_loyalist,10,26,588.31,wellness,popup,True,IL,2026-04-21
sub_01639,price_sensitive,22,5,83.03,beauty,loyalty_signup,False,GA,2026-04-09
sub_01640,vip_loyalist,12,14,1544.12,apparel,loyalty_signup,True,FL,2026-04-19
sub_01641,high_intent_browser,4,0,53.95,wellness,checkout_optin,True,FL,2026-04-27
sub_01642,price_sensitive,28,4,45.66,home,checkout_optin,True,PA,2026-04-03
sub_01643,price_sensitive,15,5,127.67,home,checkout_optin,False,GA,2026-04-16
sub_01644,new_subscriber,3,0,60.6,apparel,popup,False,WA,2026-04-28
sub_01645,price_sensitive,25,1,0.97,electronics,checkout_optin,False,MA,2026-04-06
sub_01646,post_purchase,8,3,53.18,home,popup,False,MA,2026-04-23
sub_01647,new_subscriber,4,0,13.48,wellness,referral,False,TX,2026-04-27
sub_01648,price_sensitive,15,5,2.05,electronics,loyalty_signup,False,WA,2026-04-16
sub_01649,high_intent_browser,6,1,32.23,electronics,paid_social,True,PA,2026-04-25
sub_01650,new_subscriber,3,0,50.64,kids,loyalty_signup,True,WA,2026-04-28
sub_01651,high_intent_browser,7,1,28.67,beauty,checkout_optin,False,IL,2026-04-24
sub_01652,new_subscriber,4,0,10.84,kids,checkout_optin,False,FL,2026-04-27
sub_01653,new_subscriber,1,0,37.83,apparel,checkout_optin,False,OH,2026-04-30
sub_01654,post_purchase,1,3,234.86,apparel,paid_social,False,MA,2026-04-30
sub_01655,vip_loyalist,13,36,276.48,home,loyalty_signup,True,PA,2026-04-18
sub_01656,price_sensitive,18,6,53.72,wellness,loyalty_signup,False,CA,2026-04-13
sub_01657,new_subscriber,1,0,54.15,apparel,checkout_optin,False,GA,2026-04-30
sub_01658,price_sensitive,8,3,15.55,home,referral,False,PA,2026-04-23
sub_01659,high_intent_browser,2,0,23.74,kids,referral,False,GA,2026-04-29
sub_01660,high_intent_browser,4,0,54.31,apparel,popup,False,NY,2026-04-27
sub_01661,price_sensitive,18,6,111.26,home,paid_social,False,CA,2026-04-13
sub_01662,high_intent_browser,6,1,46.45,electronics,referral,False,WA,2026-04-25
sub_01663,high_intent_browser,5,1,55.5,kids,loyalty_signup,False,WA,2026-04-26
sub_01664,high_intent_browser,3,1,38.77,home,loyalty_signup,False,CA,2026-04-28
sub_01665,new_subscriber,2,0,53.6,home,popup,False,FL,2026-04-29
sub_01666,vip_loyalist,3,25,649.6,beauty,checkout_optin,True,GA,2026-04-28
sub_01667,new_subscriber,2,1,80.27,electronics,loyalty_signup,False,IL,2026-04-29
sub_01668,vip_loyalist,16,26,1186.02,home,checkout_optin,True,FL,2026-04-15
sub_01669,vip_loyalist,6,15,1012.93,beauty,checkout_optin,True,PA,2026-04-25
sub_01670,high_intent_browser,4,0,43.59,beauty,checkout_optin,False,OH,2026-04-27
sub_01671,high_intent_browser,5,1,55.98,apparel,paid_social,False,NY,2026-04-26
sub_01672,high_intent_browser,2,1,18.05,kids,popup,False,OH,2026-04-29
sub_01673,price_sensitive,27,3,95.24,wellness,loyalty_signup,False,MA,2026-04-04
sub_01674,price_sensitive,10,5,40.01,apparel,checkout_optin,False,IL,2026-04-21
sub_01675,price_sensitive,18,3,115.44,electronics,referral,False,NY,2026-04-13
sub_01676,vip_loyalist,14,28,681.98,wellness,loyalty_signup,True,TX,2026-04-17
sub_01677,post_purchase,9,4,149.92,home,loyalty_signup,False,CA,2026-04-22
sub_01678,price_sensitive,12,2,112.23,kids,paid_social,False,FL,2026-04-19
sub_01679,new_subscriber,1,0,21.0,apparel,paid_social,False,OH,2026-04-30
sub_01680,winback_dormant,109,16,184.09,wellness,loyalty_signup,False,GA,2026-01-12
sub_01681,new_subscriber,3,0,43.94,apparel,paid_social,False,OH,2026-04-28
sub_01682,price_sensitive,28,6,128.46,kids,loyalty_signup,False,CA,2026-04-03
sub_01683,vip_loyalist,16,31,969.38,apparel,paid_social,True,FL,2026-04-15
sub_01684,post_purchase,9,4,151.59,kids,paid_social,False,MA,2026-04-22
sub_01685,winback_dormant,90,9,116.92,kids,loyalty_signup,False,GA,2026-01-31
sub_01686,high_intent_browser,2,0,43.22,apparel,loyalty_signup,False,CA,2026-04-29
sub_01687,high_intent_browser,7,0,33.65,apparel,checkout_optin,True,FL,2026-04-24
sub_01688,price_sensitive,16,3,114.13,apparel,popup,True,NY,2026-04-15
sub_01689,new_subscriber,2,1,32.46,electronics,loyalty_signup,True,TX,2026-04-29
sub_01690,high_intent_browser,3,0,69.93,kids,paid_social,False,IL,2026-04-28
sub_01691,price_sensitive,25,5,39.89,kids,paid_social,False,WA,2026-04-06
sub_01692,new_subscriber,2,0,7.69,apparel,popup,False,OH,2026-04-29
sub_01693,high_intent_browser,4,1,21.11,wellness,checkout_optin,False,OH,2026-04-27
sub_01694,winback_dormant,89,8,244.19,electronics,paid_social,False,PA,2026-02-01
sub_01695,post_purchase,0,6,100.06,wellness,paid_social,False,CA,2026-05-01
sub_01696,price_sensitive,16,4,48.24,apparel,referral,False,IL,2026-04-15
sub_01697,high_intent_browser,7,2,9.1,apparel,checkout_optin,False,PA,2026-04-24
sub_01698,new_subscriber,2,1,57.35,home,popup,False,MA,2026-04-29
sub_01699,new_subscriber,5,0,56.03,electronics,popup,False,OH,2026-04-26
sub_01700,price_sensitive,18,3,58.1,kids,paid_social,False,MA,2026-04-13
sub_01701,post_purchase,6,5,156.55,wellness,referral,False,IL,2026-04-25
sub_01702,price_sensitive,7,1,80.97,wellness,loyalty_signup,False,OH,2026-04-24
sub_01703,price_sensitive,27,5,67.03,wellness,popup,False,FL,2026-04-04
sub_01704,new_subscriber,1,1,60.0,electronics,popup,False,IL,2026-04-30
sub_01705,vip_loyalist,19,26,844.15,apparel,referral,True,GA,2026-04-12
sub_01706,price_sensitive,19,7,46.2,electronics,loyalty_signup,False,WA,2026-04-12
sub_01707,high_intent_browser,5,2,70.92,kids,loyalty_signup,False,OH,2026-04-26
sub_01708,winback_dormant,108,7,314.8,home,referral,False,PA,2026-01-13
sub_01709,high_intent_browser,3,0,29.05,beauty,checkout_optin,False,WA,2026-04-28
sub_01710,high_intent_browser,2,0,32.15,home,loyalty_signup,False,NY,2026-04-29
sub_01711,high_intent_browser,3,2,44.26,kids,popup,False,OH,2026-04-28
sub_01712,post_purchase,5,7,116.37,beauty,loyalty_signup,False,TX,2026-04-26
sub_01713,high_intent_browser,5,1,43.93,home,paid_social,False,WA,2026-04-26
sub_01714,new_subscriber,2,0,26.42,kids,loyalty_signup,False,OH,2026-04-29
sub_01715,high_intent_browser,5,0,0,electronics,referral,False,PA,2026-04-26
sub_01716,new_subscriber,2,0,52.47,apparel,popup,False,IL,2026-04-29
sub_01717,new_subscriber,1,2,44.31,wellness,checkout_optin,False,WA,2026-04-30
sub_01718,post_purchase,8,4,159.17,apparel,checkout_optin,False,NY,2026-04-23
sub_01719,high_intent_browser,3,0,6.15,kids,checkout_optin,False,CA,2026-04-28
sub_01720,vip_loyalist,6,41,1353.91,beauty,paid_social,True,IL,2026-04-25
sub_01721,high_intent_browser,6,0,69.92,home,paid_social,False,WA,2026-04-25
sub_01722,vip_loyalist,22,31,1167.58,kids,loyalty_signup,True,MA,2026-04-09
sub_01723,high_intent_browser,4,1,55.3,apparel,paid_social,False,MA,2026-04-27
sub_01724,price_sensitive,25,4,33.43,wellness,paid_social,False,GA,2026-04-06
sub_01725,vip_loyalist,20,1,1224.63,wellness,popup,True,CA,2026-04-11
sub_01726,high_intent_browser,5,0,31.04,wellness,checkout_optin,True,TX,2026-04-26
sub_01727,winback_dormant,112,10,350.95,electronics,popup,False,NY,2026-01-09
sub_01728,winback_dormant,176,11,285.86,kids,referral,False,MA,2025-11-06
sub_01729,price_sensitive,14,3,94.59,apparel,popup,False,OH,2026-04-17
sub_01730,high_intent_browser,4,0,40.35,electronics,checkout_optin,False,WA,2026-04-27
sub_01731,high_intent_browser,7,0,0,wellness,referral,False,TX,2026-04-24
sub_01732,high_intent_browser,4,0,48.55,apparel,loyalty_signup,True,MA,2026-04-27
sub_01733,high_intent_browser,6,1,25.18,wellness,paid_social,False,MA,2026-04-25
sub_01734,high_intent_browser,4,0,44.66,apparel,checkout_optin,False,OH,2026-04-27
sub_01735,high_intent_browser,6,1,48.45,kids,popup,False,OH,2026-04-25
sub_01736,price_sensitive,22,4,76.18,electronics,checkout_optin,True,PA,2026-04-09
sub_01737,high_intent_browser,4,0,16.79,wellness,checkout_optin,False,GA,2026-04-27
sub_01738,high_intent_browser,4,1,11.91,kids,checkout_optin,False,PA,2026-04-27
sub_01739,vip_loyalist,16,40,791.52,kids,popup,True,TX,2026-04-15
sub_01740,high_intent_browser,6,3,27.69,home,checkout_optin,False,WA,2026-04-25
sub_01741,new_subscriber,2,0,65.33,beauty,referral,False,PA,2026-04-29
sub_01742,new_subscriber,2,0,12.9,kids,paid_social,False,MA,2026-04-29
sub_01743,vip_loyalist,11,17,802.63,home,popup,True,FL,2026-04-20
sub_01744,post_purchase,1,8,127.63,kids,checkout_optin,False,TX,2026-04-30
sub_01745,price_sensitive,17,1,103.63,home,checkout_optin,False,GA,2026-04-14
sub_01746,price_sensitive,22,3,52.12,electronics,popup,False,CA,2026-04-09
sub_01747,vip_loyalist,17,12,712.31,home,referral,True,IL,2026-04-14
sub_01748,new_subscriber,4,0,28.63,kids,popup,False,FL,2026-04-27
sub_01749,winback_dormant,120,11,283.84,beauty,paid_social,False,GA,2026-01-01
sub_01750,high_intent_browser,6,1,18.99,home,checkout_optin,True,GA,2026-04-25
sub_01751,price_sensitive,19,5,0,wellness,popup,False,IL,2026-04-12
sub_01752,high_intent_browser,1,0,25.87,beauty,referral,False,GA,2026-04-30
sub_01753,price_sensitive,10,6,80.75,electronics,popup,False,MA,2026-04-21
sub_01754,new_subscriber,2,0,30.23,apparel,paid_social,False,IL,2026-04-29
sub_01755,high_intent_browser,6,0,5.65,electronics,loyalty_signup,False,MA,2026-04-25
sub_01756,vip_loyalist,11,26,270.83,kids,popup,True,NY,2026-04-20
sub_01757,vip_loyalist,5,22,1206.18,home,referral,True,PA,2026-04-26
sub_01758,vip_loyalist,19,25,1122.76,wellness,popup,True,WA,2026-04-12
sub_01759,high_intent_browser,5,1,34.11,kids,paid_social,False,NY,2026-04-26
sub_01760,new_subscriber,4,0,33.9,wellness,loyalty_signup,False,OH,2026-04-27
sub_01761,price_sensitive,15,3,75.12,beauty,paid_social,False,OH,2026-04-16
sub_01762,price_sensitive,18,2,33.93,kids,loyalty_signup,True,FL,2026-04-13
sub_01763,high_intent_browser,4,0,26.6,apparel,checkout_optin,False,NY,2026-04-27
sub_01764,high_intent_browser,2,0,63.12,apparel,checkout_optin,False,CA,2026-04-29
sub_01765,vip_loyalist,11,10,539.66,apparel,popup,True,PA,2026-04-20
sub_01766,high_intent_browser,6,1,30.0,wellness,popup,True,WA,2026-04-25
sub_01767,high_intent_browser,6,0,27.42,beauty,paid_social,False,PA,2026-04-25
sub_01768,high_intent_browser,8,1,22.97,kids,referral,False,MA,2026-04-23
sub_01769,price_sensitive,6,5,49.23,wellness,loyalty_signup,False,FL,2026-04-25
sub_01770,high_intent_browser,2,0,48.43,electronics,referral,False,TX,2026-04-29
sub_01771,new_subscriber,4,0,29.41,beauty,paid_social,True,IL,2026-04-27
sub_01772,new_subscriber,2,0,20.38,beauty,paid_social,False,MA,2026-04-29
sub_01773,vip_loyalist,4,25,1372.91,home,checkout_optin,True,TX,2026-04-27
sub_01774,vip_loyalist,9,23,185.99,wellness,checkout_optin,True,FL,2026-04-22
sub_01775,high_intent_browser,7,0,1.12,wellness,paid_social,False,CA,2026-04-24
sub_01776,high_intent_browser,6,0,10.07,electronics,checkout_optin,False,TX,2026-04-25
sub_01777,price_sensitive,18,3,76.76,home,loyalty_signup,False,PA,2026-04-13
sub_01778,new_subscriber,2,0,44.77,beauty,paid_social,False,CA,2026-04-29
sub_01779,price_sensitive,11,4,109.21,kids,referral,False,MA,2026-04-20
sub_01780,high_intent_browser,6,2,26.53,electronics,loyalty_signup,False,FL,2026-04-25
sub_01781,price_sensitive,24,1,95.32,beauty,checkout_optin,False,TX,2026-04-07
sub_01782,price_sensitive,10,6,18.13,electronics,loyalty_signup,False,TX,2026-04-21
sub_01783,high_intent_browser,8,1,54.51,electronics,referral,False,MA,2026-04-23
sub_01784,high_intent_browser,8,1,18.5,home,popup,False,NY,2026-04-23
sub_01785,price_sensitive,14,4,60.89,electronics,referral,False,OH,2026-04-17
sub_01786,high_intent_browser,5,2,43.59,kids,checkout_optin,False,CA,2026-04-26
sub_01787,high_intent_browser,4,0,37.01,electronics,checkout_optin,False,IL,2026-04-27
sub_01788,new_subscriber,3,0,40.98,wellness,loyalty_signup,False,OH,2026-04-28
sub_01789,high_intent_browser,3,0,47.67,kids,popup,False,IL,2026-04-28
sub_01790,high_intent_browser,4,0,53.05,wellness,checkout_optin,False,CA,2026-04-27
sub_01791,winback_dormant,60,4,259.1,wellness,popup,False,FL,2026-03-02
sub_01792,new_subscriber,1,0,33.22,electronics,popup,True,IL,2026-04-30
sub_01793,high_intent_browser,5,0,34.49,beauty,paid_social,False,PA,2026-04-26
sub_01794,vip_loyalist,15,28,872.8,beauty,checkout_optin,True,NY,2026-04-16
sub_01795,winback_dormant,95,6,214.83,beauty,popup,True,CA,2026-01-26
sub_01796,new_subscriber,3,2,44.43,kids,checkout_optin,False,NY,2026-04-28
sub_01797,post_purchase,11,4,84.09,electronics,checkout_optin,False,CA,2026-04-20
sub_01798,high_intent_browser,4,0,59.61,kids,referral,False,MA,2026-04-27
sub_01799,new_subscriber,4,0,30.27,beauty,referral,False,GA,2026-04-27
sub_01800,post_purchase,3,5,56.64,apparel,checkout_optin,False,PA,2026-04-28
sub_01801,new_subscriber,2,1,22.63,apparel,checkout_optin,True,CA,2026-04-29
sub_01802,vip_loyalist,12,12,719.94,home,checkout_optin,True,MA,2026-04-19
sub_01803,price_sensitive,11,3,57.47,apparel,referral,False,WA,2026-04-20
sub_01804,vip_loyalist,12,24,505.48,electronics,paid_social,True,PA,2026-04-19
sub_01805,post_purchase,9,2,170.07,beauty,paid_social,False,GA,2026-04-22
sub_01806,price_sensitive,13,3,51.01,kids,referral,False,NY,2026-04-18
sub_01807,new_subscriber,0,0,28.5,wellness,checkout_optin,False,GA,2026-05-01
sub_01808,high_intent_browser,7,0,46.31,beauty,checkout_optin,False,FL,2026-04-24
sub_01809,vip_loyalist,6,27,172.67,apparel,loyalty_signup,True,WA,2026-04-25
sub_01810,new_subscriber,2,0,40.99,home,referral,False,FL,2026-04-29
sub_01811,winback_dormant,79,15,111.74,electronics,popup,False,TX,2026-02-11
sub_01812,high_intent_browser,3,1,62.49,electronics,checkout_optin,False,CA,2026-04-28
sub_01813,post_purchase,5,8,151.02,wellness,loyalty_signup,True,TX,2026-04-26
sub_01814,post_purchase,14,8,52.04,beauty,loyalty_signup,True,TX,2026-04-17
sub_01815,post_purchase,5,1,163.97,apparel,loyalty_signup,False,MA,2026-04-26
sub_01816,vip_loyalist,17,31,748.57,beauty,referral,True,TX,2026-04-14
sub_01817,high_intent_browser,2,0,49.03,electronics,paid_social,False,CA,2026-04-29
sub_01818,high_intent_browser,4,2,50.45,wellness,referral,False,NY,2026-04-27
sub_01819,post_purchase,8,6,175.63,wellness,paid_social,False,FL,2026-04-23
sub_01820,high_intent_browser,7,2,15.29,kids,checkout_optin,False,IL,2026-04-24
sub_01821,price_sensitive,18,3,50.75,wellness,loyalty_signup,False,OH,2026-04-13
sub_01822,new_subscriber,4,0,26.3,apparel,referral,False,GA,2026-04-27
sub_01823,price_sensitive,15,3,62.09,home,referral,False,OH,2026-04-16
sub_01824,high_intent_browser,5,2,0,apparel,referral,False,OH,2026-04-26
sub_01825,new_subscriber,3,0,51.84,electronics,popup,False,PA,2026-04-28
sub_01826,high_intent_browser,5,0,30.06,kids,popup,False,IL,2026-04-26
sub_01827,post_purchase,11,2,158.69,home,referral,False,FL,2026-04-20
sub_01828,new_subscriber,2,0,27.07,wellness,loyalty_signup,False,NY,2026-04-29
sub_01829,vip_loyalist,16,21,574.07,kids,loyalty_signup,True,FL,2026-04-15
sub_01830,high_intent_browser,4,2,29.94,electronics,loyalty_signup,False,NY,2026-04-27
sub_01831,price_sensitive,12,4,120.44,wellness,checkout_optin,False,PA,2026-04-19
sub_01832,price_sensitive,16,4,66.11,beauty,paid_social,False,WA,2026-04-15
sub_01833,high_intent_browser,6,1,27.5,kids,checkout_optin,False,PA,2026-04-25
sub_01834,vip_loyalist,4,13,362.32,kids,popup,True,PA,2026-04-27
sub_01835,high_intent_browser,4,0,64.45,beauty,checkout_optin,False,TX,2026-04-27
sub_01836,vip_loyalist,15,22,409.44,home,referral,True,NY,2026-04-16
sub_01837,post_purchase,6,6,287.29,beauty,loyalty_signup,False,GA,2026-04-25
sub_01838,new_subscriber,3,0,41.79,wellness,loyalty_signup,False,MA,2026-04-28
sub_01839,new_subscriber,2,0,25.71,beauty,loyalty_signup,False,CA,2026-04-29
sub_01840,new_subscriber,2,0,6.75,apparel,checkout_optin,False,NY,2026-04-29
sub_01841,post_purchase,4,1,56.02,kids,referral,True,WA,2026-04-27
sub_01842,winback_dormant,101,8,296.89,home,checkout_optin,False,MA,2026-01-20
sub_01843,winback_dormant,129,3,367.79,apparel,loyalty_signup,False,CA,2025-12-23
sub_01844,new_subscriber,2,0,43.64,apparel,loyalty_signup,False,OH,2026-04-29
sub_01845,price_sensitive,20,3,39.15,apparel,loyalty_signup,False,GA,2026-04-11
sub_01846,price_sensitive,2,4,53.63,electronics,referral,False,TX,2026-04-29
sub_01847,winback_dormant,56,7,268.12,electronics,paid_social,False,CA,2026-03-06
sub_01848,winback_dormant,102,6,200.56,beauty,checkout_optin,False,IL,2026-01-19
sub_01849,new_subscriber,3,0,12.74,beauty,popup,True,MA,2026-04-28
sub_01850,high_intent_browser,1,0,46.92,wellness,checkout_optin,False,MA,2026-04-30
sub_01851,new_subscriber,3,0,43.92,beauty,paid_social,False,CA,2026-04-28
sub_01852,high_intent_browser,3,0,48.07,kids,popup,True,PA,2026-04-28
sub_01853,price_sensitive,19,1,129.81,beauty,paid_social,True,PA,2026-04-12
sub_01854,price_sensitive,19,3,33.62,apparel,checkout_optin,False,OH,2026-04-12
sub_01855,price_sensitive,17,5,74.2,beauty,checkout_optin,False,WA,2026-04-14
sub_01856,high_intent_browser,4,1,47.52,kids,checkout_optin,False,NY,2026-04-27
sub_01857,new_subscriber,3,0,60.86,home,referral,True,FL,2026-04-28
sub_01858,winback_dormant,137,5,142.86,kids,loyalty_signup,True,PA,2025-12-15
sub_01859,vip_loyalist,8,35,1223.12,kids,referral,True,MA,2026-04-23
sub_01860,high_intent_browser,6,0,15.3,beauty,paid_social,False,WA,2026-04-25
sub_01861,price_sensitive,15,6,27.14,wellness,checkout_optin,False,TX,2026-04-16
sub_01862,high_intent_browser,7,1,53.58,home,loyalty_signup,False,CA,2026-04-24
sub_01863,high_intent_browser,5,0,38.59,beauty,referral,False,OH,2026-04-26
sub_01864,price_sensitive,31,0,71.28,beauty,popup,False,MA,2026-03-31
sub_01865,new_subscriber,4,0,8.74,electronics,referral,True,NY,2026-04-27
sub_01866,post_purchase,9,4,289.7,electronics,referral,False,FL,2026-04-22
sub_01867,vip_loyalist,12,20,1722.96,electronics,loyalty_signup,True,MA,2026-04-19
sub_01868,vip_loyalist,5,13,866.56,apparel,loyalty_signup,True,WA,2026-04-26
sub_01869,post_purchase,8,6,276.68,kids,checkout_optin,False,OH,2026-04-23
sub_01870,new_subscriber,2,0,14.63,beauty,referral,False,NY,2026-04-29
sub_01871,post_purchase,9,8,203.83,beauty,referral,False,FL,2026-04-22
sub_01872,new_subscriber,2,0,29.65,kids,loyalty_signup,False,IL,2026-04-29
sub_01873,high_intent_browser,7,1,29.34,home,referral,False,MA,2026-04-24
sub_01874,price_sensitive,17,2,92.44,apparel,paid_social,True,OH,2026-04-14
sub_01875,high_intent_browser,4,1,76.08,apparel,referral,False,CA,2026-04-27
sub_01876,high_intent_browser,2,0,70.6,home,paid_social,False,FL,2026-04-29
sub_01877,price_sensitive,20,3,96.39,wellness,referral,False,IL,2026-04-11
sub_01878,high_intent_browser,7,0,18.48,home,loyalty_signup,False,NY,2026-04-24
sub_01879,price_sensitive,30,3,40.84,apparel,popup,False,PA,2026-04-01
sub_01880,winback_dormant,68,10,342.36,beauty,popup,False,GA,2026-02-22
sub_01881,post_purchase,7,2,93.99,electronics,loyalty_signup,False,PA,2026-04-24
sub_01882,price_sensitive,22,4,0,wellness,referral,False,MA,2026-04-09
sub_01883,new_subscriber,4,0,35.92,home,popup,False,MA,2026-04-27
sub_01884,price_sensitive,22,3,115.5,kids,popup,True,MA,2026-04-09
sub_01885,vip_loyalist,12,20,641.51,kids,paid_social,True,WA,2026-04-19
sub_01886,winback_dormant,89,5,89.4,beauty,popup,False,NY,2026-02-01
sub_01887,high_intent_browser,4,0,32.04,beauty,loyalty_signup,False,PA,2026-04-27
sub_01888,high_intent_browser,5,0,30.92,kids,loyalty_signup,False,CA,2026-04-26
sub_01889,price_sensitive,22,5,90.46,apparel,checkout_optin,True,GA,2026-04-09
sub_01890,high_intent_browser,6,1,60.86,electronics,checkout_optin,False,GA,2026-04-25
sub_01891,high_intent_browser,2,1,8.83,beauty,loyalty_signup,False,TX,2026-04-29
sub_01892,price_sensitive,17,3,87.43,kids,referral,False,NY,2026-04-14
sub_01893,new_subscriber,3,2,34.21,beauty,popup,True,MA,2026-04-28
sub_01894,high_intent_browser,3,0,40.96,electronics,paid_social,False,MA,2026-04-28
sub_01895,new_subscriber,3,0,48.24,kids,checkout_optin,False,TX,2026-04-28
sub_01896,post_purchase,4,5,114.23,kids,paid_social,False,OH,2026-04-27
sub_01897,post_purchase,8,5,199.3,beauty,loyalty_signup,False,GA,2026-04-23
sub_01898,high_intent_browser,6,0,43.06,apparel,checkout_optin,False,NY,2026-04-25
sub_01899,winback_dormant,52,2,103.5,apparel,referral,False,MA,2026-03-10
sub_01900,high_intent_browser,1,3,34.92,apparel,referral,False,OH,2026-04-30
sub_01901,post_purchase,10,4,143.73,home,loyalty_signup,False,OH,2026-04-21
sub_01902,price_sensitive,12,4,59.61,kids,checkout_optin,True,CA,2026-04-19
sub_01903,high_intent_browser,4,1,34.23,apparel,paid_social,False,FL,2026-04-27
sub_01904,new_subscriber,2,0,34.88,apparel,referral,False,FL,2026-04-29
sub_01905,price_sensitive,10,3,75.1,apparel,checkout_optin,False,NY,2026-04-21
sub_01906,price_sensitive,25,2,72.23,kids,loyalty_signup,False,MA,2026-04-06
sub_01907,high_intent_browser,6,0,47.96,home,checkout_optin,False,CA,2026-04-25
sub_01908,vip_loyalist,13,19,756.01,beauty,paid_social,True,PA,2026-04-18
sub_01909,high_intent_browser,7,0,50.8,kids,paid_social,False,WA,2026-04-24
sub_01910,new_subscriber,1,0,7.77,home,checkout_optin,False,FL,2026-04-30
sub_01911,high_intent_browser,7,1,10.18,beauty,popup,False,FL,2026-04-24
sub_01912,high_intent_browser,5,1,28.81,beauty,popup,False,GA,2026-04-26
sub_01913,winback_dormant,128,11,90.34,beauty,paid_social,False,OH,2025-12-24
sub_01914,post_purchase,8,6,94.92,beauty,checkout_optin,True,WA,2026-04-23
sub_01915,price_sensitive,14,0,77.24,kids,popup,True,IL,2026-04-17
sub_01916,post_purchase,10,5,122.74,wellness,paid_social,True,IL,2026-04-21
sub_01917,high_intent_browser,0,0,32.38,wellness,referral,False,MA,2026-05-01
sub_01918,vip_loyalist,10,21,1417.34,kids,loyalty_signup,True,NY,2026-04-21
sub_01919,vip_loyalist,11,25,1210.58,electronics,checkout_optin,True,NY,2026-04-20
sub_01920,winback_dormant,53,9,233.59,home,checkout_optin,False,TX,2026-03-09
sub_01921,price_sensitive,12,0,97.0,kids,paid_social,False,TX,2026-04-19
sub_01922,vip_loyalist,14,17,1380.13,home,popup,True,TX,2026-04-17
sub_01923,high_intent_browser,6,0,26.64,beauty,loyalty_signup,False,MA,2026-04-25
sub_01924,high_intent_browser,5,1,43.66,wellness,loyalty_signup,False,PA,2026-04-26
sub_01925,price_sensitive,18,4,74.48,kids,loyalty_signup,False,FL,2026-04-13
sub_01926,price_sensitive,20,1,49.55,apparel,referral,False,TX,2026-04-11
sub_01927,price_sensitive,25,3,44.57,apparel,paid_social,True,WA,2026-04-06
sub_01928,high_intent_browser,6,0,14.44,beauty,popup,False,OH,2026-04-25
sub_01929,price_sensitive,5,6,61.81,beauty,referral,False,FL,2026-04-26
sub_01930,high_intent_browser,6,0,17.27,beauty,paid_social,True,WA,2026-04-25
sub_01931,new_subscriber,4,0,46.8,wellness,checkout_optin,False,FL,2026-04-27
sub_01932,price_sensitive,15,6,101.46,home,popup,False,MA,2026-04-16
sub_01933,price_sensitive,20,0,12.09,apparel,checkout_optin,True,PA,2026-04-11
sub_01934,winback_dormant,109,8,266.8,home,checkout_optin,False,PA,2026-01-12
sub_01935,vip_loyalist,9,9,696.9,electronics,referral,True,CA,2026-04-22
sub_01936,price_sensitive,20,3,71.02,wellness,checkout_optin,False,IL,2026-04-11
sub_01937,high_intent_browser,2,2,55.62,apparel,referral,True,TX,2026-04-29
sub_01938,price_sensitive,13,5,71.02,wellness,paid_social,False,IL,2026-04-18
sub_01939,price_sensitive,0,5,28.02,wellness,referral,False,WA,2026-05-01
sub_01940,price_sensitive,32,3,18.84,electronics,referral,False,NY,2026-03-30
sub_01941,high_intent_browser,2,0,23.57,home,popup,False,TX,2026-04-29
sub_01942,winback_dormant,96,19,130.39,home,popup,False,WA,2026-01-25
sub_01943,high_intent_browser,4,1,21.18,beauty,loyalty_signup,False,WA,2026-04-27
sub_01944,new_subscriber,3,1,21.33,wellness,paid_social,False,IL,2026-04-28
sub_01945,winback_dormant,99,14,165.0,apparel,checkout_optin,False,WA,2026-01-22
sub_01946,price_sensitive,10,2,46.51,electronics,loyalty_signup,True,IL,2026-04-21
sub_01947,post_purchase,3,3,191.38,electronics,referral,False,WA,2026-04-28
sub_01948,vip_loyalist,21,14,681.91,electronics,referral,True,NY,2026-04-10
sub_01949,price_sensitive,23,5,69.78,electronics,referral,False,WA,2026-04-08
sub_01950,post_purchase,12,3,80.91,apparel,popup,False,CA,2026-04-19
sub_01951,new_subscriber,3,0,46.66,electronics,paid_social,False,NY,2026-04-28
sub_01952,price_sensitive,15,4,74.59,electronics,loyalty_signup,False,WA,2026-04-16
sub_01953,winback_dormant,55,12,308.92,beauty,referral,False,MA,2026-03-07
sub_01954,new_subscriber,4,0,59.63,beauty,paid_social,False,WA,2026-04-27
sub_01955,high_intent_browser,7,1,6.36,electronics,loyalty_signup,False,OH,2026-04-24
sub_01956,vip_loyalist,21,8,1290.27,apparel,referral,True,OH,2026-04-10
sub_01957,price_sensitive,19,5,29.67,kids,checkout_optin,False,OH,2026-04-12
sub_01958,post_purchase,3,5,200.76,wellness,loyalty_signup,True,OH,2026-04-28
sub_01959,winback_dormant,65,6,101.41,electronics,popup,False,OH,2026-02-25
sub_01960,high_intent_browser,6,2,30.38,apparel,checkout_optin,False,GA,2026-04-25
sub_01961,price_sensitive,8,5,47.2,kids,popup,False,MA,2026-04-23
sub_01962,new_subscriber,2,0,33.55,kids,popup,False,IL,2026-04-29
sub_01963,high_intent_browser,4,1,48.45,wellness,checkout_optin,False,WA,2026-04-27
sub_01964,post_purchase,14,5,199.94,electronics,referral,False,WA,2026-04-17
sub_01965,price_sensitive,11,2,60.32,electronics,paid_social,False,MA,2026-04-20
sub_01966,vip_loyalist,9,22,88.6,apparel,popup,True,FL,2026-04-22
sub_01967,vip_loyalist,9,22,344.56,electronics,popup,True,GA,2026-04-22
sub_01968,high_intent_browser,3,1,55.21,electronics,referral,False,OH,2026-04-28
sub_01969,high_intent_browser,2,0,40.99,beauty,loyalty_signup,False,IL,2026-04-29
sub_01970,new_subscriber,3,1,0,beauty,checkout_optin,False,IL,2026-04-28
sub_01971,price_sensitive,15,3,94.96,beauty,loyalty_signup,False,GA,2026-04-16
sub_01972,post_purchase,10,8,41.38,beauty,referral,True,CA,2026-04-21
sub_01973,high_intent_browser,4,0,52.37,apparel,paid_social,False,NY,2026-04-27
sub_01974,post_purchase,11,3,136.3,home,referral,True,FL,2026-04-20
sub_01975,price_sensitive,16,7,147.05,beauty,referral,True,OH,2026-04-15
sub_01976,new_subscriber,4,1,29.96,electronics,paid_social,True,GA,2026-04-27
sub_01977,price_sensitive,20,5,0,apparel,referral,False,MA,2026-04-11
sub_01978,winback_dormant,125,11,225.55,home,popup,False,TX,2025-12-27
sub_01979,vip_loyalist,14,21,370.7,beauty,popup,True,CA,2026-04-17
sub_01980,winback_dormant,148,10,385.82,electronics,loyalty_signup,True,PA,2025-12-04
sub_01981,high_intent_browser,6,1,24.96,wellness,paid_social,False,CA,2026-04-25
sub_01982,price_sensitive,12,3,56.81,home,loyalty_signup,False,GA,2026-04-19
sub_01983,high_intent_browser,5,2,73.69,kids,loyalty_signup,True,GA,2026-04-26
sub_01984,new_subscriber,0,0,25.64,apparel,popup,False,FL,2026-05-01
sub_01985,vip_loyalist,11,23,709.49,apparel,paid_social,True,NY,2026-04-20
sub_01986,high_intent_browser,4,0,0,home,checkout_optin,False,TX,2026-04-27
sub_01987,price_sensitive,16,4,92.21,beauty,loyalty_signup,False,GA,2026-04-15
sub_01988,vip_loyalist,9,28,1412.94,wellness,checkout_optin,True,WA,2026-04-22
sub_01989,price_sensitive,13,6,50.44,kids,paid_social,True,OH,2026-04-18
sub_01990,price_sensitive,15,5,60.93,apparel,popup,False,PA,2026-04-16
sub_01991,price_sensitive,6,2,46.35,apparel,popup,False,NY,2026-04-25
sub_01992,high_intent_browser,6,1,19.79,electronics,popup,False,GA,2026-04-25
sub_01993,new_subscriber,1,0,57.19,home,loyalty_signup,False,FL,2026-04-30
sub_01994,new_subscriber,0,0,34.11,home,popup,False,PA,2026-05-01
sub_01995,high_intent_browser,6,1,25.5,home,checkout_optin,False,WA,2026-04-25
sub_01996,vip_loyalist,3,15,1501.2,wellness,paid_social,True,FL,2026-04-28
sub_01997,vip_loyalist,13,14,744.96,beauty,checkout_optin,True,FL,2026-04-18
sub_01998,price_sensitive,19,4,56.6,wellness,checkout_optin,False,PA,2026-04-12
sub_01999,high_intent_browser,4,0,23.44,beauty,referral,False,WA,2026-04-27
sub_02000,post_purchase,6,10,134.65,home,referral,False,GA,2026-04-25
sub_02001,high_intent_browser,5,1,64.3,kids,checkout_optin,False,CA,2026-04-26
sub_02002,price_sensitive,15,5,30.98,beauty,referral,False,IL,2026-04-16
sub_02003,high_intent_browser,9,0,43.22,home,paid_social,True,GA,2026-04-22
sub_02004,price_sensitive,19,5,57.94,wellness,checkout_optin,False,WA,2026-04-12
sub_02005,high_intent_browser,5,1,11.27,electronics,loyalty_signup,False,FL,2026-04-26
sub_02006,new_subscriber,0,0,22.92,home,referral,False,NY,2026-05-01
sub_02007,high_intent_browser,2,0,15.57,apparel,loyalty_signup,False,TX,2026-04-29
sub_02008,vip_loyalist,14,22,1169.12,electronics,checkout_optin,True,WA,2026-04-17
sub_02009,new_subscriber,3,0,1.97,wellness,referral,False,GA,2026-04-28
sub_02010,price_sensitive,6,2,65.66,apparel,checkout_optin,False,NY,2026-04-25
sub_02011,winback_dormant,130,9,162.8,home,referral,False,MA,2025-12-22
sub_02012,vip_loyalist,5,23,952.86,wellness,loyalty_signup,True,IL,2026-04-26
sub_02013,price_sensitive,13,4,60.2,kids,popup,False,TX,2026-04-18
sub_02014,high_intent_browser,2,1,7.44,home,referral,False,TX,2026-04-29
sub_02015,new_subscriber,2,0,57.57,apparel,loyalty_signup,False,GA,2026-04-29
sub_02016,price_sensitive,13,2,87.99,home,loyalty_signup,False,NY,2026-04-18
sub_02017,price_sensitive,23,4,2.0,kids,checkout_optin,True,IL,2026-04-08
sub_02018,new_subscriber,3,0,0,wellness,popup,False,NY,2026-04-28
sub_02019,price_sensitive,12,5,114.59,kids,checkout_optin,False,FL,2026-04-19
sub_02020,vip_loyalist,17,24,950.52,kids,checkout_optin,True,OH,2026-04-14
sub_02021,vip_loyalist,8,15,1247.22,kids,referral,True,WA,2026-04-23
sub_02022,new_subscriber,2,0,26.0,beauty,loyalty_signup,False,CA,2026-04-29
sub_02023,new_subscriber,3,0,90.72,beauty,referral,True,WA,2026-04-28
sub_02024,vip_loyalist,12,25,290.77,wellness,paid_social,True,GA,2026-04-19
sub_02025,price_sensitive,21,4,111.5,apparel,popup,False,TX,2026-04-10
sub_02026,high_intent_browser,5,2,7.94,apparel,referral,False,GA,2026-04-26
sub_02027,new_subscriber,5,0,57.02,kids,checkout_optin,False,OH,2026-04-26
sub_02028,price_sensitive,13,2,88.27,apparel,paid_social,False,NY,2026-04-18
sub_02029,vip_loyalist,11,14,1171.27,beauty,checkout_optin,True,TX,2026-04-20
sub_02030,winback_dormant,172,11,277.88,kids,checkout_optin,False,CA,2025-11-10
sub_02031,price_sensitive,17,6,86.93,kids,checkout_optin,False,MA,2026-04-14
sub_02032,price_sensitive,30,5,75.97,electronics,paid_social,True,IL,2026-04-01
sub_02033,vip_loyalist,5,15,1555.52,wellness,popup,True,FL,2026-04-26
sub_02034,high_intent_browser,6,0,35.68,beauty,checkout_optin,False,OH,2026-04-25
sub_02035,price_sensitive,34,2,84.23,beauty,checkout_optin,True,PA,2026-03-28
sub_02036,high_intent_browser,5,2,17.77,home,loyalty_signup,False,IL,2026-04-26
sub_02037,post_purchase,7,5,96.72,home,referral,False,IL,2026-04-24
sub_02038,post_purchase,8,4,71.77,electronics,popup,False,MA,2026-04-23
sub_02039,new_subscriber,2,0,23.43,wellness,paid_social,False,NY,2026-04-29
sub_02040,price_sensitive,16,4,108.17,kids,paid_social,False,OH,2026-04-15
sub_02041,post_purchase,8,3,186.88,wellness,popup,False,CA,2026-04-23
sub_02042,post_purchase,9,4,202.54,home,paid_social,False,NY,2026-04-22
sub_02043,high_intent_browser,4,1,33.25,apparel,popup,False,PA,2026-04-27
sub_02044,price_sensitive,23,3,78.79,kids,popup,False,WA,2026-04-08
sub_02045,high_intent_browser,4,2,6.76,electronics,referral,False,WA,2026-04-27
sub_02046,new_subscriber,3,0,27.87,beauty,paid_social,False,CA,2026-04-28
sub_02047,price_sensitive,14,2,62.74,home,checkout_optin,False,TX,2026-04-17
sub_02048,price_sensitive,13,4,46.07,home,paid_social,False,GA,2026-04-18
sub_02049,high_intent_browser,6,1,23.43,kids,loyalty_signup,False,IL,2026-04-25
sub_02050,price_sensitive,20,3,91.23,wellness,paid_social,False,WA,2026-04-11
sub_02051,vip_loyalist,20,29,527.65,kids,referral,True,IL,2026-04-11
sub_02052,new_subscriber,5,0,32.58,electronics,referral,False,WA,2026-04-26
sub_02053,high_intent_browser,6,1,20.1,electronics,referral,False,IL,2026-04-25
sub_02054,post_purchase,5,5,5.5,beauty,checkout_optin,False,OH,2026-04-26
sub_02055,new_subscriber,2,0,26.52,electronics,checkout_optin,False,WA,2026-04-29
sub_02056,vip_loyalist,10,15,951.36,electronics,paid_social,True,GA,2026-04-21
sub_02057,new_subscriber,2,0,29.34,home,loyalty_signup,False,PA,2026-04-29
sub_02058,new_subscriber,1,0,42.95,home,paid_social,False,GA,2026-04-30
sub_02059,high_intent_browser,2,2,8.81,wellness,paid_social,True,PA,2026-04-29
sub_02060,price_sensitive,16,4,28.94,wellness,referral,False,OH,2026-04-15
sub_02061,vip_loyalist,10,21,1591.32,kids,popup,True,NY,2026-04-21
sub_02062,vip_loyalist,10,36,789.09,beauty,loyalty_signup,True,WA,2026-04-21
sub_02063,price_sensitive,20,1,125.93,electronics,popup,False,CA,2026-04-11
sub_02064,new_subscriber,2,0,51.87,home,checkout_optin,False,NY,2026-04-29
sub_02065,winback_dormant,63,6,316.15,kids,loyalty_signup,False,IL,2026-02-27
sub_02066,new_subscriber,2,0,68.48,wellness,loyalty_signup,False,FL,2026-04-29
sub_02067,new_subscriber,0,0,72.11,kids,popup,False,TX,2026-05-01
sub_02068,high_intent_browser,5,0,50.65,beauty,loyalty_signup,False,GA,2026-04-26
sub_02069,high_intent_browser,8,1,30.99,electronics,referral,False,MA,2026-04-23
sub_02070,new_subscriber,1,0,28.89,apparel,loyalty_signup,False,FL,2026-04-30
sub_02071,price_sensitive,27,1,74.73,electronics,loyalty_signup,False,PA,2026-04-04
sub_02072,post_purchase,11,7,97.02,wellness,checkout_optin,True,CA,2026-04-20
sub_02073,high_intent_browser,4,1,48.86,home,checkout_optin,False,IL,2026-04-27
sub_02074,post_purchase,7,6,166.54,kids,referral,False,WA,2026-04-24
sub_02075,post_purchase,4,6,0,apparel,paid_social,False,MA,2026-04-27
sub_02076,price_sensitive,25,4,39.53,wellness,checkout_optin,True,NY,2026-04-06
sub_02077,high_intent_browser,8,1,14.55,wellness,popup,False,CA,2026-04-23
sub_02078,high_intent_browser,6,0,43.12,home,referral,False,CA,2026-04-25
sub_02079,price_sensitive,13,1,41.38,electronics,referral,False,FL,2026-04-18
sub_02080,post_purchase,5,3,129.17,home,referral,False,MA,2026-04-26
sub_02081,new_subscriber,4,1,0,apparel,popup,False,NY,2026-04-27
sub_02082,high_intent_browser,8,0,40.53,apparel,loyalty_signup,False,FL,2026-04-23
sub_02083,new_subscriber,1,2,35.57,wellness,popup,False,GA,2026-04-30
sub_02084,vip_loyalist,0,21,823.07,wellness,loyalty_signup,True,CA,2026-05-01
sub_02085,high_intent_browser,6,0,47.45,wellness,referral,False,WA,2026-04-25
sub_02086,high_intent_browser,5,2,28.11,electronics,checkout_optin,False,CA,2026-04-26
sub_02087,high_intent_browser,5,0,14.84,electronics,paid_social,True,OH,2026-04-26
sub_02088,high_intent_browser,4,0,0,apparel,checkout_optin,False,IL,2026-04-27
sub_02089,high_intent_browser,7,2,3.44,home,loyalty_signup,False,WA,2026-04-24
sub_02090,post_purchase,10,6,216.8,beauty,loyalty_signup,False,CA,2026-04-21
sub_02091,price_sensitive,13,5,92.76,kids,loyalty_signup,False,FL,2026-04-18
sub_02092,high_intent_browser,6,0,54.12,beauty,loyalty_signup,False,GA,2026-04-25
sub_02093,high_intent_browser,4,0,34.34,electronics,checkout_optin,False,FL,2026-04-27
sub_02094,vip_loyalist,10,19,665.24,kids,checkout_optin,True,MA,2026-04-21
sub_02095,price_sensitive,17,4,116.14,beauty,referral,False,WA,2026-04-14
sub_02096,price_sensitive,21,5,39.91,beauty,checkout_optin,True,PA,2026-04-10
sub_02097,price_sensitive,14,4,60.8,beauty,referral,True,NY,2026-04-17
sub_02098,winback_dormant,86,6,171.11,beauty,paid_social,False,CA,2026-02-04
sub_02099,winback_dormant,63,2,381.18,apparel,checkout_optin,False,PA,2026-02-27
sub_02100,price_sensitive,10,5,56.63,beauty,referral,False,MA,2026-04-21
sub_02101,post_purchase,10,4,83.23,home,referral,True,NY,2026-04-21
sub_02102,price_sensitive,25,5,50.66,beauty,loyalty_signup,False,MA,2026-04-06
sub_02103,post_purchase,10,2,164.63,home,referral,False,TX,2026-04-21
sub_02104,vip_loyalist,8,35,1217.45,electronics,loyalty_signup,True,TX,2026-04-23
sub_02105,new_subscriber,3,0,12.52,beauty,checkout_optin,False,TX,2026-04-28
sub_02106,high_intent_browser,5,0,0,kids,popup,False,TX,2026-04-26
sub_02107,post_purchase,7,4,245.89,kids,checkout_optin,False,WA,2026-04-24
sub_02108,high_intent_browser,4,1,48.29,beauty,loyalty_signup,False,GA,2026-04-27
sub_02109,high_intent_browser,2,0,29.4,kids,loyalty_signup,False,MA,2026-04-29
sub_02110,high_intent_browser,2,0,38.15,electronics,paid_social,False,NY,2026-04-29
sub_02111,vip_loyalist,18,23,2027.49,home,popup,True,OH,2026-04-13
sub_02112,high_intent_browser,4,1,44.86,wellness,referral,False,WA,2026-04-27
sub_02113,high_intent_browser,0,0,45.21,electronics,popup,True,PA,2026-05-01
sub_02114,price_sensitive,21,4,72.08,wellness,paid_social,False,OH,2026-04-10
sub_02115,price_sensitive,14,1,66.81,home,loyalty_signup,False,MA,2026-04-17
sub_02116,price_sensitive,26,5,92.53,beauty,paid_social,False,MA,2026-04-05
sub_02117,post_purchase,12,1,48.79,kids,referral,False,IL,2026-04-19
sub_02118,post_purchase,10,4,250.18,kids,loyalty_signup,False,MA,2026-04-21
sub_02119,price_sensitive,12,3,31.64,beauty,referral,True,PA,2026-04-19
sub_02120,high_intent_browser,6,2,51.79,beauty,loyalty_signup,False,PA,2026-04-25
sub_02121,winback_dormant,107,9,192.65,apparel,checkout_optin,True,GA,2026-01-14
sub_02122,price_sensitive,23,2,56.31,beauty,referral,False,IL,2026-04-08
sub_02123,high_intent_browser,1,0,53.44,beauty,referral,False,WA,2026-04-30
sub_02124,new_subscriber,3,0,60.16,wellness,referral,False,OH,2026-04-28
sub_02125,price_sensitive,17,2,65.48,beauty,paid_social,False,FL,2026-04-14
sub_02126,price_sensitive,21,5,100.54,wellness,referral,False,TX,2026-04-10
sub_02127,new_subscriber,4,1,47.85,beauty,popup,False,GA,2026-04-27
sub_02128,post_purchase,14,2,174.75,wellness,popup,False,TX,2026-04-17
sub_02129,price_sensitive,23,4,108.39,electronics,popup,False,MA,2026-04-08
sub_02130,post_purchase,9,6,73.85,apparel,checkout_optin,True,IL,2026-04-22
sub_02131,high_intent_browser,1,1,28.1,apparel,popup,False,WA,2026-04-30
sub_02132,post_purchase,9,4,226.15,electronics,popup,False,FL,2026-04-22
sub_02133,high_intent_browser,7,1,16.78,apparel,checkout_optin,False,WA,2026-04-24
sub_02134,vip_loyalist,15,27,1313.29,beauty,popup,True,IL,2026-04-16
sub_02135,price_sensitive,19,2,49.86,kids,popup,False,MA,2026-04-12
sub_02136,price_sensitive,12,1,24.66,apparel,paid_social,False,TX,2026-04-19
sub_02137,high_intent_browser,2,1,18.42,apparel,checkout_optin,False,IL,2026-04-29
sub_02138,vip_loyalist,7,28,1253.6,wellness,checkout_optin,True,PA,2026-04-24
sub_02139,vip_loyalist,8,28,689.06,apparel,paid_social,True,PA,2026-04-23
sub_02140,high_intent_browser,3,0,34.34,electronics,popup,True,PA,2026-04-28
sub_02141,vip_loyalist,3,31,631.26,home,paid_social,True,PA,2026-04-28
sub_02142,price_sensitive,29,5,4.92,apparel,referral,False,NY,2026-04-02
sub_02143,price_sensitive,21,1,48.08,beauty,popup,False,IL,2026-04-10
sub_02144,price_sensitive,16,2,93.9,wellness,referral,False,FL,2026-04-15
sub_02145,high_intent_browser,4,3,44.44,kids,paid_social,True,FL,2026-04-27
sub_02146,high_intent_browser,5,2,44.36,kids,paid_social,False,NY,2026-04-26
sub_02147,price_sensitive,24,6,88.51,kids,loyalty_signup,False,MA,2026-04-07
sub_02148,high_intent_browser,4,0,12.86,electronics,referral,False,MA,2026-04-27
sub_02149,new_subscriber,2,0,21.99,wellness,popup,False,TX,2026-04-29
sub_02150,vip_loyalist,13,28,210.29,wellness,referral,True,IL,2026-04-18
sub_02151,new_subscriber,2,0,23.53,wellness,loyalty_signup,True,WA,2026-04-29
sub_02152,high_intent_browser,7,1,45.16,electronics,popup,False,IL,2026-04-24
sub_02153,new_subscriber,0,0,37.39,wellness,paid_social,False,OH,2026-05-01
sub_02154,price_sensitive,4,6,62.72,beauty,paid_social,False,OH,2026-04-27
sub_02155,winback_dormant,5,12,12.12,home,popup,False,CA,2026-04-26
sub_02156,vip_loyalist,4,30,639.32,kids,loyalty_signup,True,OH,2026-04-27
sub_02157,price_sensitive,26,2,77.07,home,popup,False,IL,2026-04-05
sub_02158,vip_loyalist,6,22,1418.32,wellness,checkout_optin,True,IL,2026-04-25
sub_02159,post_purchase,8,7,277.71,wellness,paid_social,True,OH,2026-04-23
sub_02160,price_sensitive,16,7,53.18,kids,popup,False,GA,2026-04-15
sub_02161,post_purchase,0,6,70.12,electronics,checkout_optin,False,NY,2026-05-01
sub_02162,new_subscriber,1,0,23.05,electronics,paid_social,False,MA,2026-04-30
sub_02163,new_subscriber,3,0,42.22,electronics,referral,False,IL,2026-04-28
sub_02164,high_intent_browser,3,0,39.98,beauty,paid_social,False,PA,2026-04-28
sub_02165,new_subscriber,3,0,25.03,home,referral,False,FL,2026-04-28
sub_02166,winback_dormant,33,14,171.85,beauty,paid_social,False,OH,2026-03-29
sub_02167,post_purchase,13,8,176.94,beauty,loyalty_signup,False,IL,2026-04-18
sub_02168,vip_loyalist,16,17,1060.91,home,checkout_optin,True,TX,2026-04-15
sub_02169,new_subscriber,2,0,40.54,kids,loyalty_signup,False,CA,2026-04-29
sub_02170,new_subscriber,2,0,65.11,apparel,referral,False,IL,2026-04-29
sub_02171,high_intent_browser,5,1,33.73,beauty,checkout_optin,True,MA,2026-04-26
sub_02172,post_purchase,9,9,63.11,apparel,checkout_optin,True,WA,2026-04-22
sub_02173,high_intent_browser,1,1,45.65,electronics,checkout_optin,False,CA,2026-04-30
sub_02174,post_purchase,8,2,109.63,kids,paid_social,False,OH,2026-04-23
sub_02175,new_subscriber,2,0,19.88,apparel,referral,False,GA,2026-04-29
sub_02176,high_intent_browser,8,1,37.79,beauty,popup,False,CA,2026-04-23
sub_02177,price_sensitive,11,3,122.42,home,loyalty_signup,False,WA,2026-04-20
sub_02178,winback_dormant,98,9,370.3,apparel,checkout_optin,False,TX,2026-01-23
sub_02179,post_purchase,5,4,162.5,kids,referral,False,TX,2026-04-26
sub_02180,winback_dormant,114,12,148.29,wellness,referral,True,FL,2026-01-07
sub_02181,vip_loyalist,7,16,1067.82,electronics,paid_social,True,TX,2026-04-24
sub_02182,post_purchase,2,7,76.72,home,referral,False,FL,2026-04-29
sub_02183,winback_dormant,164,4,259.16,apparel,paid_social,True,IL,2025-11-18
sub_02184,high_intent_browser,2,0,66.77,electronics,paid_social,False,WA,2026-04-29
sub_02185,winback_dormant,141,9,150.6,wellness,loyalty_signup,False,IL,2025-12-11
sub_02186,post_purchase,13,4,64.09,wellness,paid_social,False,GA,2026-04-18
sub_02187,vip_loyalist,8,35,1142.08,beauty,popup,True,MA,2026-04-23
sub_02188,price_sensitive,13,6,66.23,beauty,popup,True,OH,2026-04-18
sub_02189,high_intent_browser,3,0,51.2,kids,loyalty_signup,False,GA,2026-04-28
sub_02190,new_subscriber,3,0,49.07,kids,paid_social,False,NY,2026-04-28
sub_02191,post_purchase,9,7,0,home,paid_social,False,IL,2026-04-22
sub_02192,new_subscriber,1,0,70.38,apparel,loyalty_signup,False,CA,2026-04-30
sub_02193,high_intent_browser,4,0,26.91,wellness,checkout_optin,False,NY,2026-04-27
sub_02194,price_sensitive,14,5,107.03,electronics,popup,False,WA,2026-04-17
sub_02195,price_sensitive,22,8,72.71,electronics,popup,False,MA,2026-04-09
sub_02196,post_purchase,6,8,90.49,kids,paid_social,False,NY,2026-04-25
sub_02197,high_intent_browser,2,1,25.26,beauty,referral,False,FL,2026-04-29
sub_02198,post_purchase,4,5,172.92,kids,checkout_optin,False,PA,2026-04-27
sub_02199,price_sensitive,6,0,10.0,kids,referral,False,OH,2026-04-25
sub_02200,high_intent_browser,7,0,25.95,beauty,checkout_optin,False,MA,2026-04-24
sub_02201,new_subscriber,2,0,33.35,home,checkout_optin,False,WA,2026-04-29
sub_02202,high_intent_browser,5,0,10.49,wellness,popup,False,OH,2026-04-26
sub_02203,winback_dormant,149,3,165.92,apparel,checkout_optin,False,FL,2025-12-03
sub_02204,new_subscriber,3,0,62.53,kids,paid_social,False,GA,2026-04-28
sub_02205,price_sensitive,23,0,20.93,beauty,popup,False,GA,2026-04-08
sub_02206,winback_dormant,115,12,80.9,home,paid_social,False,NY,2026-01-06
sub_02207,vip_loyalist,7,5,449.11,beauty,popup,True,PA,2026-04-24
sub_02208,vip_loyalist,16,17,1088.47,beauty,checkout_optin,True,MA,2026-04-15
sub_02209,new_subscriber,2,0,52.86,home,referral,False,OH,2026-04-29
sub_02210,price_sensitive,24,3,51.22,electronics,popup,False,WA,2026-04-07
sub_02211,vip_loyalist,5,23,500.12,beauty,referral,True,PA,2026-04-26
sub_02212,new_subscriber,0,1,16.14,beauty,loyalty_signup,False,IL,2026-05-01
sub_02213,vip_loyalist,13,32,499.31,electronics,checkout_optin,True,FL,2026-04-18
sub_02214,price_sensitive,19,3,57.45,electronics,paid_social,True,FL,2026-04-12
sub_02215,high_intent_browser,6,1,37.79,apparel,paid_social,False,OH,2026-04-25
sub_02216,vip_loyalist,1,30,1578.17,wellness,paid_social,True,CA,2026-04-30
sub_02217,vip_loyalist,11,26,1785.47,kids,referral,True,CA,2026-04-20
sub_02218,price_sensitive,20,5,128.07,electronics,loyalty_signup,False,PA,2026-04-11
sub_02219,price_sensitive,13,5,55.86,apparel,paid_social,False,CA,2026-04-18
sub_02220,high_intent_browser,4,2,50.71,electronics,checkout_optin,False,NY,2026-04-27
sub_02221,new_subscriber,2,1,15.8,kids,checkout_optin,False,WA,2026-04-29
sub_02222,price_sensitive,24,3,70.18,electronics,referral,False,CA,2026-04-07
sub_02223,post_purchase,7,6,106.29,electronics,loyalty_signup,False,GA,2026-04-24
sub_02224,new_subscriber,4,0,60.82,apparel,checkout_optin,True,PA,2026-04-27
sub_02225,vip_loyalist,16,14,220.96,apparel,popup,True,TX,2026-04-15
sub_02226,high_intent_browser,1,1,19.0,wellness,popup,False,PA,2026-04-30
sub_02227,high_intent_browser,3,2,29.53,home,loyalty_signup,False,PA,2026-04-28
sub_02228,new_subscriber,1,0,22.99,electronics,loyalty_signup,True,NY,2026-04-30
sub_02229,price_sensitive,15,5,105.56,wellness,loyalty_signup,False,GA,2026-04-16
sub_02230,price_sensitive,8,5,81.44,home,popup,False,OH,2026-04-23
sub_02231,vip_loyalist,3,14,1438.09,apparel,checkout_optin,True,CA,2026-04-28
sub_02232,price_sensitive,18,1,47.19,wellness,checkout_optin,False,OH,2026-04-13
sub_02233,new_subscriber,3,0,71.93,wellness,loyalty_signup,False,CA,2026-04-28
sub_02234,high_intent_browser,4,1,18.75,home,popup,False,MA,2026-04-27
sub_02235,vip_loyalist,23,8,2204.44,electronics,referral,True,PA,2026-04-08
sub_02236,price_sensitive,29,5,37.17,home,paid_social,True,FL,2026-04-02
sub_02237,price_sensitive,20,4,34.16,beauty,loyalty_signup,False,PA,2026-04-11
sub_02238,new_subscriber,3,0,1.79,apparel,loyalty_signup,False,TX,2026-04-28
sub_02239,new_subscriber,0,0,54.6,apparel,paid_social,False,WA,2026-05-01
sub_02240,high_intent_browser,4,1,59.19,electronics,loyalty_signup,False,TX,2026-04-27
sub_02241,winback_dormant,40,3,92.81,apparel,popup,False,WA,2026-03-22
sub_02242,new_subscriber,3,0,27.55,wellness,popup,False,FL,2026-04-28
sub_02243,high_intent_browser,2,0,30.53,wellness,loyalty_signup,False,OH,2026-04-29
sub_02244,vip_loyalist,12,34,543.96,apparel,popup,True,MA,2026-04-19
sub_02245,price_sensitive,17,3,0,electronics,popup,False,GA,2026-04-14
sub_02246,winback_dormant,41,7,294.06,electronics,loyalty_signup,False,MA,2026-03-21
sub_02247,post_purchase,9,2,121.43,wellness,loyalty_signup,True,WA,2026-04-22
sub_02248,price_sensitive,27,7,132.04,apparel,paid_social,False,OH,2026-04-04
sub_02249,new_subscriber,2,0,23.61,beauty,popup,False,FL,2026-04-29
sub_02250,price_sensitive,22,3,29.33,home,loyalty_signup,False,WA,2026-04-09
sub_02251,post_purchase,2,6,226.47,kids,loyalty_signup,False,MA,2026-04-29
sub_02252,post_purchase,0,5,204.1,electronics,checkout_optin,False,WA,2026-05-01
sub_02253,new_subscriber,4,0,19.26,wellness,checkout_optin,False,CA,2026-04-27
sub_02254,vip_loyalist,20,25,1304.08,wellness,loyalty_signup,True,GA,2026-04-11
sub_02255,price_sensitive,11,4,57.74,electronics,paid_social,False,NY,2026-04-20
sub_02256,high_intent_browser,1,1,3.2,wellness,loyalty_signup,False,PA,2026-04-30
sub_02257,vip_loyalist,10,19,1137.73,home,paid_social,True,MA,2026-04-21
sub_02258,new_subscriber,1,0,40.6,home,popup,False,OH,2026-04-30
sub_02259,price_sensitive,14,3,22.6,electronics,loyalty_signup,False,PA,2026-04-17
sub_02260,price_sensitive,31,5,41.74,home,loyalty_signup,True,TX,2026-03-31
sub_02261,high_intent_browser,3,0,33.22,home,checkout_optin,True,FL,2026-04-28
sub_02262,new_subscriber,2,0,34.95,electronics,paid_social,False,FL,2026-04-29
sub_02263,new_subscriber,3,0,25.75,beauty,loyalty_signup,True,PA,2026-04-28
sub_02264,new_subscriber,3,0,13.17,kids,loyalty_signup,False,MA,2026-04-28
sub_02265,high_intent_browser,2,1,32.4,wellness,referral,True,IL,2026-04-29
sub_02266,post_purchase,3,2,203.42,electronics,referral,False,PA,2026-04-28
sub_02267,vip_loyalist,12,18,1033.36,beauty,paid_social,True,FL,2026-04-19
sub_02268,winback_dormant,135,14,393.33,wellness,loyalty_signup,False,MA,2025-12-17
sub_02269,high_intent_browser,2,1,38.98,electronics,checkout_optin,False,MA,2026-04-29
sub_02270,winback_dormant,114,7,266.76,beauty,checkout_optin,False,OH,2026-01-07
sub_02271,high_intent_browser,7,2,41.9,beauty,referral,False,WA,2026-04-24
sub_02272,vip_loyalist,9,21,1331.78,kids,loyalty_signup,True,WA,2026-04-22
sub_02273,price_sensitive,20,2,172.78,beauty,paid_social,False,MA,2026-04-11
sub_02274,new_subscriber,2,0,13.46,home,referral,False,OH,2026-04-29
sub_02275,new_subscriber,4,1,42.15,electronics,checkout_optin,False,OH,2026-04-27
sub_02276,price_sensitive,12,3,0,apparel,checkout_optin,False,IL,2026-04-19
sub_02277,post_purchase,11,3,48.04,kids,popup,False,MA,2026-04-20
sub_02278,high_intent_browser,4,1,42.09,beauty,popup,False,OH,2026-04-27
sub_02279,price_sensitive,13,4,146.18,home,checkout_optin,False,MA,2026-04-18
sub_02280,post_purchase,9,4,97.86,electronics,referral,False,NY,2026-04-22
sub_02281,new_subscriber,3,0,47.18,apparel,loyalty_signup,False,GA,2026-04-28
sub_02282,high_intent_browser,5,0,22.97,wellness,loyalty_signup,True,PA,2026-04-26
sub_02283,high_intent_browser,2,1,16.65,kids,referral,False,OH,2026-04-29
sub_02284,post_purchase,7,8,70.11,wellness,loyalty_signup,False,NY,2026-04-24
sub_02285,high_intent_browser,7,1,23.43,wellness,checkout_optin,False,WA,2026-04-24
sub_02286,high_intent_browser,7,1,12.37,home,popup,True,CA,2026-04-24
sub_02287,new_subscriber,3,0,56.97,wellness,referral,False,PA,2026-04-28
sub_02288,price_sensitive,18,1,76.52,home,referral,True,CA,2026-04-13
sub_02289,high_intent_browser,4,0,23.68,apparel,checkout_optin,False,OH,2026-04-27
sub_02290,vip_loyalist,6,27,397.99,apparel,loyalty_signup,True,GA,2026-04-25
sub_02291,vip_loyalist,14,18,0,apparel,checkout_optin,True,CA,2026-04-17
sub_02292,high_intent_browser,5,0,37.57,kids,paid_social,False,FL,2026-04-26
sub_02293,price_sensitive,23,6,34.69,beauty,checkout_optin,False,TX,2026-04-08
sub_02294,vip_loyalist,10,24,824.65,apparel,paid_social,True,OH,2026-04-21
sub_02295,price_sensitive,21,3,37.39,kids,checkout_optin,False,FL,2026-04-10
sub_02296,new_subscriber,3,0,24.8,home,referral,False,GA,2026-04-28
sub_02297,new_subscriber,1,0,55.91,electronics,referral,False,OH,2026-04-30
sub_02298,high_intent_browser,5,1,30.85,home,paid_social,True,PA,2026-04-26
sub_02299,post_purchase,9,1,227.43,home,loyalty_signup,False,NY,2026-04-22
sub_02300,high_intent_browser,5,3,51.25,home,checkout_optin,False,WA,2026-04-26
sub_02301,high_intent_browser,3,1,29.73,kids,loyalty_signup,False,OH,2026-04-28
sub_02302,post_purchase,0,4,117.07,wellness,referral,True,NY,2026-05-01
sub_02303,winback_dormant,14,12,395.98,wellness,paid_social,False,WA,2026-04-17
sub_02304,winback_dormant,114,5,358.44,wellness,loyalty_signup,False,OH,2026-01-07
sub_02305,new_subscriber,3,0,52.62,beauty,loyalty_signup,False,IL,2026-04-28
sub_02306,price_sensitive,29,1,38.64,kids,loyalty_signup,False,FL,2026-04-02
sub_02307,new_subscriber,3,0,22.84,wellness,loyalty_signup,True,PA,2026-04-28
sub_02308,new_subscriber,2,1,52.78,apparel,loyalty_signup,False,IL,2026-04-29
sub_02309,high_intent_browser,5,1,0,kids,loyalty_signup,False,GA,2026-04-26
sub_02310,new_subscriber,2,0,42.95,electronics,checkout_optin,False,CA,2026-04-29
sub_02311,vip_loyalist,15,10,746.27,apparel,checkout_optin,True,CA,2026-04-16
sub_02312,price_sensitive,11,5,16.94,home,popup,False,CA,2026-04-20
sub_02313,high_intent_browser,10,0,52.4,kids,checkout_optin,False,TX,2026-04-21
sub_02314,price_sensitive,19,2,76.67,electronics,paid_social,False,OH,2026-04-12
sub_02315,price_sensitive,20,1,114.38,beauty,checkout_optin,False,WA,2026-04-11
sub_02316,post_purchase,4,4,209.79,kids,referral,False,GA,2026-04-27
sub_02317,post_purchase,8,4,98.83,beauty,popup,False,FL,2026-04-23
sub_02318,new_subscriber,2,0,26.93,home,referral,False,MA,2026-04-29
sub_02319,new_subscriber,1,0,69.29,beauty,paid_social,False,IL,2026-04-30
sub_02320,post_purchase,10,8,189.94,home,popup,False,FL,2026-04-21
sub_02321,price_sensitive,18,0,47.23,wellness,popup,False,GA,2026-04-13
sub_02322,price_sensitive,23,6,57.38,kids,referral,False,WA,2026-04-08
sub_02323,post_purchase,2,3,141.88,wellness,referral,False,WA,2026-04-29
sub_02324,post_purchase,8,4,67.92,apparel,referral,False,CA,2026-04-23
sub_02325,new_subscriber,2,0,16.76,wellness,popup,False,NY,2026-04-29
sub_02326,new_subscriber,4,0,33.9,beauty,popup,False,OH,2026-04-27
sub_02327,new_subscriber,2,0,31.83,kids,popup,False,PA,2026-04-29
sub_02328,winback_dormant,88,15,223.37,apparel,referral,False,PA,2026-02-02
sub_02329,vip_loyalist,21,8,1781.35,apparel,checkout_optin,True,WA,2026-04-10
sub_02330,price_sensitive,17,3,96.89,electronics,popup,False,MA,2026-04-14
sub_02331,winback_dormant,24,6,170.19,beauty,referral,False,IL,2026-04-07
sub_02332,vip_loyalist,13,16,255.33,wellness,loyalty_signup,True,CA,2026-04-18
sub_02333,new_subscriber,2,0,36.57,electronics,popup,True,WA,2026-04-29
sub_02334,high_intent_browser,2,1,53.76,beauty,popup,False,IL,2026-04-29
sub_02335,price_sensitive,31,5,64.88,beauty,loyalty_signup,False,NY,2026-03-31
sub_02336,high_intent_browser,5,0,27.22,kids,loyalty_signup,False,NY,2026-04-26
sub_02337,price_sensitive,29,5,0,beauty,checkout_optin,False,GA,2026-04-02
sub_02338,winback_dormant,96,7,305.87,apparel,paid_social,False,OH,2026-01-25
sub_02339,high_intent_browser,5,0,39.21,apparel,paid_social,False,NY,2026-04-26
sub_02340,new_subscriber,1,0,44.84,wellness,referral,False,GA,2026-04-30
sub_02341,vip_loyalist,13,23,453.79,beauty,checkout_optin,True,FL,2026-04-18
sub_02342,new_subscriber,0,0,40.08,electronics,loyalty_signup,False,IL,2026-05-01
sub_02343,price_sensitive,29,4,99.9,electronics,paid_social,True,OH,2026-04-02
sub_02344,price_sensitive,15,4,77.44,apparel,referral,False,GA,2026-04-16
sub_02345,post_purchase,9,4,266.09,kids,paid_social,True,FL,2026-04-22
sub_02346,post_purchase,12,8,227.33,apparel,checkout_optin,False,TX,2026-04-19
sub_02347,price_sensitive,2,6,43.53,home,checkout_optin,False,OH,2026-04-29
sub_02348,price_sensitive,21,3,86.58,electronics,referral,False,PA,2026-04-10
sub_02349,price_sensitive,23,4,0,electronics,checkout_optin,False,IL,2026-04-08
sub_02350,new_subscriber,2,0,52.51,apparel,paid_social,False,GA,2026-04-29
sub_02351,price_sensitive,24,4,50.86,home,paid_social,False,TX,2026-04-07
sub_02352,post_purchase,12,8,170.6,beauty,referral,False,TX,2026-04-19
sub_02353,new_subscriber,4,0,50.74,electronics,checkout_optin,False,FL,2026-04-27
sub_02354,winback_dormant,123,8,388.03,home,loyalty_signup,False,OH,2025-12-29
sub_02355,high_intent_browser,5,0,64.82,wellness,paid_social,True,MA,2026-04-26
sub_02356,high_intent_browser,0,1,8.24,wellness,popup,False,TX,2026-05-01
sub_02357,high_intent_browser,5,2,0.46,beauty,loyalty_signup,False,NY,2026-04-26
sub_02358,new_subscriber,2,0,43.94,electronics,loyalty_signup,False,PA,2026-04-29
sub_02359,post_purchase,4,4,209.39,apparel,loyalty_signup,False,PA,2026-04-27
sub_02360,winback_dormant,88,10,295.94,kids,loyalty_signup,False,TX,2026-02-02
sub_02361,high_intent_browser,3,0,47.04,electronics,loyalty_signup,False,GA,2026-04-28
sub_02362,new_subscriber,3,1,21.3,wellness,checkout_optin,False,NY,2026-04-28
sub_02363,post_purchase,7,7,234.74,kids,popup,False,CA,2026-04-24
sub_02364,new_subscriber,3,0,21.43,kids,loyalty_signup,False,IL,2026-04-28
sub_02365,high_intent_browser,3,0,22.77,wellness,loyalty_signup,False,FL,2026-04-28
sub_02366,new_subscriber,4,0,9.28,kids,loyalty_signup,False,FL,2026-04-27
sub_02367,vip_loyalist,5,13,725.37,electronics,popup,True,OH,2026-04-26
sub_02368,new_subscriber,2,0,34.88,home,loyalty_signup,True,FL,2026-04-29
sub_02369,new_subscriber,3,0,20.22,home,popup,False,PA,2026-04-28
sub_02370,new_subscriber,2,1,45.27,kids,popup,False,WA,2026-04-29
sub_02371,high_intent_browser,6,1,22.37,home,referral,True,TX,2026-04-25
sub_02372,vip_loyalist,8,6,580.69,apparel,paid_social,True,GA,2026-04-23
sub_02373,vip_loyalist,13,1,247.5,wellness,popup,True,OH,2026-04-18
sub_02374,post_purchase,9,3,254.3,beauty,paid_social,False,CA,2026-04-22
sub_02375,price_sensitive,34,3,72.01,electronics,loyalty_signup,False,PA,2026-03-28
sub_02376,winback_dormant,89,14,300.98,wellness,loyalty_signup,False,IL,2026-02-01
sub_02377,high_intent_browser,4,1,59.06,home,popup,False,TX,2026-04-27
sub_02378,vip_loyalist,16,21,682.45,apparel,referral,True,CA,2026-04-15
sub_02379,post_purchase,9,3,225.08,electronics,loyalty_signup,False,IL,2026-04-22
sub_02380,new_subscriber,2,0,49.44,home,loyalty_signup,False,WA,2026-04-29
sub_02381,post_purchase,14,3,174.96,kids,paid_social,True,CA,2026-04-17
sub_02382,new_subscriber,1,0,35.93,wellness,loyalty_signup,False,PA,2026-04-30
sub_02383,price_sensitive,25,1,9.92,apparel,popup,False,CA,2026-04-06
sub_02384,vip_loyalist,12,22,800.84,electronics,checkout_optin,True,FL,2026-04-19
sub_02385,post_purchase,6,5,247.38,apparel,loyalty_signup,False,WA,2026-04-25
sub_02386,post_purchase,6,2,68.21,beauty,referral,False,CA,2026-04-25
sub_02387,high_intent_browser,7,0,32.67,kids,paid_social,False,OH,2026-04-24
sub_02388,winback_dormant,30,11,123.21,electronics,checkout_optin,False,PA,2026-04-01
sub_02389,new_subscriber,3,0,67.72,apparel,loyalty_signup,False,OH,2026-04-28
sub_02390,new_subscriber,4,0,30.13,home,paid_social,False,MA,2026-04-27
sub_02391,price_sensitive,2,4,112.41,home,referral,True,PA,2026-04-29
sub_02392,high_intent_browser,5,2,31.17,wellness,referral,False,MA,2026-04-26
sub_02393,high_intent_browser,2,0,54.26,wellness,paid_social,False,PA,2026-04-29
sub_02394,winback_dormant,77,10,162.58,beauty,paid_social,False,PA,2026-02-13
sub_02395,price_sensitive,17,2,8.36,electronics,paid_social,False,CA,2026-04-14
sub_02396,winback_dormant,187,8,123.49,electronics,checkout_optin,False,TX,2025-10-26
sub_02397,vip_loyalist,6,16,1356.46,wellness,popup,True,PA,2026-04-25
sub_02398,high_intent_browser,1,0,20.92,wellness,loyalty_signup,False,CA,2026-04-30
sub_02399,high_intent_browser,4,0,28.41,wellness,paid_social,False,NY,2026-04-27
sub_02400,new_subscriber,0,0,41.17,kids,paid_social,False,WA,2026-05-01
sub_02401,vip_loyalist,9,36,1076.66,wellness,loyalty_signup,True,NY,2026-04-22
sub_02402,high_intent_browser,4,0,42.28,wellness,popup,False,CA,2026-04-27
sub_02403,post_purchase,10,4,60.94,wellness,popup,False,NY,2026-04-21
sub_02404,vip_loyalist,13,32,1742.95,kids,popup,True,TX,2026-04-18
sub_02405,new_subscriber,4,0,45.12,apparel,loyalty_signup,True,PA,2026-04-27
sub_02406,high_intent_browser,1,0,40.41,kids,checkout_optin,False,MA,2026-04-30
sub_02407,high_intent_browser,6,1,82.86,beauty,popup,False,WA,2026-04-25
sub_02408,vip_loyalist,6,7,912.68,apparel,checkout_optin,True,PA,2026-04-25
sub_02409,new_subscriber,2,0,27.04,wellness,referral,False,MA,2026-04-29
sub_02410,post_purchase,9,5,122.34,apparel,popup,False,PA,2026-04-22
sub_02411,high_intent_browser,4,0,30.64,beauty,referral,False,NY,2026-04-27
sub_02412,post_purchase,5,5,170.23,electronics,popup,False,CA,2026-04-26
sub_02413,post_purchase,6,4,181.54,wellness,paid_social,False,TX,2026-04-25
sub_02414,price_sensitive,19,5,27.31,beauty,checkout_optin,False,TX,2026-04-12
sub_02415,post_purchase,10,1,68.37,home,loyalty_signup,False,MA,2026-04-21
sub_02416,new_subscriber,2,0,32.5,wellness,paid_social,False,MA,2026-04-29
sub_02417,high_intent_browser,7,0,63.25,wellness,checkout_optin,False,WA,2026-04-24
sub_02418,new_subscriber,2,0,20.5,wellness,paid_social,True,WA,2026-04-29
sub_02419,high_intent_browser,4,0,28.32,apparel,paid_social,False,GA,2026-04-27
sub_02420,new_subscriber,2,0,7.69,apparel,referral,False,OH,2026-04-29
sub_02421,post_purchase,3,5,189.63,home,checkout_optin,False,MA,2026-04-28
sub_02422,price_sensitive,15,5,42.54,home,popup,False,MA,2026-04-16
sub_02423,vip_loyalist,8,19,483.74,electronics,checkout_optin,True,CA,2026-04-23
sub_02424,vip_loyalist,6,12,628.63,kids,loyalty_signup,True,MA,2026-04-25
sub_02425,vip_loyalist,18,4,1303.27,beauty,referral,True,OH,2026-04-13
sub_02426,high_intent_browser,2,0,24.96,apparel,paid_social,False,TX,2026-04-29
sub_02427,new_subscriber,3,0,35.13,apparel,referral,False,NY,2026-04-28
sub_02428,new_subscriber,0,0,28.05,electronics,paid_social,False,GA,2026-05-01
sub_02429,post_purchase,10,2,147.84,wellness,loyalty_signup,False,NY,2026-04-21
sub_02430,new_subscriber,2,0,12.6,kids,popup,False,FL,2026-04-29
sub_02431,high_intent_browser,5,0,0.16,home,loyalty_signup,False,MA,2026-04-26
sub_02432,high_intent_browser,3,0,21.5,kids,paid_social,False,WA,2026-04-28
sub_02433,high_intent_browser,3,0,29.1,electronics,popup,False,OH,2026-04-28
sub_02434,vip_loyalist,11,11,424.14,wellness,referral,True,OH,2026-04-20
sub_02435,high_intent_browser,2,0,59.58,wellness,popup,False,MA,2026-04-29
sub_02436,new_subscriber,4,0,0,kids,loyalty_signup,False,WA,2026-04-27
sub_02437,high_intent_browser,4,0,6.24,home,popup,False,PA,2026-04-27
sub_02438,price_sensitive,15,4,100.15,kids,popup,False,OH,2026-04-16
sub_02439,high_intent_browser,7,1,21.04,apparel,paid_social,False,OH,2026-04-24
sub_02440,post_purchase,10,6,125.19,wellness,popup,False,PA,2026-04-21
sub_02441,post_purchase,8,6,118.3,beauty,popup,False,NY,2026-04-23
sub_02442,price_sensitive,10,2,32.23,home,popup,True,MA,2026-04-21
sub_02443,vip_loyalist,4,32,655.1,beauty,paid_social,True,PA,2026-04-27
sub_02444,price_sensitive,29,4,0,apparel,paid_social,False,PA,2026-04-02
sub_02445,price_sensitive,29,3,80.66,apparel,popup,False,MA,2026-04-02
sub_02446,price_sensitive,9,2,42.45,apparel,loyalty_signup,False,PA,2026-04-22
sub_02447,new_subscriber,0,0,29.46,apparel,popup,False,FL,2026-05-01
sub_02448,high_intent_browser,6,0,28.69,home,paid_social,False,WA,2026-04-25
sub_02449,price_sensitive,16,3,45.07,kids,referral,False,GA,2026-04-15
sub_02450,high_intent_browser,2,0,40.68,electronics,referral,False,WA,2026-04-29
sub_02451,high_intent_browser,0,0,42.34,apparel,referral,False,NY,2026-05-01
sub_02452,high_intent_browser,6,1,30.06,wellness,paid_social,False,WA,2026-04-25
sub_02453,vip_loyalist,2,16,1136.02,beauty,referral,True,IL,2026-04-29
sub_02454,post_purchase,16,6,162.9,beauty,popup,False,GA,2026-04-15
sub_02455,price_sensitive,11,4,38.62,kids,referral,False,PA,2026-04-20
sub_02456,new_subscriber,3,1,7.03,apparel,loyalty_signup,True,OH,2026-04-28
sub_02457,high_intent_browser,3,1,0.74,home,paid_social,False,GA,2026-04-28
sub_02458,vip_loyalist,19,10,1133.08,electronics,referral,True,GA,2026-04-12
sub_02459,high_intent_browser,4,1,58.24,apparel,paid_social,False,CA,2026-04-27
sub_02460,price_sensitive,24,3,88.06,wellness,checkout_optin,False,PA,2026-04-07
sub_02461,price_sensitive,20,1,11.92,kids,checkout_optin,False,TX,2026-04-11
sub_02462,high_intent_browser,3,0,41.63,wellness,referral,False,TX,2026-04-28
sub_02463,winback_dormant,75,9,150.9,wellness,popup,False,PA,2026-02-15
sub_02464,high_intent_browser,6,2,56.61,home,loyalty_signup,False,TX,2026-04-25
sub_02465,high_intent_browser,6,1,26.26,kids,checkout_optin,False,GA,2026-04-25
sub_02466,high_intent_browser,4,1,34.38,apparel,checkout_optin,False,CA,2026-04-27
sub_02467,new_subscriber,4,0,45.68,beauty,popup,False,WA,2026-04-27
sub_02468,new_subscriber,3,0,21.85,wellness,paid_social,True,WA,2026-04-28
sub_02469,post_purchase,10,2,161.76,electronics,popup,False,FL,2026-04-21
sub_02470,post_purchase,9,7,148.83,wellness,referral,False,MA,2026-04-22
sub_02471,price_sensitive,21,2,5.95,beauty,popup,False,IL,2026-04-10
sub_02472,vip_loyalist,10,28,336.45,kids,referral,True,IL,2026-04-21
sub_02473,vip_loyalist,3,8,458.07,electronics,paid_social,True,IL,2026-04-28
sub_02474,high_intent_browser,5,0,43.26,home,checkout_optin,False,IL,2026-04-26
sub_02475,new_subscriber,1,0,42.28,wellness,loyalty_signup,False,GA,2026-04-30
sub_02476,high_intent_browser,3,1,44.67,electronics,referral,False,WA,2026-04-28
sub_02477,high_intent_browser,6,0,53.39,beauty,referral,True,MA,2026-04-25
sub_02478,price_sensitive,14,7,81.7,home,checkout_optin,False,PA,2026-04-17
sub_02479,post_purchase,7,4,69.31,kids,referral,False,TX,2026-04-24
sub_02480,high_intent_browser,5,0,50.08,home,checkout_optin,True,NY,2026-04-26
sub_02481,high_intent_browser,2,1,45.47,beauty,checkout_optin,False,GA,2026-04-29
sub_02482,post_purchase,12,3,116.93,beauty,checkout_optin,False,NY,2026-04-19
sub_02483,winback_dormant,56,4,382.73,kids,popup,False,MA,2026-03-06
sub_02484,price_sensitive,17,4,12.92,kids,checkout_optin,False,IL,2026-04-14
sub_02485,price_sensitive,26,4,0,beauty,referral,False,MA,2026-04-05
sub_02486,high_intent_browser,6,1,16.47,kids,paid_social,False,FL,2026-04-25
sub_02487,new_subscriber,2,0,24.39,apparel,loyalty_signup,False,GA,2026-04-29
sub_02488,price_sensitive,14,6,55.2,wellness,checkout_optin,False,GA,2026-04-17
sub_02489,high_intent_browser,0,3,3.1,wellness,paid_social,False,TX,2026-05-01
sub_02490,post_purchase,6,7,99.91,electronics,loyalty_signup,True,PA,2026-04-25
sub_02491,high_intent_browser,5,1,62.85,wellness,referral,False,MA,2026-04-26
sub_02492,price_sensitive,0,2,73.07,home,popup,False,FL,2026-05-01
sub_02493,new_subscriber,3,0,33.38,beauty,checkout_optin,False,FL,2026-04-28
sub_02494,winback_dormant,128,10,147.34,home,loyalty_signup,False,CA,2025-12-24
sub_02495,post_purchase,7,4,80.06,beauty,referral,True,CA,2026-04-24
sub_02496,post_purchase,6,2,121.69,electronics,popup,True,IL,2026-04-25
sub_02497,new_subscriber,3,0,14.83,apparel,paid_social,False,FL,2026-04-28
sub_02498,high_intent_browser,4,0,26.54,electronics,loyalty_signup,False,NY,2026-04-27
sub_02499,winback_dormant,89,9,180.04,electronics,checkout_optin,False,OH,2026-02-01
sub_02500,price_sensitive,11,4,44.48,electronics,referral,False,TX,2026-04-20
sub_02501,price_sensitive,22,0,32.76,apparel,referral,False,WA,2026-04-09
sub_02502,vip_loyalist,8,22,114.32,beauty,loyalty_signup,True,MA,2026-04-23
sub_02503,winback_dormant,101,7,142.7,wellness,loyalty_signup,False,CA,2026-01-20
sub_02504,price_sensitive,27,5,97.51,kids,loyalty_signup,False,OH,2026-04-04
sub_02505,new_subscriber,1,0,21.42,kids,loyalty_signup,False,NY,2026-04-30
sub_02506,high_intent_browser,2,0,50.4,kids,loyalty_signup,False,MA,2026-04-29
sub_02507,vip_loyalist,7,18,1257.64,apparel,checkout_optin,True,TX,2026-04-24
sub_02508,price_sensitive,13,2,61.73,beauty,checkout_optin,False,TX,2026-04-18
sub_02509,price_sensitive,14,2,76.52,electronics,checkout_optin,False,PA,2026-04-17
sub_02510,price_sensitive,30,3,58.78,electronics,popup,False,OH,2026-04-01
sub_02511,high_intent_browser,3,1,29.13,apparel,loyalty_signup,False,FL,2026-04-28
sub_02512,post_purchase,6,4,238.09,wellness,loyalty_signup,True,CA,2026-04-25
sub_02513,price_sensitive,20,1,78.26,kids,checkout_optin,False,NY,2026-04-11
sub_02514,post_purchase,8,2,96.4,wellness,loyalty_signup,False,NY,2026-04-23
sub_02515,price_sensitive,15,3,94.36,beauty,paid_social,False,OH,2026-04-16
sub_02516,high_intent_browser,7,0,27.08,apparel,checkout_optin,False,NY,2026-04-24
sub_02517,winback_dormant,89,8,247.64,electronics,popup,True,TX,2026-02-01
sub_02518,high_intent_browser,2,2,48.82,kids,referral,False,GA,2026-04-29
sub_02519,high_intent_browser,3,1,58.93,apparel,loyalty_signup,True,MA,2026-04-28
sub_02520,price_sensitive,21,2,22.31,apparel,popup,False,FL,2026-04-10
sub_02521,price_sensitive,14,1,1.44,beauty,checkout_optin,False,IL,2026-04-17
sub_02522,high_intent_browser,5,1,56.75,wellness,paid_social,False,GA,2026-04-26
sub_02523,high_intent_browser,3,0,40.65,apparel,referral,False,NY,2026-04-28
sub_02524,price_sensitive,24,3,135.55,home,checkout_optin,False,NY,2026-04-07
sub_02525,price_sensitive,4,3,82.14,electronics,checkout_optin,True,PA,2026-04-27
sub_02526,new_subscriber,0,0,17.72,electronics,paid_social,False,CA,2026-05-01
sub_02527,price_sensitive,3,5,34.53,wellness,loyalty_signup,False,TX,2026-04-28
sub_02528,price_sensitive,24,0,68.27,apparel,popup,False,GA,2026-04-07
sub_02529,high_intent_browser,6,2,43.43,home,referral,False,NY,2026-04-25
sub_02530,new_subscriber,2,0,16.97,kids,referral,False,TX,2026-04-29
sub_02531,new_subscriber,1,0,57.17,apparel,checkout_optin,False,TX,2026-04-30
sub_02532,new_subscriber,4,0,19.28,kids,popup,False,TX,2026-04-27
sub_02533,new_subscriber,2,0,69.46,beauty,paid_social,True,WA,2026-04-29
sub_02534,high_intent_browser,4,0,25.84,kids,checkout_optin,False,MA,2026-04-27
sub_02535,winback_dormant,70,15,164.72,kids,referral,False,PA,2026-02-20
sub_02536,high_intent_browser,8,0,30.48,wellness,checkout_optin,True,FL,2026-04-23
sub_02537,high_intent_browser,4,0,48.14,beauty,paid_social,False,OH,2026-04-27
sub_02538,winback_dormant,119,9,302.96,home,loyalty_signup,False,WA,2026-01-02
sub_02539,post_purchase,4,3,95.69,apparel,checkout_optin,False,GA,2026-04-27
sub_02540,price_sensitive,32,2,55.67,electronics,checkout_optin,False,MA,2026-03-30
sub_02541,price_sensitive,12,2,90.55,apparel,referral,True,NY,2026-04-19
sub_02542,price_sensitive,24,1,27.18,apparel,referral,False,OH,2026-04-07
sub_02543,winback_dormant,60,11,257.44,home,checkout_optin,False,NY,2026-03-02
sub_02544,high_intent_browser,6,0,42.99,wellness,paid_social,False,GA,2026-04-25
sub_02545,post_purchase,12,5,144.93,home,checkout_optin,False,PA,2026-04-19
sub_02546,winback_dormant,84,9,98.13,wellness,popup,False,PA,2026-02-06
sub_02547,winback_dormant,69,9,157.99,kids,paid_social,True,PA,2026-02-21
sub_02548,vip_loyalist,7,22,612.7,wellness,referral,True,PA,2026-04-24
sub_02549,post_purchase,12,6,67.78,wellness,referral,False,CA,2026-04-19
sub_02550,winback_dormant,80,6,234.2,kids,popup,False,FL,2026-02-10
sub_02551,high_intent_browser,7,2,38.1,beauty,popup,False,WA,2026-04-24
sub_02552,winback_dormant,91,12,265.5,beauty,paid_social,False,FL,2026-01-30
sub_02553,high_intent_browser,5,2,30.81,home,checkout_optin,False,TX,2026-04-26
sub_02554,new_subscriber,5,2,43.54,home,paid_social,True,IL,2026-04-26
sub_02555,high_intent_browser,3,0,39.62,wellness,loyalty_signup,False,GA,2026-04-28
sub_02556,price_sensitive,26,3,27.53,apparel,paid_social,False,OH,2026-04-05
sub_02557,high_intent_browser,2,2,26.46,apparel,loyalty_signup,False,MA,2026-04-29
sub_02558,new_subscriber,3,1,52.7,home,loyalty_signup,False,TX,2026-04-28
sub_02559,price_sensitive,15,2,69.55,beauty,paid_social,False,CA,2026-04-16
sub_02560,post_purchase,0,7,161.17,kids,popup,False,CA,2026-05-01
sub_02561,post_purchase,9,0,23.73,wellness,loyalty_signup,False,GA,2026-04-22
sub_02562,high_intent_browser,9,0,40.49,home,checkout_optin,False,CA,2026-04-22
sub_02563,new_subscriber,2,1,20.71,beauty,popup,False,GA,2026-04-29
sub_02564,high_intent_browser,5,2,36.11,kids,referral,True,TX,2026-04-26
sub_02565,new_subscriber,2,0,39.43,wellness,paid_social,False,PA,2026-04-29
sub_02566,new_subscriber,2,0,45.41,beauty,loyalty_signup,False,WA,2026-04-29
sub_02567,vip_loyalist,9,34,843.61,apparel,referral,True,WA,2026-04-22
sub_02568,price_sensitive,23,3,75.7,home,popup,False,NY,2026-04-08
sub_02569,winback_dormant,59,10,246.87,apparel,checkout_optin,False,CA,2026-03-03
sub_02570,high_intent_browser,7,1,12.98,apparel,paid_social,False,FL,2026-04-24
sub_02571,new_subscriber,4,0,29.5,home,referral,False,IL,2026-04-27
sub_02572,price_sensitive,21,5,0,electronics,popup,False,MA,2026-04-10
sub_02573,high_intent_browser,6,1,38.16,wellness,popup,False,TX,2026-04-25
sub_02574,price_sensitive,28,4,72.0,beauty,popup,False,MA,2026-04-03
sub_02575,price_sensitive,17,2,18.99,apparel,loyalty_signup,False,IL,2026-04-14
sub_02576,price_sensitive,19,2,115.66,kids,paid_social,True,GA,2026-04-12
sub_02577,high_intent_browser,4,1,22.11,beauty,loyalty_signup,False,GA,2026-04-27
sub_02578,high_intent_browser,0,2,51.13,electronics,referral,False,PA,2026-05-01
sub_02579,high_intent_browser,5,0,41.31,kids,popup,False,NY,2026-04-26
sub_02580,new_subscriber,0,0,27.82,beauty,checkout_optin,False,MA,2026-05-01
sub_02581,new_subscriber,1,1,27.78,wellness,referral,True,TX,2026-04-30
sub_02582,high_intent_browser,5,1,38.19,kids,paid_social,False,PA,2026-04-26
sub_02583,winback_dormant,131,15,145.41,home,checkout_optin,True,GA,2025-12-21
sub_02584,high_intent_browser,6,1,52.61,kids,referral,False,PA,2026-04-25
sub_02585,post_purchase,7,7,107.72,kids,paid_social,False,GA,2026-04-24
sub_02586,vip_loyalist,8,20,475.62,beauty,loyalty_signup,True,FL,2026-04-23
sub_02587,new_subscriber,0,0,0,home,checkout_optin,False,MA,2026-05-01
sub_02588,price_sensitive,21,4,48.68,beauty,paid_social,False,NY,2026-04-10
sub_02589,post_purchase,7,4,201.36,electronics,referral,False,FL,2026-04-24
sub_02590,high_intent_browser,3,1,0,wellness,loyalty_signup,False,PA,2026-04-28
sub_02591,high_intent_browser,4,2,64.08,kids,loyalty_signup,True,MA,2026-04-27
sub_02592,new_subscriber,1,0,0,kids,checkout_optin,False,OH,2026-04-30
sub_02593,new_subscriber,3,0,24.53,kids,paid_social,True,TX,2026-04-28
sub_02594,new_subscriber,2,0,63.18,beauty,loyalty_signup,False,TX,2026-04-29
sub_02595,high_intent_browser,7,1,36.75,apparel,loyalty_signup,True,TX,2026-04-24
sub_02596,vip_loyalist,15,32,1931.12,beauty,checkout_optin,True,IL,2026-04-16
sub_02597,high_intent_browser,4,1,23.24,kids,loyalty_signup,False,PA,2026-04-27
sub_02598,post_purchase,6,3,206.78,apparel,popup,False,NY,2026-04-25
sub_02599,high_intent_browser,5,1,42.05,beauty,paid_social,False,GA,2026-04-26
sub_02600,price_sensitive,7,3,83.56,home,loyalty_signup,False,IL,2026-04-24
sub_02601,price_sensitive,15,6,95.45,wellness,paid_social,True,PA,2026-04-16
sub_02602,high_intent_browser,3,0,35.68,kids,referral,False,NY,2026-04-28
sub_02603,winback_dormant,74,6,114.07,apparel,checkout_optin,False,NY,2026-02-16
sub_02604,post_purchase,4,7,86.33,wellness,loyalty_signup,False,NY,2026-04-27
sub_02605,new_subscriber,2,0,20.36,apparel,checkout_optin,False,OH,2026-04-29
sub_02606,price_sensitive,30,4,37.09,home,checkout_optin,False,GA,2026-04-01
sub_02607,winback_dormant,27,9,288.06,wellness,checkout_optin,False,GA,2026-04-04
sub_02608,vip_loyalist,14,34,548.58,home,paid_social,True,PA,2026-04-17
sub_02609,post_purchase,7,5,87.52,beauty,loyalty_signup,False,IL,2026-04-24
sub_02610,high_intent_browser,4,1,47.52,wellness,checkout_optin,False,MA,2026-04-27
sub_02611,high_intent_browser,0,0,52.18,electronics,checkout_optin,True,WA,2026-05-01
sub_02612,price_sensitive,14,3,8.8,beauty,loyalty_signup,False,CA,2026-04-17
sub_02613,post_purchase,12,1,128.74,beauty,loyalty_signup,False,OH,2026-04-19
sub_02614,post_purchase,4,4,116.64,apparel,referral,False,MA,2026-04-27
sub_02615,price_sensitive,25,5,0,kids,checkout_optin,False,GA,2026-04-06
sub_02616,post_purchase,6,4,52.54,electronics,popup,True,IL,2026-04-25
sub_02617,price_sensitive,18,2,45.55,apparel,paid_social,False,FL,2026-04-13
sub_02618,high_intent_browser,7,2,57.64,electronics,checkout_optin,False,WA,2026-04-24
sub_02619,post_purchase,9,4,173.34,home,loyalty_signup,False,FL,2026-04-22
sub_02620,post_purchase,2,4,75.8,wellness,paid_social,False,CA,2026-04-29
sub_02621,high_intent_browser,6,2,13.43,apparel,referral,True,MA,2026-04-25
sub_02622,price_sensitive,20,5,62.33,electronics,referral,False,MA,2026-04-11
sub_02623,winback_dormant,107,12,174.69,home,loyalty_signup,False,NY,2026-01-14
sub_02624,price_sensitive,23,5,48.67,electronics,popup,True,MA,2026-04-08
sub_02625,vip_loyalist,8,26,951.3,home,checkout_optin,True,GA,2026-04-23
sub_02626,new_subscriber,3,1,27.08,electronics,paid_social,False,IL,2026-04-28
sub_02627,new_subscriber,1,0,78.25,wellness,popup,False,IL,2026-04-30
sub_02628,vip_loyalist,19,14,704.63,wellness,loyalty_signup,True,NY,2026-04-12
sub_02629,vip_loyalist,9,20,658.36,apparel,popup,True,WA,2026-04-22
sub_02630,new_subscriber,3,1,36.66,beauty,loyalty_signup,False,OH,2026-04-28
sub_02631,vip_loyalist,17,10,677.59,wellness,popup,True,TX,2026-04-14
sub_02632,new_subscriber,4,0,23.81,kids,checkout_optin,False,FL,2026-04-27
sub_02633,price_sensitive,18,6,74.38,beauty,paid_social,False,CA,2026-04-13
sub_02634,vip_loyalist,16,34,1907.9,kids,loyalty_signup,True,NY,2026-04-15
sub_02635,high_intent_browser,5,3,22.31,electronics,referral,False,PA,2026-04-26
sub_02636,post_purchase,3,6,140.94,wellness,referral,False,OH,2026-04-28
sub_02637,high_intent_browser,3,0,51.59,beauty,popup,False,NY,2026-04-28
sub_02638,price_sensitive,22,5,97.74,apparel,paid_social,False,CA,2026-04-09
sub_02639,high_intent_browser,6,1,33.89,wellness,popup,False,GA,2026-04-25
sub_02640,new_subscriber,4,0,42.83,wellness,referral,True,PA,2026-04-27
sub_02641,high_intent_browser,5,0,12.92,kids,paid_social,True,MA,2026-04-26
sub_02642,new_subscriber,3,0,23.97,apparel,paid_social,False,PA,2026-04-28
sub_02643,high_intent_browser,1,0,37.39,home,referral,False,MA,2026-04-30
sub_02644,price_sensitive,19,6,105.47,beauty,checkout_optin,False,GA,2026-04-12
sub_02645,vip_loyalist,18,32,968.91,electronics,popup,True,FL,2026-04-13
sub_02646,high_intent_browser,9,1,74.27,electronics,loyalty_signup,False,GA,2026-04-22
sub_02647,new_subscriber,2,1,35.35,home,popup,False,FL,2026-04-29
sub_02648,winback_dormant,87,8,163.1,electronics,popup,True,TX,2026-02-03
sub_02649,high_intent_browser,0,0,22.71,beauty,paid_social,False,GA,2026-05-01
sub_02650,post_purchase,5,5,126.56,electronics,loyalty_signup,False,GA,2026-04-26
sub_02651,post_purchase,9,4,128.98,wellness,loyalty_signup,True,PA,2026-04-22
sub_02652,high_intent_browser,7,1,28.31,electronics,paid_social,False,CA,2026-04-24
sub_02653,high_intent_browser,1,1,32.84,kids,referral,False,NY,2026-04-30
sub_02654,vip_loyalist,10,23,528.48,electronics,paid_social,True,PA,2026-04-21
sub_02655,new_subscriber,2,0,30.28,kids,referral,False,FL,2026-04-29
sub_02656,price_sensitive,15,6,94.9,apparel,loyalty_signup,False,NY,2026-04-16
sub_02657,high_intent_browser,3,1,16.52,apparel,popup,False,TX,2026-04-28
sub_02658,price_sensitive,23,5,146.88,kids,popup,False,NY,2026-04-08
sub_02659,post_purchase,11,2,121.9,electronics,referral,False,PA,2026-04-20
sub_02660,price_sensitive,24,5,77.04,home,popup,False,FL,2026-04-07
sub_02661,price_sensitive,20,4,115.43,electronics,checkout_optin,False,IL,2026-04-11
sub_02662,post_purchase,11,0,108.52,beauty,popup,False,OH,2026-04-20
sub_02663,post_purchase,4,5,15.56,beauty,popup,False,WA,2026-04-27
sub_02664,high_intent_browser,5,1,43.56,electronics,popup,False,WA,2026-04-26
sub_02665,new_subscriber,4,0,60.05,beauty,checkout_optin,False,OH,2026-04-27
sub_02666,winback_dormant,169,5,279.03,kids,popup,False,FL,2025-11-13
sub_02667,post_purchase,12,5,224.3,electronics,referral,False,TX,2026-04-19
sub_02668,vip_loyalist,10,22,503.54,home,referral,True,FL,2026-04-21
sub_02669,winback_dormant,101,1,234.74,electronics,loyalty_signup,False,OH,2026-01-20
sub_02670,high_intent_browser,3,1,52.96,wellness,checkout_optin,False,GA,2026-04-28
sub_02671,new_subscriber,4,0,26.76,beauty,paid_social,False,GA,2026-04-27
sub_02672,high_intent_browser,4,1,29.37,apparel,paid_social,False,FL,2026-04-27
sub_02673,high_intent_browser,8,0,54.35,home,popup,False,GA,2026-04-23
sub_02674,price_sensitive,16,5,96.66,wellness,paid_social,False,MA,2026-04-15
sub_02675,new_subscriber,2,0,47.7,beauty,popup,False,CA,2026-04-29
sub_02676,post_purchase,9,6,137.94,beauty,paid_social,False,OH,2026-04-22
sub_02677,new_subscriber,2,0,35.02,apparel,referral,True,MA,2026-04-29
sub_02678,new_subscriber,3,0,68.98,kids,paid_social,False,IL,2026-04-28
sub_02679,vip_loyalist,11,10,619.02,kids,paid_social,True,NY,2026-04-20
sub_02680,vip_loyalist,21,24,172.38,kids,checkout_optin,True,CA,2026-04-10
sub_02681,new_subscriber,2,0,14.12,electronics,referral,False,FL,2026-04-29
sub_02682,high_intent_browser,6,0,24.56,apparel,loyalty_signup,False,WA,2026-04-25
sub_02683,new_subscriber,2,0,48.67,electronics,paid_social,False,FL,2026-04-29
sub_02684,winback_dormant,104,9,311.51,home,referral,False,FL,2026-01-17
sub_02685,price_sensitive,6,2,11.81,wellness,popup,False,FL,2026-04-25
sub_02686,high_intent_browser,3,1,53.78,electronics,popup,False,OH,2026-04-28
sub_02687,vip_loyalist,8,24,768.0,wellness,referral,True,GA,2026-04-23
sub_02688,price_sensitive,33,3,101.17,beauty,checkout_optin,False,IL,2026-03-29
sub_02689,new_subscriber,3,0,36.5,wellness,checkout_optin,False,WA,2026-04-28
sub_02690,price_sensitive,15,4,89.57,beauty,referral,True,PA,2026-04-16
sub_02691,high_intent_browser,3,1,46.31,wellness,referral,False,TX,2026-04-28
sub_02692,high_intent_browser,5,0,2.56,kids,checkout_optin,True,MA,2026-04-26
sub_02693,vip_loyalist,11,19,0,wellness,checkout_optin,True,WA,2026-04-20
sub_02694,high_intent_browser,1,0,34.21,kids,popup,True,PA,2026-04-30
sub_02695,price_sensitive,29,4,80.22,kids,paid_social,True,GA,2026-04-02
sub_02696,winback_dormant,146,13,116.2,apparel,checkout_optin,False,WA,2025-12-06
sub_02697,vip_loyalist,11,17,795.96,kids,popup,True,FL,2026-04-20
sub_02698,post_purchase,9,1,216.58,beauty,paid_social,False,TX,2026-04-22
sub_02699,price_sensitive,22,6,59.75,kids,referral,True,CA,2026-04-09
sub_02700,vip_loyalist,3,30,982.09,apparel,checkout_optin,True,FL,2026-04-28
sub_02701,new_subscriber,4,0,31.99,beauty,popup,False,IL,2026-04-27
sub_02702,new_subscriber,3,0,58.65,beauty,paid_social,False,CA,2026-04-28
sub_02703,new_subscriber,2,0,62.51,beauty,paid_social,False,TX,2026-04-29
sub_02704,new_subscriber,3,0,43.48,electronics,checkout_optin,True,PA,2026-04-28
sub_02705,post_purchase,2,7,112.07,kids,paid_social,False,FL,2026-04-29
sub_02706,price_sensitive,8,4,132.11,wellness,paid_social,False,GA,2026-04-23
sub_02707,new_subscriber,1,0,31.9,electronics,loyalty_signup,False,MA,2026-04-30
sub_02708,post_purchase,11,4,27.54,electronics,loyalty_signup,False,TX,2026-04-20
sub_02709,post_purchase,7,4,71.49,beauty,paid_social,True,WA,2026-04-24
sub_02710,new_subscriber,2,1,35.86,home,popup,False,CA,2026-04-29
sub_02711,winback_dormant,68,9,195.61,wellness,popup,False,CA,2026-02-22
sub_02712,high_intent_browser,5,1,11.19,apparel,popup,False,PA,2026-04-26
sub_02713,post_purchase,8,1,140.45,wellness,loyalty_signup,False,NY,2026-04-23
sub_02714,price_sensitive,15,3,60.42,home,paid_social,False,MA,2026-04-16
sub_02715,new_subscriber,4,1,37.79,wellness,paid_social,False,MA,2026-04-27
sub_02716,high_intent_browser,4,0,51.09,apparel,referral,False,NY,2026-04-27
sub_02717,price_sensitive,15,1,64.34,beauty,loyalty_signup,False,OH,2026-04-16
sub_02718,vip_loyalist,11,29,229.33,beauty,popup,True,OH,2026-04-20
sub_02719,high_intent_browser,0,0,50.91,kids,checkout_optin,False,FL,2026-05-01
sub_02720,post_purchase,0,5,185.07,apparel,referral,False,TX,2026-05-01
sub_02721,high_intent_browser,5,2,37.95,home,paid_social,False,FL,2026-04-26
sub_02722,new_subscriber,4,0,30.41,electronics,popup,False,OH,2026-04-27
sub_02723,post_purchase,9,2,242.52,apparel,loyalty_signup,False,MA,2026-04-22
sub_02724,high_intent_browser,5,1,68.31,wellness,paid_social,False,NY,2026-04-26
sub_02725,price_sensitive,21,3,94.13,electronics,loyalty_signup,False,WA,2026-04-10
sub_02726,new_subscriber,1,1,60.6,electronics,popup,True,PA,2026-04-30
sub_02727,new_subscriber,2,1,40.62,home,paid_social,False,CA,2026-04-29
sub_02728,new_subscriber,2,0,19.37,apparel,popup,False,OH,2026-04-29
sub_02729,post_purchase,12,5,82.79,wellness,referral,False,TX,2026-04-19
sub_02730,high_intent_browser,4,1,38.28,kids,checkout_optin,False,MA,2026-04-27
sub_02731,new_subscriber,4,0,48.8,home,referral,False,WA,2026-04-27
sub_02732,new_subscriber,0,1,68.68,wellness,popup,False,GA,2026-05-01
sub_02733,high_intent_browser,2,0,44.86,kids,referral,False,CA,2026-04-29
sub_02734,post_purchase,8,1,64.76,home,popup,False,MA,2026-04-23
sub_02735,high_intent_browser,4,1,10.47,apparel,referral,False,GA,2026-04-27
sub_02736,price_sensitive,13,5,86.87,electronics,paid_social,True,MA,2026-04-18
sub_02737,vip_loyalist,12,24,1474.89,wellness,paid_social,True,MA,2026-04-19
sub_02738,price_sensitive,18,2,58.67,kids,checkout_optin,False,GA,2026-04-13
sub_02739,high_intent_browser,5,1,48.1,kids,popup,False,MA,2026-04-26
sub_02740,price_sensitive,18,4,81.35,home,paid_social,False,FL,2026-04-13
sub_02741,new_subscriber,2,0,41.01,wellness,popup,False,NY,2026-04-29
sub_02742,post_purchase,10,5,72.06,kids,paid_social,True,GA,2026-04-21
sub_02743,high_intent_browser,4,1,39.46,beauty,paid_social,False,TX,2026-04-27
sub_02744,high_intent_browser,5,1,11.43,home,paid_social,True,NY,2026-04-26
sub_02745,price_sensitive,14,2,82.77,wellness,loyalty_signup,False,GA,2026-04-17
sub_02746,high_intent_browser,8,0,26.13,wellness,popup,False,NY,2026-04-23
sub_02747,new_subscriber,1,0,40.73,apparel,checkout_optin,False,PA,2026-04-30
sub_02748,new_subscriber,1,0,29.47,home,referral,False,GA,2026-04-30
sub_02749,new_subscriber,2,1,42.42,kids,popup,False,WA,2026-04-29
sub_02750,high_intent_browser,4,0,27.16,apparel,paid_social,False,OH,2026-04-27
sub_02751,high_intent_browser,8,1,11.13,beauty,paid_social,False,PA,2026-04-23
sub_02752,high_intent_browser,7,0,33.12,apparel,checkout_optin,False,MA,2026-04-24
sub_02753,high_intent_browser,3,0,43.65,wellness,referral,False,CA,2026-04-28
sub_02754,price_sensitive,6,1,0,kids,loyalty_signup,False,FL,2026-04-25
sub_02755,price_sensitive,12,4,62.45,apparel,popup,False,PA,2026-04-19
sub_02756,price_sensitive,21,3,95.82,kids,referral,True,MA,2026-04-10
sub_02757,price_sensitive,26,4,70.77,kids,referral,False,FL,2026-04-05
sub_02758,high_intent_browser,1,1,31.7,beauty,paid_social,False,IL,2026-04-30
sub_02759,new_subscriber,3,0,37.05,apparel,checkout_optin,False,MA,2026-04-28
sub_02760,vip_loyalist,17,38,1256.6,wellness,paid_social,True,FL,2026-04-14
sub_02761,high_intent_browser,7,1,52.26,home,checkout_optin,False,OH,2026-04-24
sub_02762,vip_loyalist,19,12,859.07,electronics,referral,True,MA,2026-04-12
sub_02763,price_sensitive,26,4,83.4,wellness,popup,False,FL,2026-04-05
sub_02764,post_purchase,5,7,125.08,apparel,checkout_optin,False,TX,2026-04-26
sub_02765,price_sensitive,28,1,25.16,apparel,referral,True,FL,2026-04-03
sub_02766,price_sensitive,6,3,42.23,wellness,checkout_optin,False,CA,2026-04-25
sub_02767,post_purchase,8,4,105.1,kids,popup,False,FL,2026-04-23
sub_02768,price_sensitive,14,4,45.75,wellness,popup,False,FL,2026-04-17
sub_02769,post_purchase,8,3,140.61,electronics,referral,False,IL,2026-04-23
sub_02770,new_subscriber,0,0,57.3,beauty,checkout_optin,False,FL,2026-05-01
sub_02771,high_intent_browser,5,1,49.86,apparel,popup,False,OH,2026-04-26
sub_02772,new_subscriber,1,0,48.74,kids,loyalty_signup,False,WA,2026-04-30
sub_02773,high_intent_browser,5,2,34.05,kids,referral,False,NY,2026-04-26
sub_02774,price_sensitive,11,3,22.16,kids,checkout_optin,False,PA,2026-04-20
sub_02775,new_subscriber,2,0,27.16,apparel,referral,False,IL,2026-04-29
sub_02776,high_intent_browser,4,0,21.16,kids,referral,False,IL,2026-04-27
sub_02777,high_intent_browser,1,0,38.54,home,popup,False,FL,2026-04-30
sub_02778,vip_loyalist,16,22,781.69,kids,paid_social,True,OH,2026-04-15
sub_02779,new_subscriber,1,1,18.68,wellness,referral,False,WA,2026-04-30
sub_02780,post_purchase,7,9,201.21,apparel,popup,False,MA,2026-04-24
sub_02781,new_subscriber,3,0,46.01,home,loyalty_signup,False,OH,2026-04-28
sub_02782,high_intent_browser,5,1,18.47,home,checkout_optin,False,NY,2026-04-26
sub_02783,new_subscriber,3,0,38.96,electronics,checkout_optin,True,NY,2026-04-28
sub_02784,new_subscriber,2,0,2.45,electronics,loyalty_signup,False,MA,2026-04-29
sub_02785,price_sensitive,29,3,122.85,beauty,loyalty_signup,False,MA,2026-04-02
sub_02786,new_subscriber,4,0,48.76,beauty,referral,True,GA,2026-04-27
sub_02787,new_subscriber,4,0,52.63,apparel,popup,True,MA,2026-04-27
sub_02788,post_purchase,3,4,113.3,apparel,checkout_optin,False,TX,2026-04-28
sub_02789,high_intent_browser,4,2,77.66,home,loyalty_signup,False,PA,2026-04-27
sub_02790,high_intent_browser,4,0,27.13,beauty,popup,True,CA,2026-04-27
sub_02791,new_subscriber,1,1,14.85,electronics,loyalty_signup,False,IL,2026-04-30
sub_02792,vip_loyalist,11,21,1293.94,electronics,loyalty_signup,True,GA,2026-04-20
sub_02793,high_intent_browser,7,1,33.21,electronics,paid_social,False,MA,2026-04-24
sub_02794,post_purchase,10,2,134.34,wellness,referral,True,IL,2026-04-21
sub_02795,price_sensitive,17,5,67.59,apparel,checkout_optin,False,TX,2026-04-14
sub_02796,price_sensitive,13,2,56.54,apparel,checkout_optin,False,WA,2026-04-18
sub_02797,winback_dormant,132,10,369.84,kids,popup,False,TX,2025-12-20
sub_02798,post_purchase,8,4,234.1,electronics,paid_social,True,GA,2026-04-23
sub_02799,high_intent_browser,6,1,51.92,kids,paid_social,False,IL,2026-04-25
sub_02800,post_purchase,9,7,163.45,apparel,checkout_optin,True,OH,2026-04-22
sub_02801,price_sensitive,16,1,72.17,electronics,referral,False,TX,2026-04-15
sub_02802,high_intent_browser,4,0,77.16,home,referral,False,FL,2026-04-27
sub_02803,winback_dormant,13,13,172.34,kids,loyalty_signup,True,NY,2026-04-18
sub_02804,high_intent_browser,3,0,55.61,apparel,referral,False,WA,2026-04-28
sub_02805,price_sensitive,12,1,74.06,home,loyalty_signup,False,OH,2026-04-19
sub_02806,vip_loyalist,3,13,609.04,apparel,popup,True,WA,2026-04-28
sub_02807,price_sensitive,19,4,120.11,apparel,paid_social,False,GA,2026-04-12
sub_02808,new_subscriber,1,0,32.19,home,referral,False,OH,2026-04-30
sub_02809,high_intent_browser,6,0,0,beauty,popup,True,OH,2026-04-25
sub_02810,high_intent_browser,5,1,29.05,electronics,checkout_optin,False,FL,2026-04-26
sub_02811,new_subscriber,1,0,8.13,apparel,referral,False,PA,2026-04-30
sub_02812,high_intent_browser,7,1,40.08,kids,referral,False,CA,2026-04-24
sub_02813,high_intent_browser,6,1,70.12,kids,paid_social,False,NY,2026-04-25
sub_02814,high_intent_browser,3,1,41.01,wellness,loyalty_signup,False,IL,2026-04-28
sub_02815,high_intent_browser,7,1,43.16,electronics,paid_social,True,GA,2026-04-24
sub_02816,price_sensitive,10,2,104.26,home,loyalty_signup,False,FL,2026-04-21
sub_02817,price_sensitive,18,4,80.85,kids,loyalty_signup,False,WA,2026-04-13
sub_02818,high_intent_browser,2,1,25.81,wellness,popup,False,PA,2026-04-29
sub_02819,high_intent_browser,3,0,24.27,electronics,popup,True,TX,2026-04-28
sub_02820,new_subscriber,5,0,0,beauty,loyalty_signup,False,NY,2026-04-26
sub_02821,new_subscriber,3,0,75.27,home,referral,True,IL,2026-04-28
sub_02822,winback_dormant,41,10,207.01,wellness,referral,True,CA,2026-03-21
sub_02823,post_purchase,4,7,141.27,kids,paid_social,False,MA,2026-04-27
sub_02824,high_intent_browser,6,0,48.12,apparel,loyalty_signup,False,CA,2026-04-25
sub_02825,vip_loyalist,15,14,971.44,kids,paid_social,True,IL,2026-04-16
sub_02826,vip_loyalist,10,30,34.7,wellness,paid_social,True,WA,2026-04-21
sub_02827,new_subscriber,4,0,15.48,apparel,referral,False,IL,2026-04-27
sub_02828,high_intent_browser,7,0,35.28,beauty,loyalty_signup,False,WA,2026-04-24
sub_02829,price_sensitive,13,4,98.19,electronics,popup,False,WA,2026-04-18
sub_02830,price_sensitive,18,3,54.16,kids,loyalty_signup,True,NY,2026-04-13
sub_02831,new_subscriber,1,0,11.64,apparel,referral,False,GA,2026-04-30
sub_02832,post_purchase,11,5,176.2,apparel,popup,False,TX,2026-04-20
sub_02833,winback_dormant,126,9,82.73,wellness,paid_social,True,OH,2025-12-26
sub_02834,post_purchase,6,5,127.99,beauty,referral,False,WA,2026-04-25
sub_02835,winback_dormant,92,11,406.96,beauty,loyalty_signup,False,MA,2026-01-29
sub_02836,price_sensitive,14,4,7.93,wellness,referral,False,WA,2026-04-17
sub_02837,high_intent_browser,7,1,50.01,electronics,paid_social,True,NY,2026-04-24
sub_02838,vip_loyalist,19,18,266.55,electronics,loyalty_signup,True,OH,2026-04-12
sub_02839,new_subscriber,2,0,12.74,apparel,referral,False,MA,2026-04-29
sub_02840,post_purchase,8,5,151.58,apparel,loyalty_signup,False,OH,2026-04-23
sub_02841,high_intent_browser,8,0,32.81,beauty,loyalty_signup,False,NY,2026-04-23
sub_02842,high_intent_browser,3,1,32.35,home,paid_social,True,NY,2026-04-28
sub_02843,winback_dormant,87,11,195.2,electronics,referral,False,MA,2026-02-03
sub_02844,price_sensitive,13,2,104.27,kids,paid_social,False,TX,2026-04-18
sub_02845,high_intent_browser,5,2,32.72,beauty,referral,False,TX,2026-04-26
sub_02846,new_subscriber,3,0,35.98,wellness,paid_social,False,PA,2026-04-28
sub_02847,vip_loyalist,15,13,579.78,kids,referral,True,PA,2026-04-16
sub_02848,post_purchase,4,5,242.8,electronics,popup,True,MA,2026-04-27
sub_02849,vip_loyalist,11,33,311.3,home,referral,True,WA,2026-04-20
sub_02850,post_purchase,5,0,0,wellness,popup,False,TX,2026-04-26
sub_02851,high_intent_browser,2,2,32.94,electronics,popup,True,PA,2026-04-29
sub_02852,price_sensitive,13,4,74.29,electronics,checkout_optin,False,TX,2026-04-18
sub_02853,price_sensitive,9,3,5.49,electronics,paid_social,False,NY,2026-04-22
sub_02854,price_sensitive,20,3,50.38,apparel,paid_social,False,WA,2026-04-11
sub_02855,new_subscriber,4,1,36.58,apparel,referral,False,WA,2026-04-27
sub_02856,high_intent_browser,3,0,1.31,beauty,paid_social,False,TX,2026-04-28
sub_02857,high_intent_browser,6,1,16.18,home,referral,False,TX,2026-04-25
sub_02858,new_subscriber,2,0,37.37,beauty,loyalty_signup,False,PA,2026-04-29
sub_02859,high_intent_browser,2,0,49.39,apparel,popup,False,GA,2026-04-29
sub_02860,post_purchase,10,8,107.2,home,paid_social,False,IL,2026-04-21
sub_02861,high_intent_browser,6,0,56.77,kids,paid_social,False,IL,2026-04-25
sub_02862,high_intent_browser,4,1,34.7,wellness,loyalty_signup,False,WA,2026-04-27
sub_02863,price_sensitive,7,4,96.16,beauty,popup,False,FL,2026-04-24
sub_02864,price_sensitive,26,2,39.04,wellness,checkout_optin,False,TX,2026-04-05
sub_02865,price_sensitive,23,0,68.91,home,checkout_optin,True,OH,2026-04-08
sub_02866,new_subscriber,2,0,47.42,wellness,referral,False,GA,2026-04-29
sub_02867,vip_loyalist,21,20,510.49,apparel,paid_social,True,PA,2026-04-10
sub_02868,price_sensitive,22,5,64.96,wellness,checkout_optin,False,OH,2026-04-09
sub_02869,price_sensitive,18,3,30.33,apparel,paid_social,False,CA,2026-04-13
sub_02870,vip_loyalist,12,22,1988.39,electronics,paid_social,True,WA,2026-04-19
sub_02871,winback_dormant,60,11,309.57,kids,paid_social,False,MA,2026-03-02
sub_02872,price_sensitive,14,3,0,beauty,loyalty_signup,True,CA,2026-04-17
sub_02873,winback_dormant,85,15,255.07,electronics,referral,False,PA,2026-02-05
sub_02874,vip_loyalist,14,17,863.61,apparel,popup,True,NY,2026-04-17
sub_02875,price_sensitive,26,3,26.9,wellness,checkout_optin,False,TX,2026-04-05
sub_02876,winback_dormant,52,11,361.0,electronics,referral,False,CA,2026-03-10
sub_02877,vip_loyalist,12,21,778.63,wellness,loyalty_signup,True,NY,2026-04-19
sub_02878,price_sensitive,14,1,33.1,apparel,referral,True,GA,2026-04-17
sub_02879,new_subscriber,1,0,22.88,kids,loyalty_signup,False,GA,2026-04-30
sub_02880,new_subscriber,1,0,0,apparel,referral,False,GA,2026-04-30
sub_02881,high_intent_browser,1,1,18.81,beauty,paid_social,False,MA,2026-04-30
sub_02882,new_subscriber,5,0,41.77,kids,referral,False,WA,2026-04-26
sub_02883,price_sensitive,19,3,39.28,home,paid_social,True,NY,2026-04-12
sub_02884,post_purchase,1,7,92.9,electronics,loyalty_signup,False,GA,2026-04-30
sub_02885,new_subscriber,3,0,37.43,home,checkout_optin,False,WA,2026-04-28
sub_02886,post_purchase,12,2,189.91,home,paid_social,False,FL,2026-04-19
sub_02887,new_subscriber,2,2,56.03,wellness,popup,False,FL,2026-04-29
sub_02888,vip_loyalist,14,12,734.32,home,referral,True,WA,2026-04-17
sub_02889,price_sensitive,21,1,52.27,home,referral,False,IL,2026-04-10
sub_02890,high_intent_browser,7,1,40.58,home,paid_social,True,WA,2026-04-24
sub_02891,vip_loyalist,4,15,307.07,apparel,loyalty_signup,True,WA,2026-04-27
sub_02892,high_intent_browser,3,0,31.88,electronics,referral,False,PA,2026-04-28
sub_02893,vip_loyalist,6,16,2243.97,home,paid_social,True,WA,2026-04-25
sub_02894,winback_dormant,135,8,100.17,apparel,referral,False,GA,2025-12-17
sub_02895,winback_dormant,55,9,25.38,wellness,popup,False,FL,2026-03-07
sub_02896,price_sensitive,16,4,74.96,kids,popup,True,FL,2026-04-15
sub_02897,new_subscriber,1,0,40.37,beauty,checkout_optin,True,TX,2026-04-30
sub_02898,price_sensitive,15,4,99.17,kids,popup,False,NY,2026-04-16
sub_02899,high_intent_browser,3,0,63.49,apparel,popup,False,IL,2026-04-28
sub_02900,high_intent_browser,9,1,55.17,beauty,popup,False,WA,2026-04-22
sub_02901,high_intent_browser,6,1,12.85,wellness,loyalty_signup,False,NY,2026-04-25
sub_02902,new_subscriber,4,0,52.38,kids,referral,False,TX,2026-04-27
sub_02903,high_intent_browser,5,0,38.46,kids,popup,False,PA,2026-04-26
sub_02904,price_sensitive,12,4,33.76,apparel,loyalty_signup,False,IL,2026-04-19
sub_02905,price_sensitive,11,0,7.11,apparel,paid_social,False,OH,2026-04-20
sub_02906,winback_dormant,147,10,316.86,home,popup,False,PA,2025-12-05
sub_02907,high_intent_browser,5,1,52.15,kids,loyalty_signup,False,IL,2026-04-26
sub_02908,vip_loyalist,5,27,1200.79,beauty,popup,True,CA,2026-04-26
sub_02909,new_subscriber,4,1,46.92,wellness,loyalty_signup,False,CA,2026-04-27
sub_02910,new_subscriber,2,1,31.19,beauty,loyalty_signup,False,MA,2026-04-29
sub_02911,high_intent_browser,4,0,53.13,home,paid_social,False,MA,2026-04-27
sub_02912,post_purchase,5,3,109.84,kids,paid_social,False,NY,2026-04-26
sub_02913,new_subscriber,2,0,15.33,wellness,referral,False,NY,2026-04-29
sub_02914,price_sensitive,16,1,41.83,wellness,paid_social,False,IL,2026-04-15
sub_02915,high_intent_browser,7,2,2.74,beauty,popup,False,FL,2026-04-24
sub_02916,price_sensitive,4,2,118.24,beauty,paid_social,False,CA,2026-04-27
sub_02917,high_intent_browser,6,1,38.01,apparel,paid_social,False,PA,2026-04-25
sub_02918,new_subscriber,4,0,33.44,electronics,referral,True,TX,2026-04-27
sub_02919,price_sensitive,26,4,20.81,beauty,popup,False,FL,2026-04-05
sub_02920,post_purchase,12,2,178.6,electronics,referral,True,PA,2026-04-19
sub_02921,price_sensitive,10,7,70.83,kids,paid_social,False,FL,2026-04-21
sub_02922,high_intent_browser,3,3,40.06,home,loyalty_signup,False,MA,2026-04-28
sub_02923,high_intent_browser,5,0,38.2,home,checkout_optin,False,TX,2026-04-26
sub_02924,vip_loyalist,15,31,599.08,wellness,checkout_optin,True,OH,2026-04-16
sub_02925,new_subscriber,1,1,50.85,apparel,loyalty_signup,False,OH,2026-04-30
sub_02926,new_subscriber,4,0,31.51,beauty,paid_social,False,IL,2026-04-27
sub_02927,new_subscriber,3,0,15.14,wellness,loyalty_signup,True,CA,2026-04-28
sub_02928,high_intent_browser,3,0,36.73,apparel,checkout_optin,True,TX,2026-04-28
sub_02929,post_purchase,5,3,217.77,home,referral,False,MA,2026-04-26
sub_02930,post_purchase,12,5,135.55,apparel,loyalty_signup,False,IL,2026-04-19
sub_02931,high_intent_browser,4,1,57.55,electronics,paid_social,False,TX,2026-04-27
sub_02932,high_intent_browser,3,1,6.87,kids,paid_social,False,WA,2026-04-28
sub_02933,vip_loyalist,16,25,1117.03,apparel,referral,True,IL,2026-04-15
sub_02934,new_subscriber,2,0,38.48,home,paid_social,False,WA,2026-04-29
sub_02935,high_intent_browser,5,0,30.06,home,checkout_optin,False,TX,2026-04-26
sub_02936,high_intent_browser,6,0,46.71,wellness,checkout_optin,False,WA,2026-04-25
sub_02937,price_sensitive,14,1,2.76,electronics,popup,True,PA,2026-04-17
sub_02938,high_intent_browser,1,0,42.9,apparel,referral,False,WA,2026-04-30
sub_02939,post_purchase,6,4,217.89,wellness,referral,False,MA,2026-04-25
sub_02940,post_purchase,11,0,141.91,electronics,checkout_optin,True,OH,2026-04-20
sub_02941,vip_loyalist,16,18,844.22,apparel,checkout_optin,True,TX,2026-04-15
sub_02942,high_intent_browser,4,0,27.04,wellness,popup,False,NY,2026-04-27
sub_02943,high_intent_browser,7,2,33.13,apparel,loyalty_signup,False,TX,2026-04-24
sub_02944,price_sensitive,25,5,98.26,kids,loyalty_signup,True,PA,2026-04-06
sub_02945,new_subscriber,3,1,66.65,electronics,referral,False,CA,2026-04-28
sub_02946,price_sensitive,36,3,56.41,kids,referral,False,WA,2026-03-26
sub_02947,post_purchase,8,4,111.63,electronics,popup,False,PA,2026-04-23
sub_02948,price_sensitive,22,3,58.27,wellness,popup,False,CA,2026-04-09
sub_02949,vip_loyalist,8,26,178.36,home,referral,True,NY,2026-04-23
sub_02950,high_intent_browser,5,1,4.16,apparel,loyalty_signup,False,IL,2026-04-26
sub_02951,new_subscriber,3,0,41.7,electronics,loyalty_signup,False,FL,2026-04-28
sub_02952,high_intent_browser,9,1,20.98,wellness,referral,False,OH,2026-04-22
sub_02953,price_sensitive,18,3,63.89,electronics,popup,False,FL,2026-04-13
sub_02954,new_subscriber,4,0,23.15,wellness,popup,False,IL,2026-04-27
sub_02955,high_intent_browser,7,2,33.57,wellness,checkout_optin,False,IL,2026-04-24
sub_02956,winback_dormant,104,21,336.98,apparel,checkout_optin,False,FL,2026-01-17
sub_02957,post_purchase,7,4,104.94,apparel,popup,False,IL,2026-04-24
sub_02958,post_purchase,0,3,167.05,beauty,loyalty_signup,False,TX,2026-05-01
sub_02959,new_subscriber,2,0,22.49,electronics,loyalty_signup,False,PA,2026-04-29
sub_02960,winback_dormant,65,8,247.8,electronics,referral,False,IL,2026-02-25
sub_02961,price_sensitive,20,8,55.93,electronics,checkout_optin,False,OH,2026-04-11
sub_02962,winback_dormant,116,2,418.42,wellness,paid_social,True,CA,2026-01-05
sub_02963,new_subscriber,1,0,38.47,home,paid_social,True,MA,2026-04-30
sub_02964,high_intent_browser,2,0,44.26,wellness,paid_social,False,NY,2026-04-29
sub_02965,price_sensitive,14,4,86.46,wellness,popup,True,FL,2026-04-17
sub_02966,post_purchase,9,7,197.81,kids,checkout_optin,False,IL,2026-04-22
sub_02967,winback_dormant,187,5,270.93,electronics,referral,False,MA,2025-10-26
sub_02968,winback_dormant,138,9,104.55,kids,paid_social,False,IL,2025-12-14
sub_02969,winback_dormant,88,14,152.13,home,popup,False,NY,2026-02-02
sub_02970,high_intent_browser,2,1,33.3,home,referral,False,GA,2026-04-29
sub_02971,price_sensitive,11,3,25.67,kids,paid_social,False,GA,2026-04-20
sub_02972,vip_loyalist,12,28,433.55,beauty,referral,True,GA,2026-04-19
sub_02973,post_purchase,4,4,142.2,home,popup,False,OH,2026-04-27
sub_02974,vip_loyalist,0,14,1188.13,electronics,loyalty_signup,True,CA,2026-05-01
sub_02975,price_sensitive,22,6,0,wellness,referral,False,NY,2026-04-09
sub_02976,winback_dormant,75,9,264.16,electronics,paid_social,False,OH,2026-02-15
sub_02977,vip_loyalist,15,35,219.23,home,paid_social,True,GA,2026-04-16
sub_02978,high_intent_browser,5,2,71.11,wellness,paid_social,False,FL,2026-04-26
sub_02979,price_sensitive,6,2,50.01,apparel,popup,False,CA,2026-04-25
sub_02980,price_sensitive,27,2,103.27,home,loyalty_signup,False,MA,2026-04-04
sub_02981,price_sensitive,27,5,27.77,electronics,referral,False,PA,2026-04-04
sub_02982,price_sensitive,11,5,83.0,home,loyalty_signup,True,TX,2026-04-20
sub_02983,high_intent_browser,5,1,9.11,home,paid_social,False,GA,2026-04-26
sub_02984,post_purchase,6,5,191.02,apparel,popup,False,NY,2026-04-25
sub_02985,price_sensitive,11,1,40.6,kids,loyalty_signup,False,FL,2026-04-20
sub_02986,price_sensitive,12,2,44.6,beauty,referral,False,GA,2026-04-19
sub_02987,high_intent_browser,4,2,30.79,wellness,popup,False,MA,2026-04-27
sub_02988,high_intent_browser,7,0,34.78,wellness,loyalty_signup,True,TX,2026-04-24
sub_02989,high_intent_browser,4,1,36.01,wellness,checkout_optin,False,IL,2026-04-27
sub_02990,new_subscriber,3,0,61.04,beauty,referral,False,OH,2026-04-28
sub_02991,new_subscriber,2,0,11.69,electronics,popup,True,NY,2026-04-29
sub_02992,price_sensitive,13,4,57.62,beauty,loyalty_signup,True,FL,2026-04-18
sub_02993,high_intent_browser,2,0,43.44,beauty,popup,True,TX,2026-04-29
sub_02994,high_intent_browser,4,0,55.33,kids,referral,False,WA,2026-04-27
sub_02995,vip_loyalist,2,32,1753.57,electronics,checkout_optin,True,WA,2026-04-29
sub_02996,post_purchase,9,4,250.76,wellness,checkout_optin,False,CA,2026-04-22
sub_02997,post_purchase,3,8,0,electronics,paid_social,False,IL,2026-04-28
sub_02998,new_subscriber,4,0,58.2,home,checkout_optin,False,TX,2026-04-27
sub_02999,high_intent_browser,4,0,21.56,kids,checkout_optin,False,NY,2026-04-27
sub_03000,vip_loyalist,8,24,1368.23,electronics,referral,True,WA,2026-04-23
sub_03001,high_intent_browser,3,1,25.85,wellness,popup,False,MA,2026-04-28
sub_03002,price_sensitive,20,4,70.49,wellness,popup,False,MA,2026-04-11
sub_03003,post_purchase,7,1,109.52,home,popup,False,WA,2026-04-24
sub_03004,high_intent_browser,7,0,0,kids,referral,False,GA,2026-04-24
sub_03005,price_sensitive,28,2,116.14,kids,popup,False,PA,2026-04-03
sub_03006,price_sensitive,17,7,38.66,kids,popup,False,CA,2026-04-14
sub_03007,high_intent_browser,8,0,38.22,beauty,checkout_optin,False,OH,2026-04-23
sub_03008,post_purchase,8,7,184.74,beauty,paid_social,False,IL,2026-04-23
sub_03009,high_intent_browser,7,2,22.55,electronics,paid_social,False,FL,2026-04-24
sub_03010,new_subscriber,3,1,3.05,home,popup,False,IL,2026-04-28
sub_03011,high_intent_browser,8,0,27.83,beauty,referral,False,WA,2026-04-23
sub_03012,new_subscriber,3,0,56.41,home,checkout_optin,False,FL,2026-04-28
sub_03013,new_subscriber,3,0,20.03,kids,popup,True,CA,2026-04-28
sub_03014,vip_loyalist,19,27,804.53,kids,popup,True,PA,2026-04-12
sub_03015,price_sensitive,13,3,59.28,electronics,checkout_optin,False,GA,2026-04-18
sub_03016,high_intent_browser,3,2,31.97,wellness,loyalty_signup,False,FL,2026-04-28
sub_03017,post_purchase,6,3,105.7,electronics,loyalty_signup,False,OH,2026-04-25
sub_03018,winback_dormant,70,6,45.85,beauty,popup,False,CA,2026-02-20
sub_03019,new_subscriber,3,0,29.38,home,popup,False,FL,2026-04-28
sub_03020,new_subscriber,3,1,10.34,home,loyalty_signup,False,GA,2026-04-28
sub_03021,high_intent_browser,4,2,16.7,wellness,loyalty_signup,False,PA,2026-04-27
sub_03022,price_sensitive,9,4,68.15,apparel,referral,False,CA,2026-04-22
sub_03023,high_intent_browser,7,1,44.93,kids,checkout_optin,False,WA,2026-04-24
sub_03024,price_sensitive,7,5,47.14,beauty,referral,False,OH,2026-04-24
sub_03025,high_intent_browser,3,0,57.75,home,checkout_optin,False,PA,2026-04-28
sub_03026,new_subscriber,1,0,11.66,kids,checkout_optin,False,CA,2026-04-30
sub_03027,post_purchase,15,2,282.02,electronics,loyalty_signup,False,GA,2026-04-16
sub_03028,high_intent_browser,2,1,30.78,beauty,paid_social,False,CA,2026-04-29
sub_03029,new_subscriber,5,1,33.03,kids,popup,True,TX,2026-04-26
sub_03030,high_intent_browser,4,0,25.76,wellness,paid_social,False,WA,2026-04-27
sub_03031,price_sensitive,8,1,96.46,home,loyalty_signup,False,FL,2026-04-23
sub_03032,price_sensitive,8,3,111.57,home,checkout_optin,False,PA,2026-04-23
sub_03033,high_intent_browser,4,0,70.68,apparel,paid_social,True,PA,2026-04-27
sub_03034,high_intent_browser,5,0,47.79,electronics,referral,False,NY,2026-04-26
sub_03035,winback_dormant,68,5,594.93,electronics,loyalty_signup,False,GA,2026-02-22
sub_03036,new_subscriber,0,0,64.83,electronics,paid_social,False,WA,2026-05-01
sub_03037,new_subscriber,3,0,12.66,home,popup,False,PA,2026-04-28
sub_03038,new_subscriber,3,0,49.15,home,checkout_optin,True,CA,2026-04-28
sub_03039,high_intent_browser,6,1,50.71,electronics,paid_social,False,PA,2026-04-25
sub_03040,high_intent_browser,5,1,50.79,home,loyalty_signup,False,CA,2026-04-26
sub_03041,price_sensitive,18,5,51.49,beauty,paid_social,False,NY,2026-04-13
sub_03042,price_sensitive,8,5,50.8,apparel,popup,False,MA,2026-04-23
sub_03043,winback_dormant,148,11,232.68,home,loyalty_signup,False,TX,2025-12-04
sub_03044,vip_loyalist,4,20,472.51,electronics,loyalty_signup,True,CA,2026-04-27
sub_03045,high_intent_browser,6,0,46.04,home,popup,False,FL,2026-04-25
sub_03046,post_purchase,6,7,282.94,beauty,referral,False,PA,2026-04-25
sub_03047,high_intent_browser,11,0,18.67,apparel,popup,True,CA,2026-04-20
sub_03048,price_sensitive,25,3,0,kids,referral,False,FL,2026-04-06
sub_03049,vip_loyalist,4,19,1165.83,electronics,checkout_optin,True,CA,2026-04-27
sub_03050,post_purchase,7,9,111.77,apparel,checkout_optin,False,CA,2026-04-24
sub_03051,post_purchase,6,5,132.51,apparel,referral,True,GA,2026-04-25
sub_03052,high_intent_browser,5,0,39.75,beauty,checkout_optin,False,MA,2026-04-26
sub_03053,high_intent_browser,3,0,31.95,wellness,checkout_optin,False,GA,2026-04-28
sub_03054,new_subscriber,4,0,17.62,apparel,paid_social,False,PA,2026-04-27
sub_03055,high_intent_browser,7,1,52.38,beauty,checkout_optin,False,FL,2026-04-24
sub_03056,new_subscriber,3,0,38.05,home,checkout_optin,False,WA,2026-04-28
sub_03057,post_purchase,4,6,0,apparel,referral,False,GA,2026-04-27
sub_03058,new_subscriber,3,0,40.63,apparel,loyalty_signup,False,GA,2026-04-28
sub_03059,price_sensitive,21,2,20.9,home,loyalty_signup,False,CA,2026-04-10
sub_03060,price_sensitive,22,3,72.94,apparel,checkout_optin,False,CA,2026-04-09
sub_03061,vip_loyalist,17,39,1250.5,apparel,loyalty_signup,True,GA,2026-04-14
sub_03062,high_intent_browser,4,0,39.83,wellness,popup,False,WA,2026-04-27
sub_03063,new_subscriber,3,0,16.41,beauty,loyalty_signup,False,OH,2026-04-28
sub_03064,high_intent_browser,4,0,77.21,wellness,checkout_optin,False,CA,2026-04-27
sub_03065,price_sensitive,27,4,42.19,home,referral,True,NY,2026-04-04
sub_03066,new_subscriber,2,0,37.26,apparel,loyalty_signup,False,IL,2026-04-29
sub_03067,winback_dormant,40,7,256.46,wellness,referral,True,WA,2026-03-22
sub_03068,winback_dormant,111,15,132.62,home,checkout_optin,False,CA,2026-01-10
sub_03069,price_sensitive,8,2,36.92,apparel,loyalty_signup,False,GA,2026-04-23
sub_03070,vip_loyalist,5,16,742.72,kids,referral,True,WA,2026-04-26
sub_03071,vip_loyalist,17,13,1664.16,kids,checkout_optin,True,TX,2026-04-14
sub_03072,winback_dormant,53,7,150.87,beauty,paid_social,False,TX,2026-03-09
sub_03073,high_intent_browser,4,0,20.4,kids,checkout_optin,False,FL,2026-04-27
sub_03074,price_sensitive,28,2,14.05,kids,popup,False,PA,2026-04-03
sub_03075,vip_loyalist,7,21,805.76,apparel,paid_social,True,PA,2026-04-24
sub_03076,vip_loyalist,4,20,1111.69,home,loyalty_signup,True,GA,2026-04-27
sub_03077,new_subscriber,3,0,10.35,kids,loyalty_signup,False,IL,2026-04-28
sub_03078,winback_dormant,83,3,465.63,wellness,referral,False,FL,2026-02-07
sub_03079,new_subscriber,4,0,32.88,apparel,checkout_optin,False,GA,2026-04-27
sub_03080,new_subscriber,2,1,50.29,beauty,referral,False,WA,2026-04-29
sub_03081,price_sensitive,12,7,75.99,beauty,loyalty_signup,False,WA,2026-04-19
sub_03082,high_intent_browser,4,0,21.35,kids,referral,True,OH,2026-04-27
sub_03083,post_purchase,10,5,48.12,beauty,checkout_optin,False,NY,2026-04-21
sub_03084,high_intent_browser,6,2,27.51,apparel,paid_social,False,PA,2026-04-25
sub_03085,price_sensitive,21,6,61.9,home,popup,False,WA,2026-04-10
sub_03086,post_purchase,6,7,64.4,kids,loyalty_signup,False,CA,2026-04-25
sub_03087,new_subscriber,2,0,43.44,home,loyalty_signup,False,FL,2026-04-29
sub_03088,price_sensitive,18,5,67.58,apparel,loyalty_signup,False,CA,2026-04-13
sub_03089,high_intent_browser,7,1,22.33,kids,popup,False,CA,2026-04-24
sub_03090,price_sensitive,19,4,55.19,kids,referral,False,WA,2026-04-12
sub_03091,post_purchase,5,1,191.62,beauty,referral,False,NY,2026-04-26
sub_03092,new_subscriber,4,0,42.28,electronics,loyalty_signup,False,GA,2026-04-27
sub_03093,high_intent_browser,4,0,38.12,kids,paid_social,False,CA,2026-04-27
sub_03094,high_intent_browser,2,1,34.31,wellness,popup,True,MA,2026-04-29
sub_03095,price_sensitive,16,4,54.35,kids,paid_social,False,PA,2026-04-15
sub_03096,new_subscriber,2,0,42.39,wellness,referral,True,TX,2026-04-29
sub_03097,post_purchase,5,8,169.09,apparel,checkout_optin,False,TX,2026-04-26
sub_03098,vip_loyalist,11,3,1184.03,wellness,paid_social,True,PA,2026-04-20
sub_03099,new_subscriber,3,0,53.05,wellness,checkout_optin,False,TX,2026-04-28
sub_03100,high_intent_browser,6,0,50.58,beauty,checkout_optin,False,GA,2026-04-25
sub_03101,post_purchase,8,9,167.12,home,referral,False,PA,2026-04-23
sub_03102,price_sensitive,15,4,51.46,wellness,referral,False,OH,2026-04-16
sub_03103,new_subscriber,1,0,84.37,wellness,popup,False,MA,2026-04-30
sub_03104,vip_loyalist,13,21,1484.92,wellness,popup,True,CA,2026-04-18
sub_03105,high_intent_browser,6,0,22.76,beauty,popup,False,MA,2026-04-25
sub_03106,vip_loyalist,13,21,1188.9,home,paid_social,True,MA,2026-04-18
sub_03107,price_sensitive,13,4,22.74,beauty,checkout_optin,True,IL,2026-04-18
sub_03108,price_sensitive,23,5,106.96,wellness,referral,False,WA,2026-04-08
sub_03109,new_subscriber,4,0,6.12,electronics,checkout_optin,False,WA,2026-04-27
sub_03110,high_intent_browser,1,0,56.08,beauty,popup,True,FL,2026-04-30
sub_03111,new_subscriber,2,0,31.66,electronics,paid_social,False,CA,2026-04-29
sub_03112,high_intent_browser,4,2,35.53,electronics,loyalty_signup,False,OH,2026-04-27
sub_03113,price_sensitive,28,5,55.63,home,loyalty_signup,False,TX,2026-04-03
sub_03114,price_sensitive,13,3,85.4,wellness,paid_social,False,FL,2026-04-18
sub_03115,price_sensitive,11,4,48.3,home,checkout_optin,False,MA,2026-04-20
sub_03116,new_subscriber,3,1,61.97,home,paid_social,False,CA,2026-04-28
sub_03117,high_intent_browser,4,1,38.07,wellness,loyalty_signup,False,OH,2026-04-27
sub_03118,high_intent_browser,8,1,19.46,electronics,paid_social,False,TX,2026-04-23
sub_03119,high_intent_browser,5,1,32.06,apparel,checkout_optin,False,NY,2026-04-26
sub_03120,high_intent_browser,5,0,38.64,kids,paid_social,False,FL,2026-04-26
sub_03121,price_sensitive,19,4,10.3,electronics,referral,True,PA,2026-04-12
sub_03122,high_intent_browser,5,0,27.91,apparel,paid_social,False,GA,2026-04-26
sub_03123,price_sensitive,19,0,37.12,electronics,popup,False,WA,2026-04-12
sub_03124,vip_loyalist,22,22,929.87,home,loyalty_signup,True,MA,2026-04-09
sub_03125,high_intent_browser,2,1,44.35,kids,paid_social,False,OH,2026-04-29
sub_03126,post_purchase,4,1,102.67,home,loyalty_signup,False,OH,2026-04-27
sub_03127,winback_dormant,98,9,111.08,beauty,popup,False,WA,2026-01-23
sub_03128,post_purchase,7,4,176.95,apparel,referral,False,OH,2026-04-24
sub_03129,post_purchase,6,3,115.68,apparel,checkout_optin,False,PA,2026-04-25
sub_03130,price_sensitive,11,1,93.39,electronics,paid_social,False,GA,2026-04-20
sub_03131,new_subscriber,3,0,42.31,kids,paid_social,False,MA,2026-04-28
sub_03132,new_subscriber,2,0,39.29,apparel,checkout_optin,False,IL,2026-04-29
sub_03133,high_intent_browser,9,1,46.05,wellness,loyalty_signup,False,TX,2026-04-22
sub_03134,winback_dormant,110,9,460.38,wellness,popup,False,MA,2026-01-11
sub_03135,new_subscriber,1,0,47.88,home,checkout_optin,False,MA,2026-04-30
sub_03136,price_sensitive,21,2,125.21,apparel,popup,False,MA,2026-04-10
sub_03137,new_subscriber,3,0,16.91,kids,paid_social,False,PA,2026-04-28
sub_03138,high_intent_browser,6,0,10.36,kids,checkout_optin,False,NY,2026-04-25
sub_03139,price_sensitive,6,3,76.61,beauty,referral,False,PA,2026-04-25
sub_03140,price_sensitive,18,1,54.95,wellness,checkout_optin,False,NY,2026-04-13
sub_03141,vip_loyalist,15,33,824.75,beauty,loyalty_signup,True,CA,2026-04-16
sub_03142,high_intent_browser,3,2,55.63,electronics,paid_social,False,NY,2026-04-28
sub_03143,post_purchase,7,1,183.01,wellness,popup,False,OH,2026-04-24
sub_03144,price_sensitive,22,8,104.78,electronics,checkout_optin,False,WA,2026-04-09
sub_03145,vip_loyalist,10,26,1467.43,beauty,paid_social,True,CA,2026-04-21
sub_03146,winback_dormant,126,8,242.17,beauty,popup,False,IL,2025-12-26
sub_03147,high_intent_browser,3,1,66.73,home,popup,False,GA,2026-04-28
sub_03148,high_intent_browser,5,0,59.13,wellness,loyalty_signup,False,TX,2026-04-26
sub_03149,high_intent_browser,4,1,15.14,electronics,checkout_optin,False,CA,2026-04-27
sub_03150,post_purchase,10,3,199.3,electronics,checkout_optin,True,OH,2026-04-21
sub_03151,high_intent_browser,7,2,39.15,beauty,referral,False,FL,2026-04-24
sub_03152,high_intent_browser,5,1,27.49,electronics,popup,False,FL,2026-04-26
sub_03153,new_subscriber,5,1,49.59,kids,popup,False,NY,2026-04-26
sub_03154,new_subscriber,2,0,30.03,beauty,loyalty_signup,False,TX,2026-04-29
sub_03155,new_subscriber,4,0,42.14,apparel,checkout_optin,True,CA,2026-04-27
sub_03156,post_purchase,8,0,218.95,beauty,popup,False,WA,2026-04-23
sub_03157,new_subscriber,2,1,35.12,beauty,referral,True,CA,2026-04-29
sub_03158,new_subscriber,1,0,2.63,wellness,paid_social,False,GA,2026-04-30
sub_03159,price_sensitive,20,4,48.15,electronics,checkout_optin,False,MA,2026-04-11
sub_03160,price_sensitive,13,5,25.56,home,checkout_optin,False,WA,2026-04-18
sub_03161,vip_loyalist,16,28,273.33,beauty,paid_social,True,MA,2026-04-15
sub_03162,vip_loyalist,12,32,768.2,kids,paid_social,True,GA,2026-04-19
sub_03163,high_intent_browser,5,0,24.44,apparel,checkout_optin,False,OH,2026-04-26
sub_03164,high_intent_browser,3,2,60.44,kids,loyalty_signup,False,CA,2026-04-28
sub_03165,high_intent_browser,7,1,59.41,beauty,popup,False,TX,2026-04-24
sub_03166,post_purchase,7,3,114.88,kids,paid_social,True,OH,2026-04-24
sub_03167,price_sensitive,0,4,57.46,apparel,referral,False,FL,2026-05-01
sub_03168,post_purchase,4,5,181.94,beauty,checkout_optin,False,PA,2026-04-27
sub_03169,new_subscriber,4,0,38.39,wellness,paid_social,True,PA,2026-04-27
sub_03170,new_subscriber,1,0,46.54,apparel,checkout_optin,False,WA,2026-04-30
sub_03171,high_intent_browser,4,0,51.24,wellness,referral,False,TX,2026-04-27
sub_03172,price_sensitive,9,6,22.05,wellness,referral,False,GA,2026-04-22
sub_03173,high_intent_browser,7,0,40.93,home,checkout_optin,False,NY,2026-04-24
sub_03174,winback_dormant,76,4,175.84,home,checkout_optin,False,FL,2026-02-14
sub_03175,high_intent_browser,7,2,39.78,home,loyalty_signup,True,OH,2026-04-24
sub_03176,new_subscriber,4,1,0,apparel,loyalty_signup,False,WA,2026-04-27
sub_03177,price_sensitive,13,2,73.59,home,popup,False,GA,2026-04-18
sub_03178,high_intent_browser,4,2,7.3,beauty,paid_social,False,NY,2026-04-27
sub_03179,winback_dormant,112,7,185.51,apparel,paid_social,False,GA,2026-01-09
sub_03180,high_intent_browser,4,0,16.11,electronics,checkout_optin,False,MA,2026-04-27
sub_03181,new_subscriber,2,0,46.24,wellness,paid_social,False,IL,2026-04-29
sub_03182,winback_dormant,132,11,52.24,electronics,referral,False,IL,2025-12-20
sub_03183,price_sensitive,6,5,100.52,electronics,loyalty_signup,False,NY,2026-04-25
sub_03184,high_intent_browser,6,2,44.03,electronics,referral,False,WA,2026-04-25
sub_03185,high_intent_browser,3,2,40.67,electronics,paid_social,False,NY,2026-04-28
sub_03186,new_subscriber,3,1,33.2,electronics,checkout_optin,False,MA,2026-04-28
sub_03187,new_subscriber,2,0,41.87,wellness,popup,False,IL,2026-04-29
sub_03188,high_intent_browser,4,0,10.51,apparel,checkout_optin,False,FL,2026-04-27
sub_03189,winback_dormant,108,7,119.33,wellness,popup,False,GA,2026-01-13
sub_03190,high_intent_browser,5,1,8.42,home,popup,True,WA,2026-04-26
sub_03191,vip_loyalist,15,8,460.15,beauty,loyalty_signup,True,IL,2026-04-16
sub_03192,winback_dormant,119,10,145.48,home,popup,False,NY,2026-01-02
sub_03193,vip_loyalist,10,10,1742.62,apparel,popup,True,OH,2026-04-21
sub_03194,high_intent_browser,1,2,59.43,kids,checkout_optin,False,WA,2026-04-30
sub_03195,post_purchase,6,7,51.49,home,paid_social,False,WA,2026-04-25
sub_03196,high_intent_browser,3,1,67.59,apparel,referral,False,IL,2026-04-28
sub_03197,new_subscriber,3,0,21.53,wellness,referral,False,CA,2026-04-28
sub_03198,new_subscriber,3,1,40.82,beauty,referral,True,GA,2026-04-28
sub_03199,high_intent_browser,5,0,43.13,kids,checkout_optin,False,OH,2026-04-26
sub_03200,high_intent_browser,8,0,18.57,wellness,checkout_optin,False,WA,2026-04-23
sub_03201,high_intent_browser,4,2,32.2,kids,checkout_optin,False,TX,2026-04-27
sub_03202,vip_loyalist,11,33,286.66,kids,checkout_optin,True,OH,2026-04-20
sub_03203,winback_dormant,147,5,84.25,home,paid_social,False,OH,2025-12-05
sub_03204,post_purchase,4,7,53.69,home,checkout_optin,False,FL,2026-04-27
sub_03205,new_subscriber,2,0,1.9,home,popup,True,NY,2026-04-29
sub_03206,vip_loyalist,6,20,1304.36,apparel,checkout_optin,True,MA,2026-04-25
sub_03207,new_subscriber,0,1,42.81,beauty,checkout_optin,True,OH,2026-05-01
sub_03208,post_purchase,8,2,119.57,beauty,referral,True,CA,2026-04-23
sub_03209,new_subscriber,3,0,53.06,wellness,paid_social,False,CA,2026-04-28
sub_03210,new_subscriber,5,0,47.21,electronics,loyalty_signup,False,NY,2026-04-26
sub_03211,price_sensitive,10,4,123.99,beauty,popup,False,IL,2026-04-21
sub_03212,price_sensitive,19,5,50.19,wellness,popup,False,WA,2026-04-12
sub_03213,post_purchase,5,5,146.22,wellness,paid_social,False,WA,2026-04-26
sub_03214,price_sensitive,14,2,65.27,wellness,paid_social,False,MA,2026-04-17
sub_03215,price_sensitive,12,5,22.9,wellness,referral,False,CA,2026-04-19
sub_03216,new_subscriber,2,1,55.96,electronics,checkout_optin,False,GA,2026-04-29
sub_03217,price_sensitive,32,3,70.57,electronics,loyalty_signup,False,IL,2026-03-30
sub_03218,new_subscriber,2,0,55.35,beauty,popup,False,MA,2026-04-29
sub_03219,high_intent_browser,2,3,40.33,home,paid_social,False,NY,2026-04-29
sub_03220,price_sensitive,20,3,118.42,beauty,paid_social,False,NY,2026-04-11
sub_03221,price_sensitive,19,2,97.55,beauty,checkout_optin,False,GA,2026-04-12
sub_03222,new_subscriber,4,0,52.69,electronics,checkout_optin,False,NY,2026-04-27
sub_03223,post_purchase,9,3,0,electronics,popup,False,WA,2026-04-22
sub_03224,vip_loyalist,8,19,789.64,electronics,loyalty_signup,True,MA,2026-04-23
sub_03225,vip_loyalist,11,26,1830.83,electronics,paid_social,True,IL,2026-04-20
sub_03226,post_purchase,7,5,201.73,wellness,referral,True,CA,2026-04-24
sub_03227,price_sensitive,14,1,78.16,wellness,popup,False,OH,2026-04-17
sub_03228,high_intent_browser,8,0,40.62,kids,popup,False,TX,2026-04-23
sub_03229,vip_loyalist,20,11,1068.39,apparel,popup,True,FL,2026-04-11
sub_03230,price_sensitive,14,3,122.7,electronics,popup,False,CA,2026-04-17
sub_03231,price_sensitive,13,5,61.51,kids,popup,False,IL,2026-04-18
sub_03232,post_purchase,5,4,105.65,apparel,checkout_optin,False,OH,2026-04-26
sub_03233,high_intent_browser,3,0,8.5,apparel,paid_social,False,IL,2026-04-28
sub_03234,post_purchase,8,3,96.0,kids,popup,True,PA,2026-04-23
sub_03235,high_intent_browser,6,1,30.28,home,loyalty_signup,False,NY,2026-04-25
sub_03236,price_sensitive,4,4,74.61,electronics,referral,False,TX,2026-04-27
sub_03237,high_intent_browser,6,0,45.79,beauty,popup,True,FL,2026-04-25
sub_03238,price_sensitive,21,1,55.68,apparel,checkout_optin,False,TX,2026-04-10
sub_03239,price_sensitive,20,5,69.89,electronics,checkout_optin,False,PA,2026-04-11
sub_03240,high_intent_browser,6,0,47.26,electronics,referral,False,TX,2026-04-25
sub_03241,new_subscriber,3,0,41.5,beauty,paid_social,False,OH,2026-04-28
sub_03242,post_purchase,1,1,153.9,electronics,popup,False,CA,2026-04-30
sub_03243,post_purchase,11,7,153.6,electronics,paid_social,False,FL,2026-04-20
sub_03244,high_intent_browser,5,0,24.55,beauty,checkout_optin,True,PA,2026-04-26
sub_03245,vip_loyalist,14,24,939.32,wellness,checkout_optin,True,TX,2026-04-17
sub_03246,price_sensitive,14,7,121.98,wellness,popup,False,OH,2026-04-17
sub_03247,high_intent_browser,3,1,11.5,apparel,referral,False,FL,2026-04-28
sub_03248,price_sensitive,28,3,60.73,wellness,loyalty_signup,False,NY,2026-04-03
sub_03249,new_subscriber,4,0,46.31,apparel,popup,False,WA,2026-04-27
sub_03250,price_sensitive,10,5,66.4,kids,paid_social,False,TX,2026-04-21
sub_03251,vip_loyalist,8,13,593.95,beauty,loyalty_signup,True,MA,2026-04-23
sub_03252,post_purchase,0,4,174.51,electronics,paid_social,False,GA,2026-05-01
sub_03253,high_intent_browser,6,0,46.05,wellness,popup,False,PA,2026-04-25
sub_03254,post_purchase,5,4,207.8,wellness,paid_social,False,MA,2026-04-26
sub_03255,high_intent_browser,8,2,3.82,kids,loyalty_signup,False,TX,2026-04-23
sub_03256,price_sensitive,14,4,70.55,electronics,referral,False,WA,2026-04-17
sub_03257,new_subscriber,0,0,18.75,kids,paid_social,False,CA,2026-05-01
sub_03258,post_purchase,9,4,111.69,apparel,paid_social,False,WA,2026-04-22
sub_03259,new_subscriber,3,0,29.62,beauty,checkout_optin,False,NY,2026-04-28
sub_03260,vip_loyalist,18,24,939.83,kids,checkout_optin,True,PA,2026-04-13
sub_03261,new_subscriber,2,0,42.11,apparel,loyalty_signup,False,GA,2026-04-29
sub_03262,winback_dormant,161,10,333.49,electronics,referral,False,CA,2025-11-21
sub_03263,post_purchase,13,3,172.29,kids,loyalty_signup,False,PA,2026-04-18
sub_03264,vip_loyalist,13,18,462.18,electronics,loyalty_signup,True,WA,2026-04-18
sub_03265,new_subscriber,3,2,45.79,apparel,loyalty_signup,False,CA,2026-04-28
sub_03266,winback_dormant,131,8,330.68,kids,checkout_optin,False,PA,2025-12-21
sub_03267,price_sensitive,25,4,49.48,wellness,paid_social,True,GA,2026-04-06
sub_03268,price_sensitive,21,4,14.91,wellness,popup,True,GA,2026-04-10
sub_03269,post_purchase,6,5,122.11,beauty,popup,False,PA,2026-04-25
sub_03270,high_intent_browser,4,0,30.32,electronics,referral,False,CA,2026-04-27
sub_03271,post_purchase,14,5,189.09,kids,checkout_optin,True,CA,2026-04-17
sub_03272,new_subscriber,2,0,1.52,electronics,loyalty_signup,True,FL,2026-04-29
sub_03273,price_sensitive,35,1,138.47,electronics,loyalty_signup,False,PA,2026-03-27
sub_03274,price_sensitive,24,5,28.24,apparel,popup,False,MA,2026-04-07
sub_03275,post_purchase,8,3,82.72,home,referral,True,IL,2026-04-23
sub_03276,high_intent_browser,9,2,27.49,kids,referral,True,IL,2026-04-22
sub_03277,post_purchase,7,5,81.2,apparel,paid_social,False,MA,2026-04-24
sub_03278,new_subscriber,1,0,38.02,kids,referral,False,OH,2026-04-30
sub_03279,winback_dormant,45,7,126.26,beauty,popup,False,NY,2026-03-17
sub_03280,vip_loyalist,11,21,1238.65,home,checkout_optin,True,WA,2026-04-20
sub_03281,post_purchase,10,4,178.19,beauty,loyalty_signup,False,WA,2026-04-21
sub_03282,high_intent_browser,1,1,25.89,kids,paid_social,True,OH,2026-04-30
sub_03283,new_subscriber,1,0,52.52,electronics,paid_social,True,WA,2026-04-30
sub_03284,winback_dormant,78,4,171.88,apparel,checkout_optin,False,WA,2026-02-12
sub_03285,new_subscriber,2,1,52.32,apparel,referral,False,IL,2026-04-29
sub_03286,price_sensitive,15,4,146.91,wellness,paid_social,False,IL,2026-04-16
sub_03287,high_intent_browser,2,0,57.95,kids,checkout_optin,True,IL,2026-04-29
sub_03288,vip_loyalist,6,19,986.6,wellness,popup,True,GA,2026-04-25
sub_03289,high_intent_browser,7,0,42.51,wellness,referral,False,CA,2026-04-24
sub_03290,high_intent_browser,5,2,56.03,beauty,referral,False,PA,2026-04-26
sub_03291,high_intent_browser,6,0,29.02,electronics,popup,False,FL,2026-04-25
sub_03292,winback_dormant,60,2,289.56,home,loyalty_signup,False,TX,2026-03-02
sub_03293,price_sensitive,9,4,50.57,home,checkout_optin,False,NY,2026-04-22
sub_03294,high_intent_browser,2,0,51.13,kids,popup,False,PA,2026-04-29
sub_03295,high_intent_browser,4,1,53.89,wellness,referral,True,MA,2026-04-27
sub_03296,vip_loyalist,7,20,339.59,electronics,referral,True,MA,2026-04-24
sub_03297,high_intent_browser,7,0,62.61,wellness,paid_social,False,NY,2026-04-24
sub_03298,new_subscriber,4,0,41.08,electronics,paid_social,True,OH,2026-04-27
sub_03299,post_purchase,8,2,157.18,wellness,referral,False,IL,2026-04-23
sub_03300,high_intent_browser,7,0,0,beauty,loyalty_signup,False,CA,2026-04-24
sub_03301,new_subscriber,3,1,55.86,apparel,popup,False,FL,2026-04-28
sub_03302,new_subscriber,1,0,38.49,wellness,checkout_optin,False,NY,2026-04-30
sub_03303,high_intent_browser,4,1,28.68,kids,checkout_optin,False,CA,2026-04-27
sub_03304,high_intent_browser,4,1,23.35,wellness,loyalty_signup,False,NY,2026-04-27
sub_03305,price_sensitive,19,3,76.1,apparel,referral,False,PA,2026-04-12
sub_03306,high_intent_browser,7,0,46.26,apparel,loyalty_signup,False,CA,2026-04-24
sub_03307,high_intent_browser,2,0,34.6,apparel,checkout_optin,False,GA,2026-04-29
sub_03308,high_intent_browser,6,0,22.27,home,loyalty_signup,False,GA,2026-04-25
sub_03309,high_intent_browser,3,2,13.9,home,loyalty_signup,False,FL,2026-04-28
sub_03310,vip_loyalist,18,25,1254.14,beauty,paid_social,True,FL,2026-04-13
sub_03311,price_sensitive,28,1,0,kids,loyalty_signup,False,WA,2026-04-03
sub_03312,new_subscriber,3,1,25.32,kids,checkout_optin,False,IL,2026-04-28
sub_03313,winback_dormant,94,2,106.25,wellness,referral,False,PA,2026-01-27
sub_03314,price_sensitive,12,3,97.9,kids,checkout_optin,False,TX,2026-04-19
sub_03315,high_intent_browser,5,1,33.76,wellness,checkout_optin,False,CA,2026-04-26
sub_03316,new_subscriber,2,0,24.41,beauty,checkout_optin,False,FL,2026-04-29
sub_03317,new_subscriber,3,0,49.29,kids,checkout_optin,False,CA,2026-04-28
sub_03318,high_intent_browser,3,3,25.04,wellness,loyalty_signup,False,MA,2026-04-28
sub_03319,new_subscriber,2,0,22.15,beauty,referral,True,IL,2026-04-29
sub_03320,post_purchase,9,8,164.03,apparel,paid_social,False,FL,2026-04-22
sub_03321,price_sensitive,4,3,73.9,kids,loyalty_signup,False,IL,2026-04-27
sub_03322,vip_loyalist,12,25,1597.72,apparel,paid_social,True,TX,2026-04-19
sub_03323,post_purchase,2,5,163.93,wellness,paid_social,False,WA,2026-04-29
sub_03324,price_sensitive,16,7,52.97,beauty,popup,False,MA,2026-04-15
sub_03325,new_subscriber,2,2,56.91,electronics,paid_social,False,FL,2026-04-29
sub_03326,post_purchase,6,5,178.91,apparel,paid_social,False,NY,2026-04-25
sub_03327,vip_loyalist,15,7,420.49,home,loyalty_signup,True,OH,2026-04-16
sub_03328,price_sensitive,6,4,73.71,apparel,loyalty_signup,False,PA,2026-04-25
sub_03329,high_intent_browser,5,0,38.95,kids,checkout_optin,False,MA,2026-04-26
sub_03330,price_sensitive,9,5,55.59,home,popup,False,IL,2026-04-22
sub_03331,post_purchase,7,3,196.02,home,loyalty_signup,False,TX,2026-04-24
sub_03332,vip_loyalist,1,20,742.53,home,paid_social,True,FL,2026-04-30
sub_03333,post_purchase,10,8,88.13,electronics,loyalty_signup,False,FL,2026-04-21
sub_03334,post_purchase,8,4,29.51,kids,popup,False,OH,2026-04-23
sub_03335,high_intent_browser,2,2,45.09,kids,checkout_optin,True,TX,2026-04-29
sub_03336,new_subscriber,2,0,35.66,kids,referral,False,FL,2026-04-29
sub_03337,new_subscriber,2,0,34.39,wellness,referral,False,CA,2026-04-29
sub_03338,price_sensitive,24,5,0,kids,checkout_optin,False,PA,2026-04-07
sub_03339,new_subscriber,3,0,48.7,apparel,checkout_optin,False,WA,2026-04-28
sub_03340,high_intent_browser,4,0,33.49,kids,referral,False,MA,2026-04-27
sub_03341,post_purchase,4,5,202.23,wellness,paid_social,False,IL,2026-04-27
sub_03342,high_intent_browser,5,0,0,apparel,popup,False,NY,2026-04-26
sub_03343,price_sensitive,0,5,97.58,beauty,loyalty_signup,False,WA,2026-05-01
sub_03344,post_purchase,6,3,197.63,beauty,checkout_optin,False,CA,2026-04-25
sub_03345,high_intent_browser,3,0,62.17,beauty,loyalty_signup,False,MA,2026-04-28
sub_03346,post_purchase,6,4,124.25,apparel,referral,False,GA,2026-04-25
sub_03347,high_intent_browser,10,0,16.96,kids,loyalty_signup,False,OH,2026-04-21
sub_03348,price_sensitive,14,4,24.97,apparel,paid_social,True,GA,2026-04-17
sub_03349,winback_dormant,68,11,242.8,electronics,popup,False,NY,2026-02-22
sub_03350,high_intent_browser,3,0,34.39,kids,referral,False,NY,2026-04-28
sub_03351,new_subscriber,1,0,12.87,wellness,popup,False,FL,2026-04-30
sub_03352,new_subscriber,3,0,15.63,home,popup,True,GA,2026-04-28
sub_03353,price_sensitive,21,1,89.26,electronics,paid_social,False,OH,2026-04-10
sub_03354,new_subscriber,4,0,29.36,beauty,referral,False,FL,2026-04-27
sub_03355,price_sensitive,10,3,74.33,home,checkout_optin,False,FL,2026-04-21
sub_03356,price_sensitive,32,5,45.4,electronics,paid_social,True,NY,2026-03-30
sub_03357,vip_loyalist,6,17,732.86,electronics,paid_social,True,PA,2026-04-25
sub_03358,high_intent_browser,6,0,38.9,apparel,referral,False,WA,2026-04-25
sub_03359,vip_loyalist,7,19,900.91,wellness,referral,True,NY,2026-04-24
sub_03360,high_intent_browser,4,1,41.08,home,checkout_optin,False,PA,2026-04-27
sub_03361,new_subscriber,2,1,19.31,wellness,popup,False,PA,2026-04-29
sub_03362,price_sensitive,29,4,46.23,wellness,paid_social,False,CA,2026-04-02
sub_03363,winback_dormant,169,9,330.77,home,paid_social,True,CA,2025-11-13
sub_03364,high_intent_browser,7,1,42.35,apparel,loyalty_signup,False,MA,2026-04-24
sub_03365,high_intent_browser,5,1,17.4,kids,paid_social,False,PA,2026-04-26
sub_03366,high_intent_browser,5,1,14.92,home,popup,False,MA,2026-04-26
sub_03367,post_purchase,6,4,162.37,home,loyalty_signup,False,WA,2026-04-25
sub_03368,high_intent_browser,5,0,35.75,home,popup,False,MA,2026-04-26
sub_03369,price_sensitive,15,3,19.96,apparel,popup,False,GA,2026-04-16
sub_03370,high_intent_browser,5,0,46.4,home,referral,False,FL,2026-04-26
sub_03371,high_intent_browser,2,2,38.48,apparel,loyalty_signup,False,TX,2026-04-29
sub_03372,winback_dormant,114,8,288.16,kids,checkout_optin,False,IL,2026-01-07
sub_03373,new_subscriber,1,0,58.75,apparel,loyalty_signup,True,CA,2026-04-30
sub_03374,price_sensitive,9,1,87.74,electronics,popup,False,TX,2026-04-22
sub_03375,vip_loyalist,17,44,554.84,beauty,paid_social,True,PA,2026-04-14
sub_03376,high_intent_browser,0,1,44.84,electronics,loyalty_signup,True,IL,2026-05-01
sub_03377,post_purchase,10,3,220.12,electronics,paid_social,False,OH,2026-04-21
sub_03378,new_subscriber,3,0,45.5,wellness,referral,False,GA,2026-04-28
sub_03379,new_subscriber,2,0,53.19,beauty,popup,False,FL,2026-04-29
sub_03380,high_intent_browser,8,0,43.52,apparel,paid_social,False,FL,2026-04-23
sub_03381,price_sensitive,30,5,94.2,kids,checkout_optin,False,TX,2026-04-01
sub_03382,high_intent_browser,4,1,29.38,electronics,paid_social,False,WA,2026-04-27
sub_03383,vip_loyalist,19,27,582.1,home,referral,True,CA,2026-04-12
sub_03384,price_sensitive,21,2,48.15,electronics,paid_social,False,OH,2026-04-10
sub_03385,post_purchase,8,6,257.75,electronics,paid_social,False,PA,2026-04-23
sub_03386,high_intent_browser,2,2,6.11,kids,loyalty_signup,False,OH,2026-04-29
sub_03387,new_subscriber,3,0,63.8,home,referral,False,TX,2026-04-28
sub_03388,new_subscriber,2,1,56.91,kids,referral,False,OH,2026-04-29
sub_03389,price_sensitive,0,1,55.51,wellness,loyalty_signup,False,OH,2026-05-01
sub_03390,winback_dormant,102,12,183.66,electronics,referral,True,WA,2026-01-19
sub_03391,high_intent_browser,0,2,38.78,electronics,checkout_optin,False,MA,2026-05-01
sub_03392,high_intent_browser,3,0,73.04,home,loyalty_signup,False,CA,2026-04-28
sub_03393,new_subscriber,2,0,58.71,home,paid_social,False,GA,2026-04-29
sub_03394,vip_loyalist,18,26,366.76,apparel,checkout_optin,True,TX,2026-04-13
sub_03395,high_intent_browser,1,0,29.25,wellness,popup,False,OH,2026-04-30
sub_03396,post_purchase,8,7,121.12,beauty,loyalty_signup,False,NY,2026-04-23
sub_03397,price_sensitive,15,6,51.24,kids,paid_social,False,IL,2026-04-16
sub_03398,new_subscriber,4,0,38.74,kids,paid_social,False,PA,2026-04-27
sub_03399,high_intent_browser,4,0,42.69,apparel,loyalty_signup,False,PA,2026-04-27
sub_03400,price_sensitive,15,5,89.59,beauty,referral,False,PA,2026-04-16
sub_03401,high_intent_browser,6,1,37.72,beauty,paid_social,False,GA,2026-04-25
sub_03402,new_subscriber,3,0,24.5,kids,checkout_optin,False,NY,2026-04-28
sub_03403,new_subscriber,3,0,7.92,kids,popup,False,FL,2026-04-28
sub_03404,post_purchase,6,4,220.73,beauty,popup,False,OH,2026-04-25
sub_03405,high_intent_browser,4,1,36.3,apparel,loyalty_signup,False,WA,2026-04-27
sub_03406,vip_loyalist,10,23,1658.35,electronics,checkout_optin,True,GA,2026-04-21
sub_03407,high_intent_browser,5,2,56.05,home,loyalty_signup,False,CA,2026-04-26
sub_03408,high_intent_browser,1,0,35.77,kids,checkout_optin,False,TX,2026-04-30
sub_03409,new_subscriber,3,0,15.89,wellness,loyalty_signup,False,GA,2026-04-28
sub_03410,high_intent_browser,6,2,13.17,beauty,referral,True,PA,2026-04-25
sub_03411,high_intent_browser,5,2,47.75,electronics,paid_social,False,WA,2026-04-26
sub_03412,price_sensitive,23,3,90.4,beauty,referral,False,OH,2026-04-08
sub_03413,post_purchase,2,5,229.48,apparel,paid_social,True,CA,2026-04-29
sub_03414,new_subscriber,2,0,12.78,home,popup,False,IL,2026-04-29
sub_03415,new_subscriber,1,1,0,home,referral,False,PA,2026-04-30
sub_03416,post_purchase,5,7,179.56,kids,referral,False,NY,2026-04-26
sub_03417,price_sensitive,23,6,50.31,apparel,popup,False,WA,2026-04-08
sub_03418,new_subscriber,4,0,50.54,wellness,loyalty_signup,False,FL,2026-04-27
sub_03419,price_sensitive,14,5,114.03,wellness,referral,False,WA,2026-04-17
sub_03420,winback_dormant,89,7,353.36,kids,popup,False,MA,2026-02-01
sub_03421,new_subscriber,1,0,42.59,beauty,referral,True,GA,2026-04-30
sub_03422,post_purchase,11,5,92.86,kids,loyalty_signup,False,FL,2026-04-20
sub_03423,high_intent_browser,4,2,15.33,wellness,popup,False,TX,2026-04-27
sub_03424,new_subscriber,3,0,38.53,beauty,referral,False,OH,2026-04-28
sub_03425,winback_dormant,76,8,194.23,electronics,referral,False,CA,2026-02-14
sub_03426,new_subscriber,1,0,31.6,beauty,popup,True,NY,2026-04-30
sub_03427,price_sensitive,23,3,78.98,kids,checkout_optin,False,IL,2026-04-08
sub_03428,post_purchase,15,4,76.63,wellness,loyalty_signup,False,TX,2026-04-16
sub_03429,high_intent_browser,5,0,40.35,electronics,paid_social,False,NY,2026-04-26
sub_03430,new_subscriber,3,0,9.37,beauty,referral,True,NY,2026-04-28
sub_03431,post_purchase,0,3,156.1,apparel,loyalty_signup,False,TX,2026-05-01
sub_03432,new_subscriber,3,0,40.87,wellness,paid_social,True,GA,2026-04-28
sub_03433,price_sensitive,16,2,106.99,electronics,popup,False,CA,2026-04-15
sub_03434,new_subscriber,2,0,17.36,electronics,loyalty_signup,False,OH,2026-04-29
sub_03435,price_sensitive,9,3,133.9,electronics,popup,False,IL,2026-04-22
sub_03436,price_sensitive,12,2,69.18,electronics,referral,False,IL,2026-04-19
sub_03437,price_sensitive,22,5,116.04,home,loyalty_signup,False,MA,2026-04-09
sub_03438,high_intent_browser,1,0,21.5,wellness,referral,False,FL,2026-04-30
sub_03439,high_intent_browser,9,1,15.75,wellness,paid_social,False,OH,2026-04-22
sub_03440,winback_dormant,120,9,237.29,apparel,popup,False,GA,2026-01-01
sub_03441,price_sensitive,22,5,85.7,apparel,popup,False,GA,2026-04-09
sub_03442,high_intent_browser,6,0,38.6,home,referral,True,IL,2026-04-25
sub_03443,new_subscriber,4,0,38.82,electronics,popup,False,TX,2026-04-27
sub_03444,price_sensitive,10,3,44.28,beauty,checkout_optin,True,FL,2026-04-21
sub_03445,new_subscriber,2,0,55.82,home,popup,False,IL,2026-04-29
sub_03446,post_purchase,0,5,151.03,beauty,paid_social,False,OH,2026-05-01
sub_03447,post_purchase,1,1,108.39,electronics,paid_social,False,WA,2026-04-30
sub_03448,post_purchase,11,3,148.98,apparel,paid_social,False,FL,2026-04-20
sub_03449,high_intent_browser,7,2,0,apparel,referral,False,PA,2026-04-24
sub_03450,post_purchase,8,7,228.83,home,popup,False,FL,2026-04-23
sub_03451,high_intent_browser,6,0,47.36,kids,referral,False,TX,2026-04-25
sub_03452,price_sensitive,17,2,88.64,kids,checkout_optin,False,CA,2026-04-14
sub_03453,high_intent_browser,6,1,58.3,apparel,checkout_optin,False,CA,2026-04-25
sub_03454,price_sensitive,6,1,40.62,apparel,loyalty_signup,False,IL,2026-04-25
sub_03455,post_purchase,6,6,146.32,electronics,checkout_optin,False,TX,2026-04-25
sub_03456,post_purchase,12,2,174.73,kids,loyalty_signup,False,FL,2026-04-19
sub_03457,high_intent_browser,5,1,72.89,beauty,checkout_optin,False,GA,2026-04-26
sub_03458,price_sensitive,12,2,81.76,home,loyalty_signup,False,MA,2026-04-19
sub_03459,high_intent_browser,4,0,44.13,beauty,referral,True,TX,2026-04-27
sub_03460,price_sensitive,10,6,84.59,kids,popup,False,MA,2026-04-21
sub_03461,high_intent_browser,3,0,26.49,kids,checkout_optin,False,MA,2026-04-28
sub_03462,vip_loyalist,12,15,944.18,apparel,referral,True,PA,2026-04-19
sub_03463,high_intent_browser,5,0,36.7,beauty,popup,False,FL,2026-04-26
sub_03464,price_sensitive,25,5,58.86,kids,paid_social,True,CA,2026-04-06
sub_03465,high_intent_browser,5,2,9.47,apparel,loyalty_signup,False,CA,2026-04-26
sub_03466,high_intent_browser,3,1,22.57,apparel,paid_social,False,NY,2026-04-28
sub_03467,price_sensitive,21,3,0,wellness,paid_social,False,NY,2026-04-10
sub_03468,post_purchase,6,5,105.66,apparel,checkout_optin,False,NY,2026-04-25
sub_03469,vip_loyalist,13,7,409.45,electronics,checkout_optin,True,CA,2026-04-18
sub_03470,new_subscriber,2,0,50.27,wellness,popup,False,GA,2026-04-29
sub_03471,winback_dormant,120,9,195.88,home,referral,False,TX,2026-01-01
sub_03472,new_subscriber,1,0,54.57,wellness,loyalty_signup,False,PA,2026-04-30
sub_03473,post_purchase,6,3,267.26,apparel,popup,False,GA,2026-04-25
sub_03474,post_purchase,10,8,80.78,electronics,paid_social,False,PA,2026-04-21
sub_03475,high_intent_browser,6,0,33.38,home,referral,True,NY,2026-04-25
sub_03476,new_subscriber,4,0,8.65,beauty,referral,False,TX,2026-04-27
sub_03477,winback_dormant,89,4,238.09,kids,paid_social,False,PA,2026-02-01
sub_03478,high_intent_browser,5,2,79.11,electronics,referral,False,OH,2026-04-26
sub_03479,price_sensitive,15,1,51.08,kids,loyalty_signup,False,FL,2026-04-16
sub_03480,winback_dormant,96,6,387.22,apparel,checkout_optin,True,CA,2026-01-25
sub_03481,price_sensitive,30,3,169.54,beauty,loyalty_signup,True,TX,2026-04-01
sub_03482,price_sensitive,18,3,55.56,kids,referral,False,TX,2026-04-13
sub_03483,new_subscriber,3,0,51.16,wellness,checkout_optin,False,TX,2026-04-28
sub_03484,high_intent_browser,2,0,58.53,kids,referral,True,OH,2026-04-29
sub_03485,new_subscriber,1,0,43.45,home,popup,False,IL,2026-04-30
sub_03486,vip_loyalist,15,21,733.24,beauty,referral,True,IL,2026-04-16
sub_03487,post_purchase,9,9,160.86,wellness,paid_social,False,GA,2026-04-22
sub_03488,winback_dormant,136,4,513.8,apparel,popup,False,NY,2025-12-16
sub_03489,price_sensitive,20,3,89.4,wellness,referral,False,GA,2026-04-11
sub_03490,price_sensitive,21,4,103.93,wellness,checkout_optin,False,CA,2026-04-10
sub_03491,vip_loyalist,10,29,1600.24,beauty,popup,True,WA,2026-04-21
sub_03492,winback_dormant,62,11,102.14,home,paid_social,False,NY,2026-02-28
sub_03493,price_sensitive,23,6,103.97,electronics,paid_social,False,IL,2026-04-08
sub_03494,new_subscriber,4,0,53.47,home,paid_social,False,MA,2026-04-27
sub_03495,high_intent_browser,4,3,46.54,kids,paid_social,False,PA,2026-04-27
sub_03496,price_sensitive,10,5,58.68,wellness,checkout_optin,False,CA,2026-04-21
sub_03497,winback_dormant,117,11,54.18,kids,checkout_optin,True,GA,2026-01-04
sub_03498,winback_dormant,137,13,281.77,kids,referral,False,GA,2025-12-15
sub_03499,vip_loyalist,10,33,1398.12,beauty,loyalty_signup,True,NY,2026-04-21
sub_03500,high_intent_browser,1,1,36.25,apparel,checkout_optin,False,PA,2026-04-30
sub_03501,high_intent_browser,5,1,55.78,wellness,loyalty_signup,False,OH,2026-04-26
sub_03502,post_purchase,6,3,85.62,beauty,checkout_optin,False,MA,2026-04-25
sub_03503,post_purchase,6,7,219.27,apparel,popup,True,NY,2026-04-25
sub_03504,new_subscriber,1,0,41.25,wellness,checkout_optin,False,WA,2026-04-30
sub_03505,high_intent_browser,3,0,61.88,beauty,popup,False,MA,2026-04-28
sub_03506,new_subscriber,2,0,54.58,kids,popup,True,CA,2026-04-29
sub_03507,winback_dormant,147,16,324.91,electronics,popup,False,OH,2025-12-05
sub_03508,new_subscriber,4,0,0,home,popup,True,GA,2026-04-27
sub_03509,high_intent_browser,5,1,29.12,wellness,paid_social,False,IL,2026-04-26
sub_03510,vip_loyalist,16,21,423.44,apparel,referral,True,IL,2026-04-15
sub_03511,high_intent_browser,4,0,53.56,electronics,popup,True,TX,2026-04-27
sub_03512,winback_dormant,161,8,215.75,electronics,referral,False,OH,2025-11-21
sub_03513,high_intent_browser,4,4,29.78,wellness,popup,False,PA,2026-04-27
sub_03514,new_subscriber,3,1,42.6,wellness,popup,False,PA,2026-04-28
sub_03515,price_sensitive,20,3,48.21,apparel,referral,False,FL,2026-04-11
sub_03516,vip_loyalist,17,25,665.36,wellness,referral,True,PA,2026-04-14
sub_03517,post_purchase,7,5,228.71,home,loyalty_signup,False,TX,2026-04-24
sub_03518,high_intent_browser,2,1,31.09,home,referral,False,MA,2026-04-29
sub_03519,high_intent_browser,0,0,0,electronics,loyalty_signup,False,FL,2026-05-01
sub_03520,new_subscriber,1,0,39.06,wellness,paid_social,False,TX,2026-04-30
sub_03521,high_intent_browser,7,0,10.66,kids,loyalty_signup,False,CA,2026-04-24
sub_03522,price_sensitive,18,4,36.55,electronics,referral,False,OH,2026-04-13
sub_03523,vip_loyalist,13,24,571.23,beauty,popup,True,GA,2026-04-18
sub_03524,high_intent_browser,3,0,58.02,beauty,referral,False,NY,2026-04-28
sub_03525,high_intent_browser,2,1,0,kids,paid_social,False,NY,2026-04-29
sub_03526,price_sensitive,13,4,49.75,beauty,loyalty_signup,True,WA,2026-04-18
sub_03527,high_intent_browser,6,0,55.88,electronics,checkout_optin,False,PA,2026-04-25
sub_03528,new_subscriber,1,1,25.98,apparel,referral,False,WA,2026-04-30
sub_03529,vip_loyalist,15,3,1119.39,kids,checkout_optin,True,IL,2026-04-16
sub_03530,high_intent_browser,5,0,0,home,referral,False,OH,2026-04-26
sub_03531,winback_dormant,146,8,371.36,beauty,paid_social,False,GA,2025-12-06
sub_03532,high_intent_browser,5,2,43.18,electronics,paid_social,False,TX,2026-04-26
sub_03533,high_intent_browser,5,0,64.11,kids,loyalty_signup,False,IL,2026-04-26
sub_03534,new_subscriber,2,0,54.83,apparel,referral,False,FL,2026-04-29
sub_03535,vip_loyalist,18,32,985.35,home,popup,True,GA,2026-04-13
sub_03536,high_intent_browser,5,0,55.94,wellness,referral,False,GA,2026-04-26
sub_03537,new_subscriber,2,0,24.74,kids,popup,True,GA,2026-04-29
sub_03538,price_sensitive,26,3,122.85,electronics,popup,False,FL,2026-04-05
sub_03539,price_sensitive,17,3,74.72,wellness,referral,False,FL,2026-04-14
sub_03540,high_intent_browser,3,0,51.84,home,popup,True,OH,2026-04-28
sub_03541,high_intent_browser,4,1,49.76,beauty,popup,False,OH,2026-04-27
sub_03542,price_sensitive,37,1,63.94,apparel,popup,True,OH,2026-03-25
sub_03543,high_intent_browser,2,0,10.23,home,paid_social,True,CA,2026-04-29
sub_03544,new_subscriber,4,0,32.57,kids,popup,True,OH,2026-04-27
sub_03545,price_sensitive,8,7,56.19,home,popup,False,GA,2026-04-23
sub_03546,new_subscriber,4,0,33.38,wellness,paid_social,False,OH,2026-04-27
sub_03547,winback_dormant,124,5,194.27,beauty,popup,False,GA,2025-12-28
sub_03548,high_intent_browser,6,0,2.57,home,paid_social,False,IL,2026-04-25
sub_03549,new_subscriber,5,0,39.35,apparel,checkout_optin,False,OH,2026-04-26
sub_03550,high_intent_browser,7,1,50.62,kids,paid_social,False,TX,2026-04-24
sub_03551,post_purchase,6,4,162.24,beauty,checkout_optin,False,FL,2026-04-25
sub_03552,price_sensitive,23,6,43.19,beauty,checkout_optin,False,OH,2026-04-08
sub_03553,high_intent_browser,5,0,30.92,wellness,popup,True,OH,2026-04-26
sub_03554,new_subscriber,2,1,20.49,kids,checkout_optin,False,PA,2026-04-29
sub_03555,high_intent_browser,5,0,14.99,home,referral,True,PA,2026-04-26
sub_03556,post_purchase,8,6,111.59,wellness,paid_social,False,WA,2026-04-23
sub_03557,price_sensitive,20,6,65.09,home,referral,False,CA,2026-04-11
sub_03558,post_purchase,3,3,145.31,kids,popup,False,MA,2026-04-28
sub_03559,high_intent_browser,4,0,38.88,beauty,referral,False,GA,2026-04-27
sub_03560,high_intent_browser,7,1,55.38,beauty,popup,False,PA,2026-04-24
sub_03561,high_intent_browser,4,1,48.77,wellness,paid_social,True,GA,2026-04-27
sub_03562,winback_dormant,88,0,287.88,wellness,paid_social,False,IL,2026-02-02
sub_03563,post_purchase,4,5,109.42,beauty,paid_social,False,MA,2026-04-27
sub_03564,high_intent_browser,5,0,41.33,electronics,popup,False,NY,2026-04-26
sub_03565,high_intent_browser,6,2,54.02,wellness,popup,False,IL,2026-04-25
sub_03566,vip_loyalist,14,25,642.74,apparel,checkout_optin,True,CA,2026-04-17
sub_03567,high_intent_browser,5,0,13.56,kids,loyalty_signup,True,WA,2026-04-26
sub_03568,vip_loyalist,5,20,45.73,wellness,checkout_optin,True,GA,2026-04-26
sub_03569,winback_dormant,72,13,346.75,apparel,popup,False,TX,2026-02-18
sub_03570,high_intent_browser,3,0,6.53,wellness,checkout_optin,False,FL,2026-04-28
sub_03571,price_sensitive,13,1,41.0,apparel,referral,False,IL,2026-04-18
sub_03572,post_purchase,7,5,242.25,home,checkout_optin,False,MA,2026-04-24
sub_03573,vip_loyalist,11,24,916.48,electronics,loyalty_signup,True,OH,2026-04-20
sub_03574,high_intent_browser,3,1,55.15,wellness,paid_social,False,GA,2026-04-28
sub_03575,high_intent_browser,4,0,5.37,kids,loyalty_signup,False,TX,2026-04-27
sub_03576,winback_dormant,65,8,293.31,beauty,checkout_optin,False,PA,2026-02-25
sub_03577,new_subscriber,2,0,46.23,apparel,popup,False,OH,2026-04-29
sub_03578,vip_loyalist,6,31,1170.86,apparel,checkout_optin,True,IL,2026-04-25
sub_03579,new_subscriber,4,0,49.22,electronics,popup,False,OH,2026-04-27
sub_03580,high_intent_browser,6,2,59.01,electronics,checkout_optin,False,OH,2026-04-25
sub_03581,new_subscriber,3,0,54.9,wellness,loyalty_signup,False,NY,2026-04-28
sub_03582,price_sensitive,16,3,66.0,home,checkout_optin,False,GA,2026-04-15
sub_03583,post_purchase,7,6,186.83,wellness,paid_social,True,FL,2026-04-24
sub_03584,post_purchase,11,6,144.73,home,loyalty_signup,False,TX,2026-04-20
sub_03585,high_intent_browser,1,1,48.2,wellness,paid_social,False,FL,2026-04-30
sub_03586,post_purchase,7,5,139.18,apparel,paid_social,False,CA,2026-04-24
sub_03587,winback_dormant,31,8,114.89,kids,paid_social,False,GA,2026-03-31
sub_03588,new_subscriber,2,1,22.16,beauty,loyalty_signup,False,GA,2026-04-29
sub_03589,price_sensitive,3,4,56.68,home,paid_social,False,IL,2026-04-28
sub_03590,new_subscriber,3,0,57.94,apparel,checkout_optin,False,IL,2026-04-28
sub_03591,new_subscriber,1,0,39.89,home,referral,False,OH,2026-04-30
sub_03592,high_intent_browser,5,0,23.99,wellness,paid_social,False,GA,2026-04-26
sub_03593,winback_dormant,101,11,205.01,kids,popup,False,FL,2026-01-20
sub_03594,high_intent_browser,6,0,16.16,apparel,checkout_optin,False,TX,2026-04-25
sub_03595,price_sensitive,11,4,51.55,home,loyalty_signup,False,OH,2026-04-20
sub_03596,winback_dormant,85,7,75.38,kids,checkout_optin,False,MA,2026-02-05
sub_03597,new_subscriber,2,0,23.59,home,referral,False,GA,2026-04-29
sub_03598,high_intent_browser,6,0,57.66,kids,loyalty_signup,False,FL,2026-04-25
sub_03599,price_sensitive,29,4,59.47,apparel,checkout_optin,False,PA,2026-04-02
sub_03600,high_intent_browser,4,0,36.82,electronics,loyalty_signup,False,PA,2026-04-27
sub_03601,new_subscriber,1,0,62.09,beauty,popup,False,NY,2026-04-30
sub_03602,post_purchase,10,4,152.65,home,paid_social,False,WA,2026-04-21
sub_03603,high_intent_browser,5,1,49.39,home,checkout_optin,True,CA,2026-04-26
sub_03604,vip_loyalist,14,16,509.74,electronics,paid_social,True,OH,2026-04-17
sub_03605,new_subscriber,3,0,38.25,beauty,popup,False,WA,2026-04-28
sub_03606,price_sensitive,7,7,0,home,paid_social,False,IL,2026-04-24
sub_03607,high_intent_browser,7,1,41.29,electronics,checkout_optin,False,OH,2026-04-24
sub_03608,price_sensitive,18,3,45.42,electronics,loyalty_signup,False,IL,2026-04-13
sub_03609,post_purchase,10,7,204.96,electronics,popup,False,FL,2026-04-21
sub_03610,high_intent_browser,6,0,61.68,apparel,referral,False,NY,2026-04-25
sub_03611,high_intent_browser,0,0,47.82,wellness,loyalty_signup,False,GA,2026-05-01
sub_03612,vip_loyalist,13,19,1704.63,wellness,popup,True,NY,2026-04-18
sub_03613,new_subscriber,3,0,30.03,kids,loyalty_signup,False,FL,2026-04-28
sub_03614,post_purchase,8,3,157.4,beauty,referral,False,CA,2026-04-23
sub_03615,new_subscriber,3,0,19.75,home,referral,False,OH,2026-04-28
sub_03616,high_intent_browser,3,0,29.35,electronics,referral,False,PA,2026-04-28
sub_03617,high_intent_browser,4,0,33.72,kids,popup,False,WA,2026-04-27
sub_03618,high_intent_browser,4,1,33.26,home,checkout_optin,True,GA,2026-04-27
sub_03619,new_subscriber,3,0,42.35,home,popup,False,PA,2026-04-28
sub_03620,high_intent_browser,4,0,78.78,beauty,paid_social,True,TX,2026-04-27
sub_03621,vip_loyalist,19,9,798.91,electronics,loyalty_signup,True,FL,2026-04-12
sub_03622,new_subscriber,4,0,36.74,wellness,loyalty_signup,False,WA,2026-04-27
sub_03623,post_purchase,7,6,170.64,wellness,popup,False,GA,2026-04-24
sub_03624,price_sensitive,14,5,57.5,electronics,loyalty_signup,False,MA,2026-04-17
sub_03625,new_subscriber,3,0,38.26,beauty,checkout_optin,False,WA,2026-04-28
sub_03626,price_sensitive,9,4,44.19,wellness,loyalty_signup,False,GA,2026-04-22
sub_03627,new_subscriber,1,0,0,electronics,checkout_optin,True,IL,2026-04-30
sub_03628,high_intent_browser,5,3,14.34,electronics,paid_social,False,MA,2026-04-26
sub_03629,price_sensitive,28,5,61.86,kids,paid_social,False,PA,2026-04-03
sub_03630,high_intent_browser,2,1,25.09,apparel,paid_social,False,OH,2026-04-29
sub_03631,post_purchase,11,4,115.08,kids,referral,True,WA,2026-04-20
sub_03632,high_intent_browser,4,1,48.73,home,paid_social,False,CA,2026-04-27
sub_03633,price_sensitive,18,1,64.29,home,loyalty_signup,False,FL,2026-04-13
sub_03634,new_subscriber,2,0,48.2,apparel,referral,False,TX,2026-04-29
sub_03635,post_purchase,8,4,190.45,apparel,paid_social,False,MA,2026-04-23
sub_03636,vip_loyalist,9,31,1035.18,beauty,paid_social,True,NY,2026-04-22
sub_03637,new_subscriber,3,0,28.28,kids,referral,False,WA,2026-04-28
sub_03638,new_subscriber,1,0,11.6,home,popup,False,NY,2026-04-30
sub_03639,new_subscriber,5,0,74.96,electronics,checkout_optin,True,FL,2026-04-26
sub_03640,high_intent_browser,0,1,47.12,apparel,popup,False,IL,2026-05-01
sub_03641,price_sensitive,13,3,58.07,beauty,paid_social,True,IL,2026-04-18
sub_03642,post_purchase,13,5,35.26,apparel,checkout_optin,True,NY,2026-04-18
sub_03643,price_sensitive,23,3,65.23,home,referral,False,NY,2026-04-08
sub_03644,post_purchase,9,4,111.95,beauty,referral,False,OH,2026-04-22
sub_03645,price_sensitive,11,3,157.47,kids,checkout_optin,True,PA,2026-04-20
sub_03646,price_sensitive,17,2,12.9,home,referral,True,IL,2026-04-14
sub_03647,high_intent_browser,5,1,23.02,beauty,paid_social,False,FL,2026-04-26
sub_03648,high_intent_browser,5,0,10.52,beauty,popup,False,WA,2026-04-26
sub_03649,high_intent_browser,6,2,24.78,wellness,paid_social,False,PA,2026-04-25
sub_03650,post_purchase,9,0,139.0,apparel,referral,False,CA,2026-04-22
sub_03651,price_sensitive,15,5,61.0,electronics,paid_social,True,CA,2026-04-16
sub_03652,high_intent_browser,4,1,34.13,wellness,paid_social,False,NY,2026-04-27
sub_03653,price_sensitive,12,4,55.88,home,loyalty_signup,True,OH,2026-04-19
sub_03654,price_sensitive,10,0,67.37,wellness,popup,False,GA,2026-04-21
sub_03655,high_intent_browser,3,0,78.12,electronics,checkout_optin,False,FL,2026-04-28
sub_03656,high_intent_browser,2,0,28.68,kids,checkout_optin,False,FL,2026-04-29
sub_03657,high_intent_browser,5,0,67.32,wellness,loyalty_signup,True,WA,2026-04-26
sub_03658,high_intent_browser,2,0,21.89,beauty,referral,False,CA,2026-04-29
sub_03659,high_intent_browser,4,1,9.49,electronics,checkout_optin,False,WA,2026-04-27
sub_03660,vip_loyalist,12,26,838.91,apparel,popup,True,CA,2026-04-19
sub_03661,new_subscriber,1,0,36.55,electronics,paid_social,False,FL,2026-04-30
sub_03662,post_purchase,10,6,175.91,electronics,referral,False,FL,2026-04-21
sub_03663,new_subscriber,2,0,21.24,beauty,paid_social,False,NY,2026-04-29
sub_03664,new_subscriber,4,1,11.19,electronics,paid_social,False,GA,2026-04-27
sub_03665,high_intent_browser,5,0,34.87,wellness,popup,False,GA,2026-04-26
sub_03666,price_sensitive,18,4,82.93,wellness,referral,False,IL,2026-04-13
sub_03667,price_sensitive,23,2,28.21,wellness,popup,False,WA,2026-04-08
sub_03668,price_sensitive,3,5,69.93,home,checkout_optin,False,IL,2026-04-28
sub_03669,post_purchase,4,2,222.37,beauty,loyalty_signup,False,PA,2026-04-27
sub_03670,post_purchase,4,7,190.26,home,popup,False,FL,2026-04-27
sub_03671,new_subscriber,3,0,27.47,home,checkout_optin,False,PA,2026-04-28
sub_03672,high_intent_browser,5,0,19.37,electronics,loyalty_signup,False,IL,2026-04-26
sub_03673,price_sensitive,20,1,58.76,kids,referral,True,PA,2026-04-11
sub_03674,price_sensitive,14,4,45.21,beauty,loyalty_signup,False,OH,2026-04-17
sub_03675,price_sensitive,27,3,82.0,apparel,paid_social,True,IL,2026-04-04
sub_03676,vip_loyalist,13,19,1583.35,home,paid_social,True,PA,2026-04-18
sub_03677,high_intent_browser,4,1,47.54,home,popup,True,CA,2026-04-27
sub_03678,price_sensitive,9,4,80.28,kids,popup,False,TX,2026-04-22
sub_03679,post_purchase,5,5,48.37,apparel,checkout_optin,True,NY,2026-04-26
sub_03680,high_intent_browser,3,2,23.49,kids,paid_social,False,MA,2026-04-28
sub_03681,price_sensitive,26,4,1.41,beauty,popup,False,PA,2026-04-05
sub_03682,price_sensitive,22,6,0,beauty,loyalty_signup,False,WA,2026-04-09
sub_03683,new_subscriber,5,1,54.52,wellness,popup,False,NY,2026-04-26
sub_03684,high_intent_browser,5,0,17.77,home,paid_social,False,OH,2026-04-26
sub_03685,high_intent_browser,5,1,23.79,wellness,paid_social,False,IL,2026-04-26
sub_03686,new_subscriber,3,0,26.61,home,referral,True,MA,2026-04-28
sub_03687,winback_dormant,197,14,157.51,electronics,popup,True,FL,2025-10-16
sub_03688,vip_loyalist,16,16,829.89,wellness,popup,True,GA,2026-04-15
sub_03689,post_purchase,5,0,181.57,home,loyalty_signup,True,GA,2026-04-26
sub_03690,vip_loyalist,10,17,800.28,electronics,checkout_optin,True,TX,2026-04-21
sub_03691,high_intent_browser,6,1,31.77,home,paid_social,False,PA,2026-04-25
sub_03692,new_subscriber,1,0,36.33,electronics,referral,False,TX,2026-04-30
sub_03693,price_sensitive,17,2,80.84,apparel,popup,False,FL,2026-04-14
sub_03694,new_subscriber,3,0,15.76,wellness,checkout_optin,False,PA,2026-04-28
sub_03695,new_subscriber,1,0,50.88,apparel,checkout_optin,False,PA,2026-04-30
sub_03696,winback_dormant,86,4,342.75,wellness,referral,False,WA,2026-02-04
sub_03697,high_intent_browser,4,0,4.52,apparel,referral,True,MA,2026-04-27
sub_03698,high_intent_browser,8,1,1.55,apparel,paid_social,False,PA,2026-04-23
sub_03699,high_intent_browser,3,0,49.24,beauty,loyalty_signup,False,CA,2026-04-28
sub_03700,high_intent_browser,5,1,48.94,home,referral,False,WA,2026-04-26
sub_03701,new_subscriber,0,0,37.85,electronics,checkout_optin,False,PA,2026-05-01
sub_03702,post_purchase,11,3,124.18,electronics,popup,False,CA,2026-04-20
sub_03703,price_sensitive,24,4,0,wellness,loyalty_signup,False,FL,2026-04-07
sub_03704,high_intent_browser,5,1,68.93,wellness,popup,False,WA,2026-04-26
sub_03705,high_intent_browser,5,2,76.74,kids,paid_social,False,NY,2026-04-26
sub_03706,high_intent_browser,4,2,15.58,apparel,checkout_optin,False,MA,2026-04-27
sub_03707,high_intent_browser,3,0,56.56,kids,referral,False,GA,2026-04-28
sub_03708,vip_loyalist,10,18,486.46,wellness,paid_social,True,TX,2026-04-21
sub_03709,price_sensitive,17,3,56.9,electronics,paid_social,False,WA,2026-04-14
sub_03710,high_intent_browser,5,0,35.35,apparel,loyalty_signup,False,FL,2026-04-26
sub_03711,new_subscriber,1,0,41.8,wellness,loyalty_signup,False,FL,2026-04-30
sub_03712,vip_loyalist,13,12,1378.27,electronics,loyalty_signup,True,FL,2026-04-18
sub_03713,vip_loyalist,14,26,699.02,home,popup,True,MA,2026-04-17
sub_03714,price_sensitive,20,3,32.33,apparel,checkout_optin,False,OH,2026-04-11
sub_03715,new_subscriber,1,0,75.53,kids,checkout_optin,False,PA,2026-04-30
sub_03716,price_sensitive,29,2,59.69,kids,referral,True,TX,2026-04-02
sub_03717,price_sensitive,11,3,74.5,home,paid_social,False,WA,2026-04-20
sub_03718,price_sensitive,22,4,33.27,kids,checkout_optin,False,IL,2026-04-09
sub_03719,high_intent_browser,4,1,20.91,home,referral,False,NY,2026-04-27
sub_03720,post_purchase,15,6,174.46,apparel,referral,False,GA,2026-04-16
sub_03721,high_intent_browser,5,0,50.44,electronics,checkout_optin,False,PA,2026-04-26
sub_03722,price_sensitive,11,3,46.65,apparel,checkout_optin,False,WA,2026-04-20
sub_03723,vip_loyalist,16,11,1081.62,home,referral,True,NY,2026-04-15
sub_03724,vip_loyalist,10,30,868.86,electronics,referral,True,PA,2026-04-21
sub_03725,price_sensitive,22,4,28.79,home,referral,False,CA,2026-04-09
sub_03726,price_sensitive,14,6,48.9,kids,loyalty_signup,False,NY,2026-04-17
sub_03727,vip_loyalist,20,25,777.79,beauty,paid_social,True,CA,2026-04-11
sub_03728,price_sensitive,19,8,68.75,beauty,checkout_optin,False,GA,2026-04-12
sub_03729,high_intent_browser,6,0,34.88,kids,loyalty_signup,False,FL,2026-04-25
sub_03730,high_intent_browser,4,0,24.65,kids,checkout_optin,False,GA,2026-04-27
sub_03731,post_purchase,7,1,67.1,home,paid_social,False,CA,2026-04-24
sub_03732,high_intent_browser,7,1,0,home,popup,False,CA,2026-04-24
sub_03733,post_purchase,6,6,205.12,wellness,loyalty_signup,False,MA,2026-04-25
sub_03734,new_subscriber,3,0,42.41,beauty,loyalty_signup,False,IL,2026-04-28
sub_03735,new_subscriber,4,0,48.48,apparel,popup,False,CA,2026-04-27
sub_03736,price_sensitive,23,4,40.31,kids,popup,False,NY,2026-04-08
sub_03737,vip_loyalist,1,24,1090.95,kids,checkout_optin,True,MA,2026-04-30
sub_03738,price_sensitive,20,4,57.71,electronics,checkout_optin,False,WA,2026-04-11
sub_03739,new_subscriber,2,0,36.13,electronics,loyalty_signup,True,GA,2026-04-29
sub_03740,price_sensitive,18,2,17.79,kids,referral,False,WA,2026-04-13
sub_03741,price_sensitive,17,2,106.36,beauty,popup,True,OH,2026-04-14
sub_03742,new_subscriber,2,0,48.38,home,paid_social,True,FL,2026-04-29
sub_03743,high_intent_browser,3,0,25.92,beauty,paid_social,False,TX,2026-04-28
sub_03744,vip_loyalist,15,10,0,home,referral,True,PA,2026-04-16
sub_03745,new_subscriber,3,0,6.06,home,popup,False,GA,2026-04-28
sub_03746,price_sensitive,24,5,30.11,wellness,checkout_optin,False,WA,2026-04-07
sub_03747,new_subscriber,2,0,17.01,electronics,referral,False,WA,2026-04-29
sub_03748,price_sensitive,27,1,24.91,wellness,popup,False,FL,2026-04-04
sub_03749,new_subscriber,2,1,18.32,wellness,paid_social,False,TX,2026-04-29
sub_03750,post_purchase,8,4,94.6,wellness,referral,False,WA,2026-04-23
sub_03751,post_purchase,4,5,160.21,wellness,referral,False,WA,2026-04-27
sub_03752,post_purchase,9,6,99.61,beauty,popup,True,TX,2026-04-22
sub_03753,vip_loyalist,5,22,958.23,kids,popup,True,NY,2026-04-26
sub_03754,post_purchase,4,7,200.74,wellness,checkout_optin,True,CA,2026-04-27
sub_03755,new_subscriber,4,0,40.72,electronics,referral,True,CA,2026-04-27
sub_03756,new_subscriber,3,0,52.12,wellness,referral,False,FL,2026-04-28
sub_03757,new_subscriber,3,0,34.43,apparel,checkout_optin,False,MA,2026-04-28
sub_03758,price_sensitive,24,2,38.61,apparel,checkout_optin,False,FL,2026-04-07
sub_03759,new_subscriber,3,0,34.65,electronics,referral,True,GA,2026-04-28
sub_03760,winback_dormant,122,10,258.67,kids,popup,False,MA,2025-12-30
sub_03761,vip_loyalist,7,43,0,wellness,paid_social,True,NY,2026-04-24
sub_03762,vip_loyalist,12,27,1163.4,kids,referral,True,NY,2026-04-19
sub_03763,post_purchase,9,3,190.05,apparel,popup,False,TX,2026-04-22
sub_03764,price_sensitive,23,3,57.47,wellness,checkout_optin,False,NY,2026-04-08
sub_03765,high_intent_browser,5,0,22.46,apparel,popup,False,FL,2026-04-26
sub_03766,new_subscriber,2,0,12.36,beauty,paid_social,False,FL,2026-04-29
sub_03767,vip_loyalist,5,25,1483.86,wellness,referral,True,FL,2026-04-26
sub_03768,high_intent_browser,5,1,25.81,wellness,popup,False,TX,2026-04-26
sub_03769,price_sensitive,11,0,69.24,home,checkout_optin,False,TX,2026-04-20
sub_03770,price_sensitive,15,3,120.05,home,loyalty_signup,False,TX,2026-04-16
sub_03771,price_sensitive,17,2,34.65,beauty,checkout_optin,False,CA,2026-04-14
sub_03772,post_purchase,7,7,260.1,apparel,checkout_optin,False,GA,2026-04-24
sub_03773,high_intent_browser,3,0,18.31,electronics,referral,False,IL,2026-04-28
sub_03774,high_intent_browser,4,1,30.26,electronics,popup,False,CA,2026-04-27
sub_03775,high_intent_browser,5,0,49.06,home,popup,False,WA,2026-04-26
sub_03776,post_purchase,8,8,225.68,kids,loyalty_signup,False,TX,2026-04-23
sub_03777,vip_loyalist,14,14,1363.97,apparel,popup,True,NY,2026-04-17
sub_03778,new_subscriber,2,0,70.04,wellness,referral,False,IL,2026-04-29
sub_03779,high_intent_browser,7,0,53.1,apparel,checkout_optin,False,GA,2026-04-24
sub_03780,high_intent_browser,5,0,9.03,apparel,loyalty_signup,False,WA,2026-04-26
sub_03781,price_sensitive,21,4,49.21,home,paid_social,False,WA,2026-04-10
sub_03782,post_purchase,10,4,229.72,kids,referral,False,FL,2026-04-21
sub_03783,post_purchase,7,4,147.46,wellness,referral,False,IL,2026-04-24
sub_03784,post_purchase,10,8,73.12,electronics,popup,False,OH,2026-04-21
sub_03785,high_intent_browser,4,0,57.56,apparel,paid_social,False,FL,2026-04-27
sub_03786,price_sensitive,9,3,57.91,home,checkout_optin,False,NY,2026-04-22
sub_03787,price_sensitive,12,4,71.96,beauty,referral,False,TX,2026-04-19
sub_03788,post_purchase,3,4,42.69,home,loyalty_signup,False,GA,2026-04-28
sub_03789,high_intent_browser,3,0,60.11,apparel,loyalty_signup,False,MA,2026-04-28
sub_03790,price_sensitive,9,3,66.8,beauty,loyalty_signup,False,CA,2026-04-22
sub_03791,price_sensitive,26,3,37.17,electronics,paid_social,False,NY,2026-04-05
sub_03792,price_sensitive,30,5,96.99,beauty,checkout_optin,False,TX,2026-04-01
sub_03793,post_purchase,9,5,200.49,home,referral,False,CA,2026-04-22
sub_03794,high_intent_browser,6,1,23.12,beauty,loyalty_signup,False,PA,2026-04-25
sub_03795,high_intent_browser,5,0,36.07,apparel,checkout_optin,False,OH,2026-04-26
sub_03796,price_sensitive,22,4,109.2,home,loyalty_signup,False,FL,2026-04-09
sub_03797,new_subscriber,1,0,25.89,wellness,loyalty_signup,False,PA,2026-04-30
sub_03798,price_sensitive,19,4,68.53,kids,checkout_optin,False,IL,2026-04-12
sub_03799,post_purchase,11,3,138.18,beauty,checkout_optin,False,NY,2026-04-20
sub_03800,new_subscriber,3,0,37.37,wellness,checkout_optin,False,FL,2026-04-28
sub_03801,high_intent_browser,4,1,22.13,wellness,loyalty_signup,False,CA,2026-04-27
sub_03802,vip_loyalist,14,27,1294.67,home,referral,True,IL,2026-04-17
sub_03803,new_subscriber,1,1,49.54,wellness,popup,True,TX,2026-04-30
sub_03804,price_sensitive,35,4,108.21,wellness,checkout_optin,False,IL,2026-03-27
sub_03805,high_intent_browser,6,2,52.43,home,popup,False,NY,2026-04-25
sub_03806,price_sensitive,21,3,73.75,home,popup,False,MA,2026-04-10
sub_03807,winback_dormant,54,9,221.98,electronics,paid_social,False,OH,2026-03-08
sub_03808,high_intent_browser,4,0,19.29,kids,referral,True,NY,2026-04-27
sub_03809,price_sensitive,17,4,44.57,apparel,loyalty_signup,False,CA,2026-04-14
sub_03810,price_sensitive,10,2,128.04,electronics,paid_social,False,CA,2026-04-21
sub_03811,new_subscriber,4,0,10.99,electronics,referral,False,IL,2026-04-27
sub_03812,price_sensitive,16,4,30.91,wellness,referral,True,WA,2026-04-15
sub_03813,new_subscriber,4,0,28.58,beauty,referral,False,TX,2026-04-27
sub_03814,post_purchase,9,4,0,wellness,checkout_optin,False,CA,2026-04-22
sub_03815,high_intent_browser,3,0,30.86,apparel,popup,False,PA,2026-04-28
sub_03816,post_purchase,10,7,234.52,wellness,referral,True,PA,2026-04-21
sub_03817,price_sensitive,13,1,72.21,kids,popup,False,GA,2026-04-18
sub_03818,high_intent_browser,5,1,27.54,kids,checkout_optin,False,FL,2026-04-26
sub_03819,new_subscriber,3,0,49.53,home,referral,True,OH,2026-04-28
sub_03820,vip_loyalist,0,10,940.33,electronics,referral,True,NY,2026-05-01
sub_03821,new_subscriber,1,0,31.4,apparel,popup,False,PA,2026-04-30
sub_03822,vip_loyalist,5,22,1237.66,apparel,checkout_optin,True,IL,2026-04-26
sub_03823,price_sensitive,23,2,59.16,kids,paid_social,False,PA,2026-04-08
sub_03824,high_intent_browser,2,0,11.78,home,referral,False,IL,2026-04-29
sub_03825,price_sensitive,9,4,60.55,wellness,loyalty_signup,False,OH,2026-04-22
sub_03826,post_purchase,9,4,74.76,kids,loyalty_signup,False,PA,2026-04-22
sub_03827,price_sensitive,4,5,94.41,electronics,checkout_optin,True,CA,2026-04-27
sub_03828,price_sensitive,18,1,18.73,wellness,loyalty_signup,False,OH,2026-04-13
sub_03829,high_intent_browser,7,0,30.85,electronics,loyalty_signup,False,OH,2026-04-24
sub_03830,vip_loyalist,14,26,605.42,apparel,loyalty_signup,True,TX,2026-04-17
sub_03831,price_sensitive,17,3,50.46,kids,loyalty_signup,True,CA,2026-04-14
sub_03832,post_purchase,7,6,210.25,home,checkout_optin,False,WA,2026-04-24
sub_03833,price_sensitive,13,5,68.43,home,referral,False,TX,2026-04-18
sub_03834,high_intent_browser,6,0,28.88,beauty,checkout_optin,True,TX,2026-04-25
sub_03835,high_intent_browser,6,0,59.12,wellness,loyalty_signup,True,NY,2026-04-25
sub_03836,post_purchase,7,6,160.22,kids,loyalty_signup,False,WA,2026-04-24
sub_03837,high_intent_browser,6,0,31.12,wellness,referral,True,MA,2026-04-25
sub_03838,price_sensitive,13,2,42.44,beauty,checkout_optin,False,MA,2026-04-18
sub_03839,vip_loyalist,19,25,839.77,apparel,popup,True,NY,2026-04-12
sub_03840,post_purchase,12,6,177.98,electronics,paid_social,False,NY,2026-04-19
sub_03841,post_purchase,6,5,49.05,apparel,loyalty_signup,False,TX,2026-04-25
sub_03842,price_sensitive,34,5,9.56,electronics,checkout_optin,False,GA,2026-03-28
sub_03843,price_sensitive,18,2,52.64,electronics,referral,False,FL,2026-04-13
sub_03844,vip_loyalist,11,30,883.01,apparel,paid_social,True,PA,2026-04-20
sub_03845,post_purchase,6,6,89.95,beauty,popup,False,IL,2026-04-25
sub_03846,winback_dormant,78,9,298.6,kids,popup,False,WA,2026-02-12
sub_03847,new_subscriber,1,0,54.88,home,paid_social,False,PA,2026-04-30
sub_03848,new_subscriber,2,0,68.01,beauty,loyalty_signup,False,OH,2026-04-29
sub_03849,post_purchase,11,6,201.21,beauty,paid_social,False,CA,2026-04-20
sub_03850,winback_dormant,75,8,282.54,kids,popup,False,WA,2026-02-15
sub_03851,price_sensitive,14,3,84.52,wellness,checkout_optin,False,IL,2026-04-17
sub_03852,winback_dormant,48,8,447.89,apparel,checkout_optin,False,NY,2026-03-14
sub_03853,price_sensitive,23,2,107.67,kids,referral,True,OH,2026-04-08
sub_03854,post_purchase,8,6,158.91,wellness,loyalty_signup,False,FL,2026-04-23
sub_03855,high_intent_browser,2,0,72.43,apparel,checkout_optin,False,MA,2026-04-29
sub_03856,price_sensitive,12,3,98.18,home,loyalty_signup,False,FL,2026-04-19
sub_03857,new_subscriber,4,0,23.3,beauty,loyalty_signup,False,TX,2026-04-27
sub_03858,post_purchase,9,5,150.29,apparel,checkout_optin,True,CA,2026-04-22
sub_03859,price_sensitive,24,4,75.35,wellness,referral,True,OH,2026-04-07
sub_03860,new_subscriber,3,0,13.9,home,popup,True,PA,2026-04-28
sub_03861,new_subscriber,1,0,40.35,beauty,checkout_optin,False,OH,2026-04-30
sub_03862,high_intent_browser,4,1,44.29,home,checkout_optin,False,CA,2026-04-27
sub_03863,vip_loyalist,11,22,720.54,kids,checkout_optin,True,MA,2026-04-20
sub_03864,price_sensitive,26,5,88.25,kids,checkout_optin,True,WA,2026-04-05
sub_03865,post_purchase,4,3,153.55,electronics,paid_social,False,WA,2026-04-27
sub_03866,new_subscriber,2,0,29.57,home,popup,False,PA,2026-04-29
sub_03867,price_sensitive,19,3,68.73,apparel,checkout_optin,True,WA,2026-04-12
sub_03868,new_subscriber,1,0,32.11,apparel,paid_social,False,CA,2026-04-30
sub_03869,high_intent_browser,4,1,43.72,kids,checkout_optin,False,GA,2026-04-27
sub_03870,price_sensitive,22,1,43.98,home,checkout_optin,False,CA,2026-04-09
sub_03871,post_purchase,8,0,191.87,beauty,paid_social,False,CA,2026-04-23
sub_03872,high_intent_browser,3,0,26.09,wellness,loyalty_signup,False,NY,2026-04-28
sub_03873,new_subscriber,1,1,6.37,kids,referral,False,IL,2026-04-30
sub_03874,price_sensitive,4,4,54.9,home,loyalty_signup,False,CA,2026-04-27
sub_03875,high_intent_browser,4,0,25.26,electronics,loyalty_signup,False,IL,2026-04-27
sub_03876,high_intent_browser,2,0,0,kids,checkout_optin,False,GA,2026-04-29
sub_03877,post_purchase,11,8,202.27,electronics,popup,False,OH,2026-04-20
sub_03878,winback_dormant,131,6,344.6,wellness,loyalty_signup,False,PA,2025-12-21
sub_03879,vip_loyalist,13,20,297.81,home,checkout_optin,True,OH,2026-04-18
sub_03880,high_intent_browser,6,0,24.1,kids,popup,False,IL,2026-04-25
sub_03881,high_intent_browser,7,1,39.03,kids,popup,False,IL,2026-04-24
sub_03882,price_sensitive,22,4,42.18,electronics,loyalty_signup,False,GA,2026-04-09
sub_03883,post_purchase,4,4,173.27,wellness,popup,True,TX,2026-04-27
sub_03884,price_sensitive,11,1,99.22,home,popup,False,CA,2026-04-20
sub_03885,new_subscriber,0,0,48.56,electronics,loyalty_signup,False,PA,2026-05-01
sub_03886,new_subscriber,1,0,44.98,kids,paid_social,True,CA,2026-04-30
sub_03887,price_sensitive,10,5,73.12,wellness,loyalty_signup,False,TX,2026-04-21
sub_03888,price_sensitive,23,3,72.13,wellness,checkout_optin,False,PA,2026-04-08
sub_03889,price_sensitive,16,3,0,wellness,referral,False,TX,2026-04-15
sub_03890,high_intent_browser,9,1,61.62,wellness,paid_social,False,TX,2026-04-22
sub_03891,new_subscriber,4,0,40.77,wellness,paid_social,False,PA,2026-04-27
sub_03892,post_purchase,11,0,243.12,beauty,referral,True,CA,2026-04-20
sub_03893,price_sensitive,18,6,71.01,beauty,popup,False,GA,2026-04-13
sub_03894,post_purchase,10,2,138.82,beauty,referral,False,MA,2026-04-21
sub_03895,new_subscriber,4,1,36.45,apparel,checkout_optin,False,OH,2026-04-27
sub_03896,price_sensitive,27,5,92.14,apparel,checkout_optin,False,WA,2026-04-04
sub_03897,new_subscriber,3,0,35.31,beauty,loyalty_signup,False,MA,2026-04-28
sub_03898,high_intent_browser,3,1,30.86,electronics,paid_social,True,GA,2026-04-28
sub_03899,new_subscriber,4,1,13.96,electronics,paid_social,False,MA,2026-04-27
sub_03900,price_sensitive,15,1,47.41,electronics,paid_social,False,TX,2026-04-16
sub_03901,price_sensitive,19,2,104.49,kids,checkout_optin,False,FL,2026-04-12
sub_03902,post_purchase,12,5,226.34,home,paid_social,False,WA,2026-04-19
sub_03903,new_subscriber,3,0,29.29,beauty,referral,False,NY,2026-04-28
sub_03904,winback_dormant,70,3,461.38,electronics,checkout_optin,True,PA,2026-02-20
sub_03905,winback_dormant,117,6,159.26,apparel,referral,False,OH,2026-01-04
sub_03906,new_subscriber,2,0,15.15,beauty,checkout_optin,False,MA,2026-04-29
sub_03907,new_subscriber,3,0,3.44,apparel,loyalty_signup,False,PA,2026-04-28
sub_03908,price_sensitive,18,3,75.22,wellness,loyalty_signup,False,PA,2026-04-13
sub_03909,price_sensitive,8,4,8.76,kids,checkout_optin,False,NY,2026-04-23
sub_03910,price_sensitive,18,3,77.67,beauty,popup,False,MA,2026-04-13
sub_03911,price_sensitive,16,4,84.04,kids,popup,False,FL,2026-04-15
sub_03912,winback_dormant,70,6,188.31,apparel,paid_social,False,NY,2026-02-20
sub_03913,price_sensitive,2,5,29.37,wellness,loyalty_signup,False,NY,2026-04-29
sub_03914,post_purchase,4,4,128.17,beauty,popup,False,WA,2026-04-27
sub_03915,vip_loyalist,6,25,431.21,beauty,referral,True,IL,2026-04-25
sub_03916,winback_dormant,119,3,265.9,apparel,paid_social,False,TX,2026-01-02
sub_03917,post_purchase,11,3,179.32,kids,paid_social,False,CA,2026-04-20
sub_03918,high_intent_browser,6,1,42.4,beauty,checkout_optin,False,FL,2026-04-25
sub_03919,new_subscriber,1,0,43.25,electronics,loyalty_signup,False,CA,2026-04-30
sub_03920,price_sensitive,21,4,69.28,beauty,checkout_optin,True,GA,2026-04-10
sub_03921,post_purchase,7,6,111.93,home,referral,False,GA,2026-04-24
sub_03922,post_purchase,9,0,199.52,apparel,checkout_optin,False,CA,2026-04-22
sub_03923,new_subscriber,0,0,50.1,apparel,popup,False,NY,2026-05-01
sub_03924,post_purchase,6,8,300.85,apparel,paid_social,False,GA,2026-04-25
sub_03925,price_sensitive,20,3,38.7,beauty,checkout_optin,True,OH,2026-04-11
sub_03926,winback_dormant,95,7,78.25,home,loyalty_signup,False,TX,2026-01-26
sub_03927,high_intent_browser,1,0,30.71,home,referral,False,GA,2026-04-30
sub_03928,price_sensitive,15,1,25.21,kids,checkout_optin,True,CA,2026-04-16
sub_03929,price_sensitive,18,2,35.8,kids,checkout_optin,False,OH,2026-04-13
sub_03930,price_sensitive,13,3,19.63,kids,checkout_optin,True,GA,2026-04-18
sub_03931,high_intent_browser,6,2,62.62,kids,referral,False,IL,2026-04-25
sub_03932,post_purchase,8,3,130.51,apparel,paid_social,False,WA,2026-04-23
sub_03933,high_intent_browser,3,0,63.51,apparel,referral,False,IL,2026-04-28
sub_03934,winback_dormant,114,10,317.84,apparel,referral,True,CA,2026-01-07
sub_03935,high_intent_browser,2,0,36.65,beauty,popup,False,WA,2026-04-29
sub_03936,new_subscriber,3,0,55.59,apparel,referral,False,WA,2026-04-28
sub_03937,high_intent_browser,3,1,23.93,electronics,paid_social,False,FL,2026-04-28
sub_03938,new_subscriber,1,1,40.48,apparel,paid_social,False,MA,2026-04-30
sub_03939,post_purchase,6,2,240.2,apparel,checkout_optin,False,NY,2026-04-25
sub_03940,price_sensitive,5,2,48.92,beauty,checkout_optin,True,IL,2026-04-26
sub_03941,high_intent_browser,7,1,31.72,electronics,checkout_optin,False,PA,2026-04-24
sub_03942,new_subscriber,3,0,44.77,wellness,popup,True,WA,2026-04-28
sub_03943,new_subscriber,4,0,22.46,home,paid_social,True,GA,2026-04-27
sub_03944,price_sensitive,13,2,110.55,home,popup,False,NY,2026-04-18
sub_03945,high_intent_browser,4,0,7.41,kids,popup,False,TX,2026-04-27
sub_03946,price_sensitive,10,4,54.26,kids,paid_social,False,NY,2026-04-21
sub_03947,post_purchase,4,6,122.9,beauty,loyalty_signup,True,NY,2026-04-27
sub_03948,price_sensitive,12,4,109.04,apparel,popup,False,NY,2026-04-19
sub_03949,new_subscriber,4,0,49.69,electronics,checkout_optin,False,TX,2026-04-27
sub_03950,high_intent_browser,4,2,20.12,beauty,checkout_optin,False,WA,2026-04-27
sub_03951,high_intent_browser,4,2,47.72,kids,loyalty_signup,False,OH,2026-04-27
sub_03952,high_intent_browser,5,1,50.79,wellness,checkout_optin,False,WA,2026-04-26
sub_03953,post_purchase,4,3,210.21,beauty,referral,False,IL,2026-04-27
sub_03954,new_subscriber,1,0,1.18,apparel,popup,False,WA,2026-04-30
sub_03955,high_intent_browser,1,0,29.54,kids,referral,False,IL,2026-04-30
sub_03956,new_subscriber,2,1,7.52,wellness,loyalty_signup,False,FL,2026-04-29
sub_03957,new_subscriber,4,1,56.62,home,paid_social,True,CA,2026-04-27
sub_03958,high_intent_browser,5,0,57.06,kids,paid_social,True,NY,2026-04-26
sub_03959,price_sensitive,9,1,49.97,beauty,popup,False,TX,2026-04-22
sub_03960,post_purchase,8,4,150.78,electronics,paid_social,False,IL,2026-04-23
sub_03961,post_purchase,7,6,89.16,kids,checkout_optin,False,IL,2026-04-24
sub_03962,price_sensitive,31,1,60.09,home,loyalty_signup,False,NY,2026-03-31
sub_03963,price_sensitive,15,1,106.55,beauty,loyalty_signup,False,GA,2026-04-16
sub_03964,high_intent_browser,6,2,28.68,kids,loyalty_signup,False,IL,2026-04-25
sub_03965,high_intent_browser,6,1,59.76,wellness,paid_social,False,PA,2026-04-25
sub_03966,high_intent_browser,7,1,31.65,electronics,referral,False,NY,2026-04-24
sub_03967,price_sensitive,17,0,59.37,wellness,paid_social,False,WA,2026-04-14
sub_03968,price_sensitive,16,6,68.76,apparel,referral,False,CA,2026-04-15
sub_03969,price_sensitive,17,2,79.17,kids,loyalty_signup,True,PA,2026-04-14
sub_03970,winback_dormant,87,7,158.4,kids,loyalty_signup,False,GA,2026-02-03
sub_03971,new_subscriber,3,0,66.02,beauty,checkout_optin,False,CA,2026-04-28
sub_03972,high_intent_browser,3,0,73.19,kids,referral,False,NY,2026-04-28
sub_03973,high_intent_browser,6,1,57.78,beauty,checkout_optin,False,FL,2026-04-25
sub_03974,high_intent_browser,3,1,29.73,beauty,popup,False,OH,2026-04-28
sub_03975,winback_dormant,74,3,300.45,electronics,checkout_optin,False,FL,2026-02-16
sub_03976,high_intent_browser,5,0,28.87,wellness,checkout_optin,False,PA,2026-04-26
sub_03977,price_sensitive,12,6,59.38,electronics,checkout_optin,False,MA,2026-04-19
sub_03978,high_intent_browser,4,0,43.59,beauty,popup,True,GA,2026-04-27
sub_03979,price_sensitive,8,4,38.22,electronics,popup,True,OH,2026-04-23
sub_03980,vip_loyalist,11,36,1315.75,home,paid_social,True,MA,2026-04-20
sub_03981,price_sensitive,17,6,95.07,electronics,loyalty_signup,False,TX,2026-04-14
sub_03982,price_sensitive,24,4,84.99,home,checkout_optin,False,MA,2026-04-07
sub_03983,new_subscriber,1,0,46.99,electronics,loyalty_signup,True,PA,2026-04-30
sub_03984,post_purchase,1,7,261.71,beauty,popup,False,MA,2026-04-30
sub_03985,new_subscriber,4,0,19.64,home,checkout_optin,False,MA,2026-04-27
sub_03986,price_sensitive,13,5,82.96,home,paid_social,True,CA,2026-04-18
sub_03987,new_subscriber,3,1,48.28,electronics,popup,False,CA,2026-04-28
sub_03988,vip_loyalist,7,29,226.37,beauty,loyalty_signup,True,PA,2026-04-24
sub_03989,high_intent_browser,4,1,47.04,beauty,loyalty_signup,True,IL,2026-04-27
sub_03990,vip_loyalist,14,26,790.14,electronics,paid_social,True,FL,2026-04-17
sub_03991,high_intent_browser,4,0,63.16,home,paid_social,False,FL,2026-04-27
sub_03992,high_intent_browser,4,0,44.57,kids,paid_social,False,WA,2026-04-27
sub_03993,vip_loyalist,15,26,429.67,kids,paid_social,True,GA,2026-04-16
sub_03994,high_intent_browser,5,3,21.85,apparel,checkout_optin,False,GA,2026-04-26
sub_03995,vip_loyalist,11,2,497.26,electronics,checkout_optin,True,TX,2026-04-20
sub_03996,high_intent_browser,5,0,39.78,electronics,referral,True,TX,2026-04-26
sub_03997,new_subscriber,4,0,27.06,electronics,referral,False,NY,2026-04-27
sub_03998,vip_loyalist,24,17,501.45,electronics,checkout_optin,True,GA,2026-04-07
sub_03999,price_sensitive,8,3,109.85,home,loyalty_signup,False,MA,2026-04-23
sub_04000,high_intent_browser,6,0,29.36,electronics,paid_social,False,IL,2026-04-25
sub_04001,price_sensitive,9,4,20.08,beauty,referral,False,TX,2026-04-22
sub_04002,high_intent_browser,7,2,39.9,home,loyalty_signup,False,NY,2026-04-24
sub_04003,new_subscriber,1,0,45.37,home,checkout_optin,False,CA,2026-04-30
sub_04004,new_subscriber,5,0,33.12,kids,loyalty_signup,False,PA,2026-04-26
sub_04005,price_sensitive,20,4,50.28,kids,popup,False,WA,2026-04-11
sub_04006,vip_loyalist,13,13,1156.42,beauty,checkout_optin,True,GA,2026-04-18
sub_04007,price_sensitive,13,3,128.77,home,popup,False,OH,2026-04-18
sub_04008,high_intent_browser,5,2,66.38,wellness,paid_social,True,MA,2026-04-26
sub_04009,vip_loyalist,5,16,638.36,beauty,checkout_optin,True,TX,2026-04-26
sub_04010,high_intent_browser,5,0,43.4,kids,loyalty_signup,False,WA,2026-04-26
sub_04011,new_subscriber,2,0,55.27,beauty,checkout_optin,False,IL,2026-04-29
sub_04012,price_sensitive,7,3,51.95,home,loyalty_signup,False,FL,2026-04-24
sub_04013,post_purchase,13,5,251.44,apparel,loyalty_signup,False,MA,2026-04-18
sub_04014,price_sensitive,20,6,71.35,wellness,paid_social,False,WA,2026-04-11
sub_04015,high_intent_browser,5,0,35.88,beauty,paid_social,False,FL,2026-04-26
sub_04016,post_purchase,11,6,96.27,kids,popup,False,CA,2026-04-20
sub_04017,high_intent_browser,2,0,21.31,beauty,paid_social,False,WA,2026-04-29
sub_04018,price_sensitive,23,3,38.42,home,referral,True,TX,2026-04-08
sub_04019,price_sensitive,21,1,70.55,electronics,checkout_optin,False,IL,2026-04-10
sub_04020,high_intent_browser,3,3,9.25,beauty,referral,False,MA,2026-04-28
sub_04021,price_sensitive,21,5,59.07,beauty,loyalty_signup,False,NY,2026-04-10
sub_04022,price_sensitive,18,7,54.98,apparel,checkout_optin,False,IL,2026-04-13
sub_04023,post_purchase,9,3,181.95,home,popup,False,NY,2026-04-22
sub_04024,new_subscriber,2,1,10.57,apparel,popup,False,MA,2026-04-29
sub_04025,price_sensitive,13,4,23.54,apparel,paid_social,False,PA,2026-04-18
sub_04026,new_subscriber,5,0,0,home,loyalty_signup,False,PA,2026-04-26
sub_04027,high_intent_browser,3,0,56.87,beauty,checkout_optin,False,IL,2026-04-28
sub_04028,price_sensitive,21,3,68.68,electronics,loyalty_signup,True,FL,2026-04-10
sub_04029,high_intent_browser,5,1,20.91,beauty,checkout_optin,True,TX,2026-04-26
sub_04030,vip_loyalist,18,33,254.0,kids,popup,True,IL,2026-04-13
sub_04031,post_purchase,5,8,121.76,beauty,checkout_optin,False,PA,2026-04-26
sub_04032,high_intent_browser,3,2,38.72,apparel,referral,False,NY,2026-04-28
sub_04033,high_intent_browser,9,0,18.49,electronics,checkout_optin,False,CA,2026-04-22
sub_04034,winback_dormant,133,10,286.8,wellness,loyalty_signup,False,TX,2025-12-19
sub_04035,high_intent_browser,1,0,0,wellness,popup,False,OH,2026-04-30
sub_04036,price_sensitive,16,5,9.9,beauty,checkout_optin,False,FL,2026-04-15
sub_04037,new_subscriber,1,0,42.97,wellness,paid_social,False,PA,2026-04-30
sub_04038,post_purchase,8,1,12.83,home,referral,False,GA,2026-04-23
sub_04039,vip_loyalist,0,11,796.08,beauty,checkout_optin,True,GA,2026-05-01
sub_04040,new_subscriber,0,0,10.77,wellness,referral,False,GA,2026-05-01
sub_04041,post_purchase,6,4,88.6,electronics,popup,False,FL,2026-04-25
sub_04042,new_subscriber,3,0,0,electronics,loyalty_signup,False,CA,2026-04-28
sub_04043,new_subscriber,3,0,0,wellness,referral,False,GA,2026-04-28
sub_04044,winback_dormant,61,12,285.01,wellness,referral,False,PA,2026-03-01
sub_04045,price_sensitive,9,2,119.51,wellness,paid_social,False,GA,2026-04-22
sub_04046,winback_dormant,90,10,172.58,wellness,popup,False,NY,2026-01-31
sub_04047,high_intent_browser,5,1,21.4,beauty,referral,False,TX,2026-04-26
sub_04048,vip_loyalist,11,35,1097.64,beauty,checkout_optin,True,NY,2026-04-20
sub_04049,high_intent_browser,4,1,26.98,beauty,loyalty_signup,False,NY,2026-04-27
sub_04050,price_sensitive,17,7,91.58,apparel,loyalty_signup,False,TX,2026-04-14
sub_04051,high_intent_browser,5,1,51.22,wellness,referral,False,IL,2026-04-26
sub_04052,price_sensitive,22,3,110.2,apparel,referral,False,GA,2026-04-09
sub_04053,post_purchase,5,7,103.94,apparel,loyalty_signup,False,IL,2026-04-26
sub_04054,post_purchase,4,4,73.48,electronics,loyalty_signup,False,IL,2026-04-27
sub_04055,price_sensitive,21,6,79.86,electronics,popup,False,MA,2026-04-10
sub_04056,new_subscriber,1,1,45.39,apparel,popup,False,FL,2026-04-30
sub_04057,price_sensitive,22,5,45.46,apparel,referral,True,TX,2026-04-09
sub_04058,post_purchase,6,6,63.66,apparel,popup,False,CA,2026-04-25
sub_04059,new_subscriber,1,0,33.59,wellness,loyalty_signup,False,OH,2026-04-30
sub_04060,high_intent_browser,7,0,44.1,beauty,paid_social,False,MA,2026-04-24
sub_04061,price_sensitive,30,2,43.59,apparel,paid_social,False,FL,2026-04-01
sub_04062,new_subscriber,2,0,43.5,beauty,paid_social,False,CA,2026-04-29
sub_04063,post_purchase,12,4,62.25,beauty,referral,False,TX,2026-04-19
sub_04064,price_sensitive,19,3,95.68,beauty,referral,False,GA,2026-04-12
sub_04065,price_sensitive,25,3,26.59,beauty,popup,False,IL,2026-04-06
sub_04066,high_intent_browser,6,0,28.71,wellness,referral,False,NY,2026-04-25
sub_04067,new_subscriber,4,0,13.93,kids,popup,False,TX,2026-04-27
sub_04068,price_sensitive,22,2,57.95,kids,paid_social,True,TX,2026-04-09
sub_04069,price_sensitive,24,6,50.66,apparel,paid_social,True,PA,2026-04-07
sub_04070,new_subscriber,2,0,51.87,apparel,loyalty_signup,False,CA,2026-04-29
sub_04071,price_sensitive,22,4,119.5,wellness,checkout_optin,False,IL,2026-04-09
sub_04072,new_subscriber,1,0,34.13,beauty,checkout_optin,False,NY,2026-04-30
sub_04073,high_intent_browser,5,1,30.54,home,paid_social,True,WA,2026-04-26
sub_04074,price_sensitive,25,4,125.21,wellness,referral,False,TX,2026-04-06
sub_04075,price_sensitive,27,4,57.86,wellness,paid_social,False,GA,2026-04-04
sub_04076,post_purchase,6,6,88.18,home,popup,False,GA,2026-04-25
sub_04077,price_sensitive,32,5,95.02,home,paid_social,False,WA,2026-03-30
sub_04078,new_subscriber,0,0,15.09,beauty,popup,False,TX,2026-05-01
sub_04079,price_sensitive,3,5,55.97,home,checkout_optin,False,WA,2026-04-28
sub_04080,winback_dormant,134,9,98.43,electronics,checkout_optin,False,WA,2025-12-18
sub_04081,post_purchase,11,6,87.64,kids,referral,True,OH,2026-04-20
sub_04082,post_purchase,10,2,0,home,checkout_optin,False,MA,2026-04-21
sub_04083,high_intent_browser,6,1,54.88,kids,checkout_optin,False,GA,2026-04-25
sub_04084,new_subscriber,3,0,40.31,apparel,popup,False,NY,2026-04-28
sub_04085,post_purchase,6,8,33.26,kids,referral,False,OH,2026-04-25
sub_04086,post_purchase,11,4,144.63,wellness,checkout_optin,False,TX,2026-04-20
sub_04087,vip_loyalist,14,21,569.89,wellness,loyalty_signup,True,NY,2026-04-17
sub_04088,high_intent_browser,4,0,40.3,electronics,referral,False,TX,2026-04-27
sub_04089,price_sensitive,10,2,43.83,apparel,referral,False,IL,2026-04-21
sub_04090,vip_loyalist,12,26,781.5,home,popup,True,PA,2026-04-19
sub_04091,high_intent_browser,6,0,20.47,beauty,referral,False,IL,2026-04-25
sub_04092,new_subscriber,5,0,40.27,wellness,referral,False,MA,2026-04-26
sub_04093,post_purchase,8,6,138.92,kids,popup,False,IL,2026-04-23
sub_04094,price_sensitive,12,4,19.35,electronics,referral,False,GA,2026-04-19
sub_04095,price_sensitive,9,3,130.62,kids,popup,False,NY,2026-04-22
sub_04096,winback_dormant,109,12,498.92,apparel,referral,False,NY,2026-01-12
sub_04097,high_intent_browser,0,2,13.9,electronics,paid_social,False,PA,2026-05-01
sub_04098,price_sensitive,17,4,62.89,apparel,popup,False,MA,2026-04-14
sub_04099,new_subscriber,2,0,40.84,home,loyalty_signup,False,WA,2026-04-29
sub_04100,winback_dormant,108,7,231.35,wellness,popup,False,TX,2026-01-13
sub_04101,high_intent_browser,6,0,80.36,wellness,referral,False,NY,2026-04-25
sub_04102,high_intent_browser,4,0,29.23,kids,paid_social,True,MA,2026-04-27
sub_04103,new_subscriber,1,0,0,home,checkout_optin,False,PA,2026-04-30
sub_04104,winback_dormant,36,13,241.72,home,checkout_optin,False,TX,2026-03-26
sub_04105,price_sensitive,17,1,8.72,home,loyalty_signup,False,WA,2026-04-14
sub_04106,post_purchase,8,4,160.53,home,referral,False,WA,2026-04-23
sub_04107,price_sensitive,13,5,84.37,beauty,checkout_optin,False,WA,2026-04-18
sub_04108,price_sensitive,10,5,38.28,electronics,paid_social,False,FL,2026-04-21
sub_04109,new_subscriber,1,0,67.92,electronics,referral,True,WA,2026-04-30
sub_04110,high_intent_browser,5,2,13.75,beauty,referral,False,FL,2026-04-26
sub_04111,new_subscriber,2,0,55.73,beauty,checkout_optin,True,IL,2026-04-29
sub_04112,winback_dormant,120,14,69.18,wellness,paid_social,False,FL,2026-01-01
sub_04113,vip_loyalist,11,33,471.87,electronics,paid_social,True,GA,2026-04-20
sub_04114,winback_dormant,106,9,68.85,electronics,paid_social,False,TX,2026-01-15
sub_04115,new_subscriber,5,0,34.67,beauty,loyalty_signup,True,OH,2026-04-26
sub_04116,high_intent_browser,6,1,18.3,electronics,popup,True,PA,2026-04-25
sub_04117,high_intent_browser,2,1,65.92,home,paid_social,False,IL,2026-04-29
sub_04118,high_intent_browser,5,0,7.24,wellness,checkout_optin,True,MA,2026-04-26
sub_04119,vip_loyalist,8,37,610.66,kids,loyalty_signup,True,PA,2026-04-23
sub_04120,new_subscriber,0,0,29.97,wellness,referral,False,WA,2026-05-01
sub_04121,high_intent_browser,0,2,20.91,apparel,paid_social,True,NY,2026-05-01
sub_04122,vip_loyalist,12,21,1302.73,electronics,loyalty_signup,True,GA,2026-04-19
sub_04123,new_subscriber,2,0,37.91,beauty,referral,False,CA,2026-04-29
sub_04124,new_subscriber,1,0,28.07,apparel,referral,True,TX,2026-04-30
sub_04125,vip_loyalist,14,23,1189.81,wellness,popup,True,IL,2026-04-17
sub_04126,new_subscriber,2,0,33.56,beauty,checkout_optin,False,WA,2026-04-29
sub_04127,high_intent_browser,6,1,39.88,home,referral,False,MA,2026-04-25
sub_04128,new_subscriber,3,1,21.83,wellness,referral,False,IL,2026-04-28
sub_04129,vip_loyalist,16,13,633.68,beauty,paid_social,True,FL,2026-04-15
sub_04130,vip_loyalist,11,4,448.5,apparel,referral,True,PA,2026-04-20
sub_04131,post_purchase,4,7,132.43,kids,popup,False,MA,2026-04-27
sub_04132,price_sensitive,17,3,72.51,electronics,referral,False,NY,2026-04-14
sub_04133,price_sensitive,16,2,60.71,home,checkout_optin,False,TX,2026-04-15
sub_04134,new_subscriber,4,0,45.16,beauty,popup,True,CA,2026-04-27
sub_04135,price_sensitive,26,2,66.02,apparel,checkout_optin,False,CA,2026-04-05
sub_04136,price_sensitive,10,4,73.0,electronics,checkout_optin,False,OH,2026-04-21
sub_04137,price_sensitive,8,2,32.79,apparel,referral,False,GA,2026-04-23
sub_04138,new_subscriber,3,0,39.97,home,checkout_optin,False,PA,2026-04-28
sub_04139,price_sensitive,18,2,43.0,apparel,checkout_optin,False,TX,2026-04-13
sub_04140,post_purchase,12,4,171.14,wellness,paid_social,False,WA,2026-04-19
sub_04141,price_sensitive,28,4,1.61,apparel,referral,False,NY,2026-04-03
sub_04142,vip_loyalist,12,22,947.23,wellness,checkout_optin,True,IL,2026-04-19
sub_04143,winback_dormant,43,10,306.88,beauty,loyalty_signup,True,PA,2026-03-19
sub_04144,vip_loyalist,7,13,515.73,apparel,referral,True,MA,2026-04-24
sub_04145,price_sensitive,8,5,96.31,apparel,loyalty_signup,False,FL,2026-04-23
sub_04146,high_intent_browser,7,1,42.2,beauty,referral,False,FL,2026-04-24
sub_04147,high_intent_browser,2,0,11.11,home,loyalty_signup,True,CA,2026-04-29
sub_04148,high_intent_browser,7,2,9.57,home,popup,False,MA,2026-04-24
sub_04149,post_purchase,7,3,178.72,home,paid_social,True,WA,2026-04-24
sub_04150,high_intent_browser,1,1,37.69,wellness,referral,False,GA,2026-04-30
sub_04151,price_sensitive,16,5,108.11,apparel,checkout_optin,False,TX,2026-04-15
sub_04152,new_subscriber,3,0,38.97,wellness,checkout_optin,True,PA,2026-04-28
sub_04153,winback_dormant,79,8,150.06,wellness,loyalty_signup,False,CA,2026-02-11
sub_04154,post_purchase,5,3,221.02,wellness,referral,False,FL,2026-04-26
sub_04155,high_intent_browser,7,0,16.32,kids,popup,False,TX,2026-04-24
sub_04156,price_sensitive,24,3,93.48,kids,checkout_optin,False,CA,2026-04-07
sub_04157,post_purchase,8,8,179.43,wellness,referral,False,FL,2026-04-23
sub_04158,vip_loyalist,16,4,1002.9,electronics,paid_social,True,PA,2026-04-15
sub_04159,new_subscriber,4,0,42.17,electronics,paid_social,False,NY,2026-04-27
sub_04160,high_intent_browser,2,0,43.89,apparel,checkout_optin,False,CA,2026-04-29
sub_04161,new_subscriber,1,0,38.37,electronics,loyalty_signup,False,OH,2026-04-30
sub_04162,new_subscriber,4,0,36.68,home,checkout_optin,False,PA,2026-04-27
sub_04163,high_intent_browser,4,1,35.77,beauty,popup,False,NY,2026-04-27
sub_04164,price_sensitive,25,4,66.16,wellness,loyalty_signup,True,NY,2026-04-06
sub_04165,vip_loyalist,11,35,683.65,wellness,checkout_optin,True,CA,2026-04-20
sub_04166,high_intent_browser,8,1,65.78,home,referral,False,NY,2026-04-23
sub_04167,new_subscriber,4,0,51.28,beauty,loyalty_signup,True,PA,2026-04-27
sub_04168,price_sensitive,12,4,60.55,kids,referral,True,FL,2026-04-19
sub_04169,high_intent_browser,6,0,31.69,home,loyalty_signup,False,CA,2026-04-25
sub_04170,winback_dormant,147,13,259.2,kids,checkout_optin,False,TX,2025-12-05
sub_04171,vip_loyalist,6,32,777.07,apparel,referral,True,WA,2026-04-25
sub_04172,new_subscriber,4,0,21.5,kids,referral,False,OH,2026-04-27
sub_04173,post_purchase,4,2,33.85,apparel,referral,True,TX,2026-04-27
sub_04174,new_subscriber,3,0,50.41,home,popup,False,TX,2026-04-28
sub_04175,price_sensitive,10,5,76.98,apparel,referral,False,PA,2026-04-21
sub_04176,price_sensitive,22,2,76.58,electronics,referral,False,IL,2026-04-09
sub_04177,high_intent_browser,4,1,13.46,electronics,checkout_optin,False,GA,2026-04-27
sub_04178,high_intent_browser,6,2,19.5,apparel,paid_social,False,FL,2026-04-25
sub_04179,post_purchase,1,5,155.82,electronics,checkout_optin,False,GA,2026-04-30
sub_04180,high_intent_browser,5,0,53.62,apparel,loyalty_signup,False,PA,2026-04-26
sub_04181,new_subscriber,2,0,28.85,wellness,loyalty_signup,True,NY,2026-04-29
sub_04182,high_intent_browser,7,2,54.42,wellness,referral,False,OH,2026-04-24
sub_04183,price_sensitive,25,1,67.11,apparel,loyalty_signup,False,MA,2026-04-06
sub_04184,winback_dormant,146,10,269.58,electronics,referral,False,TX,2025-12-06
sub_04185,high_intent_browser,4,2,43.92,wellness,loyalty_signup,False,PA,2026-04-27
sub_04186,vip_loyalist,9,26,591.14,kids,popup,True,FL,2026-04-22
sub_04187,high_intent_browser,2,1,37.32,kids,checkout_optin,False,FL,2026-04-29
sub_04188,post_purchase,9,7,109.3,home,paid_social,False,GA,2026-04-22
sub_04189,high_intent_browser,6,0,30.78,electronics,paid_social,True,CA,2026-04-25
sub_04190,vip_loyalist,23,31,778.64,beauty,loyalty_signup,True,NY,2026-04-08
sub_04191,post_purchase,8,2,177.26,kids,checkout_optin,False,OH,2026-04-23
sub_04192,winback_dormant,101,8,4.55,apparel,checkout_optin,False,IL,2026-01-20
sub_04193,high_intent_browser,4,1,35.27,home,referral,False,FL,2026-04-27
sub_04194,high_intent_browser,3,1,20.21,wellness,loyalty_signup,False,GA,2026-04-28
sub_04195,high_intent_browser,8,0,57.07,apparel,checkout_optin,True,OH,2026-04-23
sub_04196,price_sensitive,9,2,70.21,wellness,checkout_optin,False,NY,2026-04-22
sub_04197,new_subscriber,3,1,28.39,electronics,popup,False,CA,2026-04-28
sub_04198,high_intent_browser,5,1,41.93,wellness,checkout_optin,False,PA,2026-04-26
sub_04199,new_subscriber,3,0,62.99,kids,popup,False,WA,2026-04-28
sub_04200,winback_dormant,73,3,273.37,electronics,loyalty_signup,False,PA,2026-02-17
sub_04201,new_subscriber,4,0,33.48,wellness,paid_social,False,OH,2026-04-27
sub_04202,vip_loyalist,10,37,780.07,home,paid_social,True,OH,2026-04-21
sub_04203,price_sensitive,11,3,63.21,apparel,referral,False,OH,2026-04-20
sub_04204,new_subscriber,3,0,57.46,apparel,loyalty_signup,False,PA,2026-04-28
sub_04205,new_subscriber,3,0,54.29,electronics,referral,False,NY,2026-04-28
sub_04206,vip_loyalist,13,14,220.61,apparel,paid_social,True,NY,2026-04-18
sub_04207,price_sensitive,15,5,63.7,apparel,loyalty_signup,False,IL,2026-04-16
sub_04208,new_subscriber,3,0,41.62,kids,loyalty_signup,True,WA,2026-04-28
sub_04209,high_intent_browser,5,1,35.64,home,checkout_optin,False,TX,2026-04-26
sub_04210,high_intent_browser,6,0,25.23,beauty,paid_social,False,NY,2026-04-25
sub_04211,new_subscriber,3,0,14.71,beauty,popup,False,IL,2026-04-28
sub_04212,post_purchase,7,6,48.1,electronics,checkout_optin,False,GA,2026-04-24
sub_04213,post_purchase,7,7,118.19,kids,checkout_optin,True,OH,2026-04-24
sub_04214,vip_loyalist,12,15,43.97,beauty,loyalty_signup,True,IL,2026-04-19
sub_04215,post_purchase,15,5,114.49,beauty,referral,False,MA,2026-04-16
sub_04216,post_purchase,7,4,41.04,kids,popup,False,CA,2026-04-24
sub_04217,new_subscriber,2,0,3.63,apparel,popup,True,WA,2026-04-29
sub_04218,price_sensitive,21,5,1.53,wellness,paid_social,True,MA,2026-04-10
sub_04219,price_sensitive,21,5,39.24,beauty,popup,False,NY,2026-04-10
sub_04220,high_intent_browser,5,0,47.73,apparel,popup,False,MA,2026-04-26
sub_04221,price_sensitive,1,3,70.97,beauty,referral,False,WA,2026-04-30
sub_04222,price_sensitive,26,5,14.98,home,popup,False,OH,2026-04-05
sub_04223,new_subscriber,3,0,4.54,home,popup,False,WA,2026-04-28
sub_04224,vip_loyalist,16,34,1018.06,home,loyalty_signup,True,WA,2026-04-15
sub_04225,high_intent_browser,5,0,39.06,beauty,checkout_optin,False,FL,2026-04-26
sub_04226,new_subscriber,1,0,39.43,beauty,referral,False,OH,2026-04-30
sub_04227,winback_dormant,52,6,306.05,apparel,loyalty_signup,False,PA,2026-03-10
sub_04228,price_sensitive,12,1,89.01,apparel,popup,False,TX,2026-04-19
sub_04229,high_intent_browser,3,0,0,apparel,popup,False,PA,2026-04-28
sub_04230,high_intent_browser,3,0,44.13,kids,popup,False,CA,2026-04-28
sub_04231,new_subscriber,3,1,53.81,beauty,popup,False,TX,2026-04-28
sub_04232,price_sensitive,10,2,104.81,apparel,referral,False,CA,2026-04-21
sub_04233,price_sensitive,1,3,99.56,electronics,paid_social,False,CA,2026-04-30
sub_04234,high_intent_browser,7,0,66.85,apparel,referral,False,PA,2026-04-24
sub_04235,post_purchase,11,3,129.53,beauty,checkout_optin,False,TX,2026-04-20
sub_04236,high_intent_browser,3,0,77.03,electronics,checkout_optin,True,OH,2026-04-28
sub_04237,high_intent_browser,4,1,42.44,apparel,popup,False,IL,2026-04-27
sub_04238,high_intent_browser,4,0,33.85,beauty,popup,False,OH,2026-04-27
sub_04239,high_intent_browser,5,1,17.3,kids,popup,False,CA,2026-04-26
sub_04240,high_intent_browser,2,1,17.27,beauty,checkout_optin,False,IL,2026-04-29
sub_04241,high_intent_browser,6,2,44.37,beauty,paid_social,False,TX,2026-04-25
sub_04242,new_subscriber,5,0,7.15,kids,loyalty_signup,False,OH,2026-04-26
sub_04243,winback_dormant,52,15,227.12,apparel,referral,False,FL,2026-03-10
sub_04244,post_purchase,4,4,57.76,wellness,popup,False,FL,2026-04-27
sub_04245,price_sensitive,13,2,82.14,apparel,checkout_optin,True,TX,2026-04-18
sub_04246,price_sensitive,10,3,79.61,beauty,referral,False,FL,2026-04-21
sub_04247,post_purchase,8,3,199.31,kids,checkout_optin,False,OH,2026-04-23
sub_04248,high_intent_browser,2,0,19.56,wellness,popup,False,MA,2026-04-29
sub_04249,price_sensitive,13,3,100.56,kids,checkout_optin,True,WA,2026-04-18
sub_04250,vip_loyalist,3,24,705.9,wellness,checkout_optin,True,TX,2026-04-28
sub_04251,price_sensitive,26,2,38.37,apparel,paid_social,False,OH,2026-04-05
sub_04252,new_subscriber,1,0,17.7,home,referral,True,CA,2026-04-30
sub_04253,high_intent_browser,3,0,28.34,beauty,paid_social,False,FL,2026-04-28
sub_04254,price_sensitive,21,5,122.97,kids,loyalty_signup,False,IL,2026-04-10
sub_04255,new_subscriber,2,0,51.52,beauty,referral,False,WA,2026-04-29
sub_04256,high_intent_browser,5,0,10.18,electronics,referral,False,PA,2026-04-26
sub_04257,post_purchase,9,1,135.98,wellness,referral,True,MA,2026-04-22
sub_04258,new_subscriber,5,0,21.86,wellness,loyalty_signup,False,FL,2026-04-26
sub_04259,vip_loyalist,13,24,799.74,kids,popup,True,GA,2026-04-18
sub_04260,new_subscriber,3,0,16.07,beauty,checkout_optin,False,NY,2026-04-28
sub_04261,new_subscriber,3,0,49.99,electronics,popup,False,MA,2026-04-28
sub_04262,high_intent_browser,2,0,45.23,beauty,referral,False,IL,2026-04-29
sub_04263,high_intent_browser,4,0,46.55,kids,paid_social,False,IL,2026-04-27
sub_04264,high_intent_browser,7,0,71.38,kids,referral,True,MA,2026-04-24
sub_04265,price_sensitive,39,6,0,wellness,popup,False,PA,2026-03-23
sub_04266,high_intent_browser,2,1,29.02,electronics,loyalty_signup,False,TX,2026-04-29
sub_04267,high_intent_browser,9,1,42.57,beauty,referral,False,CA,2026-04-22
sub_04268,post_purchase,11,2,0,wellness,loyalty_signup,False,NY,2026-04-20
sub_04269,price_sensitive,11,7,20.73,electronics,popup,False,IL,2026-04-20
sub_04270,price_sensitive,19,2,89.41,wellness,referral,False,IL,2026-04-12
sub_04271,price_sensitive,2,4,46.1,beauty,popup,False,WA,2026-04-29
sub_04272,post_purchase,12,4,0,home,loyalty_signup,False,CA,2026-04-19
sub_04273,winback_dormant,138,6,262.43,kids,popup,False,WA,2025-12-14
sub_04274,price_sensitive,16,0,40.01,home,checkout_optin,False,MA,2026-04-15
sub_04275,high_intent_browser,6,0,33.1,apparel,loyalty_signup,False,PA,2026-04-25
sub_04276,high_intent_browser,6,0,56.57,wellness,loyalty_signup,False,TX,2026-04-25
sub_04277,winback_dormant,107,5,289.81,apparel,paid_social,False,PA,2026-01-14
sub_04278,vip_loyalist,15,23,1554.64,apparel,loyalty_signup,True,OH,2026-04-16
sub_04279,price_sensitive,8,4,13.03,wellness,referral,False,NY,2026-04-23
sub_04280,new_subscriber,2,1,43.35,beauty,paid_social,False,TX,2026-04-29
sub_04281,price_sensitive,17,6,39.8,electronics,referral,False,GA,2026-04-14
sub_04282,high_intent_browser,3,1,26.28,beauty,paid_social,False,PA,2026-04-28
sub_04283,high_intent_browser,6,0,27.22,beauty,popup,False,FL,2026-04-25
sub_04284,new_subscriber,5,0,37.89,apparel,referral,False,GA,2026-04-26
sub_04285,vip_loyalist,12,20,1298.75,apparel,referral,True,FL,2026-04-19
sub_04286,high_intent_browser,4,1,63.73,electronics,checkout_optin,False,WA,2026-04-27
sub_04287,high_intent_browser,4,0,50.08,kids,paid_social,False,TX,2026-04-27
sub_04288,high_intent_browser,3,0,52.06,beauty,popup,False,CA,2026-04-28
sub_04289,high_intent_browser,1,0,58.77,electronics,paid_social,False,FL,2026-04-30
sub_04290,vip_loyalist,11,23,1372.25,kids,checkout_optin,True,IL,2026-04-20
sub_04291,price_sensitive,18,5,94.9,electronics,loyalty_signup,False,OH,2026-04-13
sub_04292,vip_loyalist,1,37,593.19,electronics,checkout_optin,True,OH,2026-04-30
sub_04293,new_subscriber,2,0,41.77,apparel,checkout_optin,False,CA,2026-04-29
sub_04294,price_sensitive,21,3,118.17,electronics,paid_social,False,NY,2026-04-10
sub_04295,high_intent_browser,3,0,31.05,apparel,loyalty_signup,False,FL,2026-04-28
sub_04296,high_intent_browser,7,1,22.94,home,referral,True,FL,2026-04-24
sub_04297,new_subscriber,2,0,34.22,wellness,checkout_optin,False,CA,2026-04-29
sub_04298,vip_loyalist,16,20,695.39,wellness,popup,True,CA,2026-04-15
sub_04299,high_intent_browser,4,2,24.53,wellness,loyalty_signup,False,GA,2026-04-27
sub_04300,new_subscriber,3,0,31.89,beauty,referral,True,PA,2026-04-28
sub_04301,high_intent_browser,6,0,37.58,kids,popup,False,OH,2026-04-25
sub_04302,price_sensitive,16,4,70.63,beauty,paid_social,False,WA,2026-04-15
sub_04303,high_intent_browser,5,2,62.11,apparel,paid_social,False,WA,2026-04-26
sub_04304,price_sensitive,14,4,68.34,home,popup,True,NY,2026-04-17
sub_04305,price_sensitive,19,4,73.78,beauty,popup,False,OH,2026-04-12
sub_04306,new_subscriber,4,0,53.34,home,loyalty_signup,False,IL,2026-04-27
sub_04307,vip_loyalist,18,27,924.53,kids,checkout_optin,True,FL,2026-04-13
sub_04308,high_intent_browser,3,1,0,home,paid_social,True,IL,2026-04-28
sub_04309,high_intent_browser,3,1,32.84,kids,checkout_optin,False,WA,2026-04-28
sub_04310,new_subscriber,0,0,56.23,home,loyalty_signup,False,OH,2026-05-01
sub_04311,price_sensitive,9,3,98.85,home,popup,False,PA,2026-04-22
sub_04312,new_subscriber,4,0,46.78,home,loyalty_signup,False,OH,2026-04-27
sub_04313,high_intent_browser,0,3,42.5,home,popup,False,FL,2026-05-01
sub_04314,high_intent_browser,3,1,27.41,kids,loyalty_signup,False,IL,2026-04-28
sub_04315,high_intent_browser,4,2,17.5,home,paid_social,False,MA,2026-04-27
sub_04316,high_intent_browser,2,1,25.54,home,checkout_optin,False,FL,2026-04-29
sub_04317,high_intent_browser,5,1,24.9,apparel,paid_social,False,PA,2026-04-26
sub_04318,price_sensitive,17,3,68.79,beauty,paid_social,False,OH,2026-04-14
sub_04319,new_subscriber,2,0,32.64,apparel,referral,False,FL,2026-04-29
sub_04320,price_sensitive,17,5,72.33,wellness,referral,False,PA,2026-04-14
sub_04321,winback_dormant,59,13,118.57,home,popup,False,GA,2026-03-03
sub_04322,new_subscriber,1,0,42.23,kids,paid_social,False,IL,2026-04-30
sub_04323,high_intent_browser,8,0,37.28,home,popup,False,FL,2026-04-23
sub_04324,new_subscriber,1,0,54.76,electronics,paid_social,False,NY,2026-04-30
sub_04325,post_purchase,4,2,149.56,home,popup,True,WA,2026-04-27
sub_04326,new_subscriber,3,0,48.49,apparel,checkout_optin,False,OH,2026-04-28
sub_04327,high_intent_browser,3,1,45.81,beauty,loyalty_signup,False,CA,2026-04-28
sub_04328,high_intent_browser,6,0,56.57,home,loyalty_signup,False,OH,2026-04-25
sub_04329,price_sensitive,20,3,17.45,home,paid_social,False,CA,2026-04-11
sub_04330,vip_loyalist,7,9,1390.41,electronics,loyalty_signup,True,MA,2026-04-24
sub_04331,high_intent_browser,5,0,51.88,beauty,loyalty_signup,False,OH,2026-04-26
sub_04332,vip_loyalist,18,20,559.09,apparel,loyalty_signup,True,CA,2026-04-13
sub_04333,post_purchase,8,1,95.29,home,referral,False,MA,2026-04-23
sub_04334,high_intent_browser,3,0,0,beauty,checkout_optin,False,OH,2026-04-28
sub_04335,new_subscriber,2,0,18.55,electronics,popup,False,PA,2026-04-29
sub_04336,post_purchase,3,3,159.36,kids,popup,False,FL,2026-04-28
sub_04337,winback_dormant,66,10,274.66,home,checkout_optin,False,FL,2026-02-24
sub_04338,high_intent_browser,5,0,43.45,home,referral,False,NY,2026-04-26
sub_04339,price_sensitive,15,5,72.69,wellness,loyalty_signup,False,GA,2026-04-16
sub_04340,high_intent_browser,4,0,45.97,electronics,popup,True,FL,2026-04-27
sub_04341,high_intent_browser,6,0,22.36,home,loyalty_signup,False,NY,2026-04-25
sub_04342,high_intent_browser,3,1,40.54,beauty,paid_social,False,FL,2026-04-28
sub_04343,post_purchase,6,3,158.6,electronics,referral,False,MA,2026-04-25
sub_04344,vip_loyalist,8,35,938.06,apparel,checkout_optin,True,IL,2026-04-23
sub_04345,winback_dormant,32,8,313.03,beauty,referral,True,WA,2026-03-30
sub_04346,post_purchase,6,3,104.53,apparel,paid_social,False,TX,2026-04-25
sub_04347,post_purchase,3,6,227.72,home,loyalty_signup,False,NY,2026-04-28
sub_04348,high_intent_browser,6,1,48.5,electronics,referral,True,PA,2026-04-25
sub_04349,price_sensitive,13,4,91.6,wellness,paid_social,False,PA,2026-04-18
sub_04350,price_sensitive,25,4,101.41,wellness,referral,False,WA,2026-04-06
sub_04351,high_intent_browser,1,1,24.54,beauty,popup,False,GA,2026-04-30
sub_04352,post_purchase,1,4,89.52,apparel,loyalty_signup,False,TX,2026-04-30
sub_04353,vip_loyalist,11,38,701.52,electronics,popup,True,IL,2026-04-20
sub_04354,price_sensitive,20,4,70.48,wellness,paid_social,False,NY,2026-04-11
sub_04355,winback_dormant,20,8,237.93,apparel,checkout_optin,False,NY,2026-04-11
sub_04356,new_subscriber,3,0,38.71,beauty,checkout_optin,False,FL,2026-04-28
sub_04357,high_intent_browser,4,2,69.19,electronics,referral,False,WA,2026-04-27
sub_04358,post_purchase,5,3,74.5,beauty,popup,False,IL,2026-04-26
sub_04359,post_purchase,5,3,137.97,apparel,checkout_optin,False,OH,2026-04-26
sub_04360,new_subscriber,2,0,7.25,apparel,loyalty_signup,False,FL,2026-04-29
sub_04361,price_sensitive,2,4,58.31,home,paid_social,False,FL,2026-04-29
sub_04362,price_sensitive,24,2,97.24,wellness,referral,False,OH,2026-04-07
sub_04363,post_purchase,8,4,180.06,kids,checkout_optin,False,GA,2026-04-23
sub_04364,high_intent_browser,5,1,29.29,home,popup,False,OH,2026-04-26
sub_04365,vip_loyalist,11,21,700.55,beauty,loyalty_signup,True,OH,2026-04-20
sub_04366,high_intent_browser,5,1,31.05,home,popup,False,FL,2026-04-26
sub_04367,vip_loyalist,19,12,1121.16,wellness,checkout_optin,True,NY,2026-04-12
sub_04368,new_subscriber,3,0,32.39,electronics,popup,False,MA,2026-04-28
sub_04369,price_sensitive,14,5,100.77,kids,popup,False,WA,2026-04-17
sub_04370,new_subscriber,4,0,50.37,beauty,referral,False,TX,2026-04-27
sub_04371,high_intent_browser,5,0,43.75,beauty,referral,False,PA,2026-04-26
sub_04372,winback_dormant,59,6,141.64,apparel,checkout_optin,False,TX,2026-03-03
sub_04373,price_sensitive,19,3,45.13,electronics,paid_social,False,FL,2026-04-12
sub_04374,vip_loyalist,4,12,739.42,electronics,checkout_optin,True,WA,2026-04-27
sub_04375,new_subscriber,2,0,48.29,apparel,referral,False,CA,2026-04-29
sub_04376,high_intent_browser,2,1,43.81,home,paid_social,False,NY,2026-04-29
sub_04377,price_sensitive,32,6,98.79,wellness,popup,False,TX,2026-03-30
sub_04378,new_subscriber,3,1,42.05,apparel,checkout_optin,True,CA,2026-04-28
sub_04379,high_intent_browser,10,1,52.36,beauty,popup,False,IL,2026-04-21
sub_04380,vip_loyalist,3,32,954.35,kids,popup,True,WA,2026-04-28
sub_04381,new_subscriber,2,1,7.37,beauty,loyalty_signup,True,FL,2026-04-29
sub_04382,new_subscriber,3,0,49.74,electronics,popup,True,GA,2026-04-28
sub_04383,high_intent_browser,4,0,26.82,beauty,referral,True,OH,2026-04-27
sub_04384,vip_loyalist,3,32,343.71,beauty,popup,True,FL,2026-04-28
sub_04385,post_purchase,7,4,140.5,apparel,popup,False,GA,2026-04-24
sub_04386,price_sensitive,18,4,51.84,electronics,checkout_optin,True,MA,2026-04-13
sub_04387,high_intent_browser,5,0,10.94,beauty,loyalty_signup,False,NY,2026-04-26
sub_04388,high_intent_browser,7,1,16.81,home,paid_social,False,NY,2026-04-24
sub_04389,new_subscriber,3,0,33.06,kids,checkout_optin,False,PA,2026-04-28
sub_04390,high_intent_browser,4,0,45.84,beauty,loyalty_signup,False,NY,2026-04-27
sub_04391,winback_dormant,150,16,272.07,electronics,referral,True,NY,2025-12-02
sub_04392,post_purchase,3,1,207.24,apparel,checkout_optin,False,MA,2026-04-28
sub_04393,high_intent_browser,7,3,29.51,home,loyalty_signup,False,CA,2026-04-24
sub_04394,high_intent_browser,5,1,15.67,beauty,paid_social,False,NY,2026-04-26
sub_04395,price_sensitive,13,1,73.65,apparel,loyalty_signup,False,TX,2026-04-18
sub_04396,price_sensitive,19,5,46.69,electronics,loyalty_signup,False,IL,2026-04-12
sub_04397,vip_loyalist,12,45,532.46,kids,referral,True,PA,2026-04-19
sub_04398,post_purchase,7,6,154.9,kids,paid_social,True,CA,2026-04-24
sub_04399,price_sensitive,21,2,0,wellness,referral,False,OH,2026-04-10
sub_04400,high_intent_browser,6,0,42.97,home,paid_social,True,NY,2026-04-25
sub_04401,new_subscriber,1,0,15.26,home,referral,True,WA,2026-04-30
sub_04402,price_sensitive,13,2,0,home,paid_social,False,TX,2026-04-18
sub_04403,price_sensitive,18,3,102.66,wellness,paid_social,False,PA,2026-04-13
sub_04404,high_intent_browser,5,3,20.89,home,paid_social,False,FL,2026-04-26
sub_04405,price_sensitive,19,4,52.01,apparel,referral,False,MA,2026-04-12
sub_04406,new_subscriber,5,0,40.97,kids,checkout_optin,False,WA,2026-04-26
sub_04407,winback_dormant,67,6,264.16,beauty,referral,False,FL,2026-02-23
sub_04408,high_intent_browser,8,0,37.39,home,checkout_optin,False,IL,2026-04-23
sub_04409,price_sensitive,21,1,42.13,beauty,paid_social,False,CA,2026-04-10
sub_04410,high_intent_browser,8,1,42.25,beauty,referral,False,FL,2026-04-23
sub_04411,price_sensitive,30,3,93.33,apparel,paid_social,False,WA,2026-04-01
sub_04412,price_sensitive,14,5,76.03,wellness,loyalty_signup,False,FL,2026-04-17
sub_04413,post_purchase,6,4,268.51,kids,loyalty_signup,False,PA,2026-04-25
sub_04414,price_sensitive,21,4,102.82,apparel,popup,False,WA,2026-04-10
sub_04415,new_subscriber,2,0,31.69,home,paid_social,False,NY,2026-04-29
sub_04416,new_subscriber,1,0,50.81,wellness,checkout_optin,False,NY,2026-04-30
sub_04417,post_purchase,9,3,203.88,home,paid_social,True,OH,2026-04-22
sub_04418,high_intent_browser,4,0,37.05,home,checkout_optin,True,FL,2026-04-27
sub_04419,post_purchase,4,6,144.25,home,paid_social,False,GA,2026-04-27
sub_04420,vip_loyalist,13,34,240.97,electronics,paid_social,True,TX,2026-04-18
sub_04421,price_sensitive,11,3,94.44,wellness,popup,False,TX,2026-04-20
sub_04422,vip_loyalist,16,39,759.2,apparel,checkout_optin,True,CA,2026-04-15
sub_04423,new_subscriber,1,0,22.82,beauty,paid_social,False,WA,2026-04-30
sub_04424,price_sensitive,14,4,18.85,beauty,loyalty_signup,False,IL,2026-04-17
sub_04425,vip_loyalist,4,27,1207.53,beauty,referral,True,IL,2026-04-27
sub_04426,new_subscriber,3,0,56.83,apparel,referral,False,WA,2026-04-28
sub_04427,winback_dormant,169,10,341.45,electronics,paid_social,False,MA,2025-11-13
sub_04428,new_subscriber,3,0,23.42,beauty,paid_social,False,FL,2026-04-28
sub_04429,vip_loyalist,15,12,1293.53,electronics,loyalty_signup,True,FL,2026-04-16
sub_04430,price_sensitive,10,2,111.34,apparel,checkout_optin,False,WA,2026-04-21
sub_04431,price_sensitive,17,4,37.29,electronics,checkout_optin,False,NY,2026-04-14
sub_04432,post_purchase,10,2,127.86,kids,popup,False,PA,2026-04-21
sub_04433,winback_dormant,68,8,248.55,home,paid_social,False,NY,2026-02-22
sub_04434,post_purchase,8,4,180.32,kids,checkout_optin,False,TX,2026-04-23
sub_04435,post_purchase,13,5,79.55,wellness,checkout_optin,False,TX,2026-04-18
sub_04436,post_purchase,7,5,176.62,beauty,popup,False,OH,2026-04-24
sub_04437,price_sensitive,27,3,67.89,beauty,checkout_optin,False,OH,2026-04-04
sub_04438,price_sensitive,13,3,88.61,electronics,referral,False,PA,2026-04-18
sub_04439,price_sensitive,22,4,35.6,kids,loyalty_signup,False,IL,2026-04-09
sub_04440,price_sensitive,6,0,19.32,electronics,paid_social,False,TX,2026-04-25
sub_04441,price_sensitive,20,4,75.21,kids,paid_social,False,WA,2026-04-11
sub_04442,high_intent_browser,4,0,23.11,home,paid_social,False,PA,2026-04-27
sub_04443,high_intent_browser,4,0,32.07,wellness,referral,False,FL,2026-04-27
sub_04444,vip_loyalist,16,21,510.81,home,popup,True,WA,2026-04-15
sub_04445,high_intent_browser,0,2,21.73,apparel,paid_social,False,WA,2026-05-01
sub_04446,high_intent_browser,5,1,28.3,wellness,checkout_optin,False,MA,2026-04-26
sub_04447,post_purchase,10,1,137.9,apparel,loyalty_signup,False,TX,2026-04-21
sub_04448,vip_loyalist,17,10,1260.75,electronics,referral,True,WA,2026-04-14
sub_04449,winback_dormant,60,2,117.03,apparel,loyalty_signup,False,WA,2026-03-02
sub_04450,post_purchase,12,3,144.61,apparel,loyalty_signup,False,FL,2026-04-19
sub_04451,high_intent_browser,5,1,31.11,beauty,referral,False,TX,2026-04-26
sub_04452,post_purchase,11,4,236.07,apparel,popup,True,PA,2026-04-20
sub_04453,new_subscriber,2,1,48.57,electronics,popup,False,OH,2026-04-29
sub_04454,post_purchase,6,2,48.65,beauty,paid_social,False,CA,2026-04-25
sub_04455,price_sensitive,22,4,111.56,beauty,popup,False,PA,2026-04-09
sub_04456,winback_dormant,100,6,331.12,beauty,popup,False,TX,2026-01-21
sub_04457,post_purchase,3,6,75.39,wellness,popup,False,TX,2026-04-28
sub_04458,price_sensitive,22,5,87.43,apparel,checkout_optin,False,TX,2026-04-09
sub_04459,price_sensitive,8,2,165.62,apparel,paid_social,False,GA,2026-04-23
sub_04460,high_intent_browser,6,0,45.55,wellness,loyalty_signup,False,FL,2026-04-25
sub_04461,post_purchase,6,3,194.49,beauty,checkout_optin,False,GA,2026-04-25
sub_04462,new_subscriber,2,0,33.15,electronics,popup,False,IL,2026-04-29
sub_04463,high_intent_browser,6,1,19.67,wellness,popup,False,IL,2026-04-25
sub_04464,vip_loyalist,7,25,621.11,apparel,popup,True,IL,2026-04-24
sub_04465,high_intent_browser,6,0,67.56,home,referral,False,TX,2026-04-25
sub_04466,winback_dormant,106,6,261.61,beauty,paid_social,False,FL,2026-01-15
sub_04467,high_intent_browser,7,0,62.75,home,loyalty_signup,False,OH,2026-04-24
sub_04468,winback_dormant,18,5,102.17,home,loyalty_signup,False,PA,2026-04-13
sub_04469,price_sensitive,20,2,67.48,beauty,paid_social,False,FL,2026-04-11
sub_04470,new_subscriber,2,0,8.94,kids,loyalty_signup,False,GA,2026-04-29
sub_04471,vip_loyalist,19,16,338.37,beauty,loyalty_signup,True,GA,2026-04-12
sub_04472,price_sensitive,13,3,73.7,apparel,checkout_optin,False,MA,2026-04-18
sub_04473,post_purchase,3,4,97.78,wellness,loyalty_signup,False,GA,2026-04-28
sub_04474,high_intent_browser,5,2,42.33,apparel,checkout_optin,False,OH,2026-04-26
sub_04475,new_subscriber,3,0,37.11,beauty,paid_social,False,FL,2026-04-28
sub_04476,new_subscriber,4,0,47.32,home,popup,False,TX,2026-04-27
sub_04477,price_sensitive,17,4,36.23,beauty,paid_social,False,FL,2026-04-14
sub_04478,price_sensitive,8,5,60.15,electronics,loyalty_signup,False,GA,2026-04-23
sub_04479,high_intent_browser,2,1,17.18,electronics,referral,False,NY,2026-04-29
sub_04480,new_subscriber,3,0,37.2,home,referral,False,WA,2026-04-28
sub_04481,high_intent_browser,4,3,0.83,electronics,checkout_optin,False,FL,2026-04-27
sub_04482,vip_loyalist,9,31,578.39,kids,checkout_optin,True,PA,2026-04-22
sub_04483,post_purchase,9,3,231.17,kids,checkout_optin,False,MA,2026-04-22
sub_04484,high_intent_browser,6,2,63.36,home,loyalty_signup,True,CA,2026-04-25
sub_04485,high_intent_browser,2,0,48.55,beauty,checkout_optin,False,GA,2026-04-29
sub_04486,high_intent_browser,6,1,43.8,kids,checkout_optin,False,CA,2026-04-25
sub_04487,new_subscriber,4,0,34.64,electronics,referral,False,FL,2026-04-27
sub_04488,new_subscriber,3,0,27.34,beauty,loyalty_signup,False,MA,2026-04-28
sub_04489,high_intent_browser,4,2,63.27,kids,loyalty_signup,False,WA,2026-04-27
sub_04490,high_intent_browser,2,0,33.54,kids,checkout_optin,True,TX,2026-04-29
sub_04491,price_sensitive,10,4,51.16,wellness,paid_social,False,FL,2026-04-21
sub_04492,post_purchase,7,8,138.79,kids,referral,True,IL,2026-04-24
sub_04493,vip_loyalist,16,21,1484.7,apparel,paid_social,True,OH,2026-04-15
sub_04494,post_purchase,7,3,250.12,kids,paid_social,False,OH,2026-04-24
sub_04495,price_sensitive,24,1,91.74,electronics,paid_social,False,PA,2026-04-07
sub_04496,high_intent_browser,5,2,27.77,apparel,popup,False,MA,2026-04-26
sub_04497,price_sensitive,11,4,78.91,kids,referral,False,FL,2026-04-20
sub_04498,high_intent_browser,5,1,35.38,electronics,loyalty_signup,False,NY,2026-04-26
sub_04499,winback_dormant,76,2,111.11,apparel,referral,False,GA,2026-02-14
sub_04500,high_intent_browser,5,1,26.43,electronics,popup,False,CA,2026-04-26
sub_04501,high_intent_browser,2,1,24.86,apparel,referral,False,PA,2026-04-29
sub_04502,winback_dormant,94,9,62.06,kids,referral,False,NY,2026-01-27
sub_04503,post_purchase,3,5,153.59,electronics,loyalty_signup,False,WA,2026-04-28
sub_04504,price_sensitive,20,6,73.02,electronics,paid_social,False,IL,2026-04-11
sub_04505,high_intent_browser,2,1,12.38,home,referral,False,FL,2026-04-29
sub_04506,high_intent_browser,7,0,19.37,beauty,paid_social,False,TX,2026-04-24
sub_04507,price_sensitive,13,2,38.44,electronics,paid_social,False,MA,2026-04-18
sub_04508,post_purchase,10,7,188.2,apparel,popup,False,GA,2026-04-21
sub_04509,winback_dormant,79,1,452.9,wellness,paid_social,False,PA,2026-02-11
sub_04510,vip_loyalist,1,11,1187.07,apparel,popup,True,NY,2026-04-30
sub_04511,new_subscriber,3,0,3.96,home,popup,False,FL,2026-04-28
sub_04512,winback_dormant,129,7,325.26,home,loyalty_signup,False,IL,2025-12-23
sub_04513,post_purchase,11,7,66.53,electronics,referral,False,PA,2026-04-20
sub_04514,post_purchase,4,3,128.78,kids,checkout_optin,False,PA,2026-04-27
sub_04515,new_subscriber,3,1,30.75,wellness,checkout_optin,False,IL,2026-04-28
sub_04516,new_subscriber,5,0,24.97,home,loyalty_signup,True,GA,2026-04-26
sub_04517,high_intent_browser,5,0,0,apparel,loyalty_signup,True,OH,2026-04-26
sub_04518,vip_loyalist,4,44,1210.66,kids,popup,True,PA,2026-04-27
sub_04519,price_sensitive,24,2,143.92,home,referral,False,MA,2026-04-07
sub_04520,high_intent_browser,3,1,66.29,home,popup,False,FL,2026-04-28
sub_04521,post_purchase,5,6,162.42,home,referral,False,PA,2026-04-26
sub_04522,winback_dormant,116,9,100.28,home,loyalty_signup,False,IL,2026-01-05
sub_04523,high_intent_browser,3,2,35.73,apparel,popup,True,NY,2026-04-28
sub_04524,post_purchase,7,5,126.77,beauty,paid_social,False,WA,2026-04-24
sub_04525,post_purchase,10,6,216.52,electronics,referral,False,GA,2026-04-21
sub_04526,vip_loyalist,0,27,1120.72,electronics,paid_social,True,OH,2026-05-01
sub_04527,new_subscriber,1,0,8.01,wellness,checkout_optin,True,TX,2026-04-30
sub_04528,new_subscriber,4,0,15.64,apparel,popup,False,TX,2026-04-27
sub_04529,winback_dormant,50,13,358.23,beauty,checkout_optin,False,NY,2026-03-12
sub_04530,high_intent_browser,5,2,28.41,kids,popup,False,PA,2026-04-26
sub_04531,new_subscriber,2,0,33.26,beauty,referral,False,WA,2026-04-29
sub_04532,winback_dormant,101,9,268.69,kids,checkout_optin,True,FL,2026-01-20
sub_04533,price_sensitive,8,3,44.59,beauty,checkout_optin,False,CA,2026-04-23
sub_04534,price_sensitive,29,3,23.44,electronics,paid_social,False,FL,2026-04-02
sub_04535,post_purchase,3,3,44.73,wellness,checkout_optin,False,NY,2026-04-28
sub_04536,new_subscriber,4,0,53.74,apparel,popup,False,MA,2026-04-27
sub_04537,high_intent_browser,8,1,23.96,apparel,loyalty_signup,False,FL,2026-04-23
sub_04538,price_sensitive,18,4,88.95,apparel,loyalty_signup,False,CA,2026-04-13
sub_04539,high_intent_browser,5,1,38.53,beauty,referral,True,CA,2026-04-26
sub_04540,price_sensitive,29,5,65.54,electronics,popup,False,CA,2026-04-02
sub_04541,high_intent_browser,6,1,38.07,home,referral,True,TX,2026-04-25
sub_04542,new_subscriber,3,0,18.73,home,checkout_optin,False,TX,2026-04-28
sub_04543,price_sensitive,22,3,63.95,beauty,paid_social,False,CA,2026-04-09
sub_04544,post_purchase,7,3,158.01,beauty,checkout_optin,False,PA,2026-04-24
sub_04545,price_sensitive,18,5,70.92,wellness,checkout_optin,True,CA,2026-04-13
sub_04546,post_purchase,4,3,164.62,kids,checkout_optin,False,PA,2026-04-27
sub_04547,post_purchase,5,4,231.14,beauty,loyalty_signup,False,MA,2026-04-26
sub_04548,high_intent_browser,6,0,50.98,wellness,loyalty_signup,False,GA,2026-04-25
sub_04549,price_sensitive,22,4,54.74,wellness,loyalty_signup,True,NY,2026-04-09
sub_04550,vip_loyalist,10,16,706.55,home,popup,True,MA,2026-04-21
sub_04551,new_subscriber,3,0,45.52,wellness,loyalty_signup,False,MA,2026-04-28
sub_04552,price_sensitive,19,4,0,beauty,popup,False,IL,2026-04-12
sub_04553,new_subscriber,2,0,3.17,kids,paid_social,True,WA,2026-04-29
sub_04554,high_intent_browser,6,0,37.23,kids,checkout_optin,True,TX,2026-04-25
sub_04555,high_intent_browser,2,1,36.44,beauty,loyalty_signup,False,FL,2026-04-29
sub_04556,price_sensitive,25,3,101.35,kids,referral,False,TX,2026-04-06
sub_04557,new_subscriber,3,0,61.1,beauty,paid_social,False,OH,2026-04-28
sub_04558,high_intent_browser,3,0,52.25,beauty,paid_social,True,IL,2026-04-28
sub_04559,vip_loyalist,16,6,928.63,wellness,popup,True,MA,2026-04-15
sub_04560,new_subscriber,5,0,23.82,kids,checkout_optin,False,GA,2026-04-26
sub_04561,vip_loyalist,1,32,1563.86,wellness,referral,True,IL,2026-04-30
sub_04562,vip_loyalist,6,32,565.86,apparel,loyalty_signup,True,MA,2026-04-25
sub_04563,high_intent_browser,5,2,32.61,home,paid_social,False,PA,2026-04-26
sub_04564,new_subscriber,3,0,34.23,home,referral,False,WA,2026-04-28
sub_04565,high_intent_browser,2,0,10.1,electronics,loyalty_signup,False,TX,2026-04-29
sub_04566,high_intent_browser,1,0,32.0,apparel,paid_social,False,CA,2026-04-30
sub_04567,high_intent_browser,7,0,25.99,electronics,checkout_optin,False,PA,2026-04-24
sub_04568,new_subscriber,2,1,0,electronics,popup,False,TX,2026-04-29
sub_04569,vip_loyalist,11,18,1239.02,electronics,referral,True,OH,2026-04-20
sub_04570,post_purchase,5,2,31.65,home,loyalty_signup,False,TX,2026-04-26
sub_04571,high_intent_browser,6,1,50.51,kids,checkout_optin,False,PA,2026-04-25
sub_04572,new_subscriber,3,0,33.22,home,popup,False,FL,2026-04-28
sub_04573,new_subscriber,3,0,43.07,kids,popup,False,FL,2026-04-28
sub_04574,price_sensitive,22,2,50.21,electronics,checkout_optin,False,PA,2026-04-09
sub_04575,winback_dormant,94,7,454.4,home,popup,False,GA,2026-01-27
sub_04576,high_intent_browser,6,0,27.01,home,referral,False,CA,2026-04-25
sub_04577,new_subscriber,4,0,23.65,electronics,loyalty_signup,True,GA,2026-04-27
sub_04578,new_subscriber,1,0,37.66,wellness,checkout_optin,False,WA,2026-04-30
sub_04579,high_intent_browser,3,0,18.01,wellness,checkout_optin,False,MA,2026-04-28
sub_04580,vip_loyalist,4,11,659.5,apparel,referral,True,PA,2026-04-27
sub_04581,high_intent_browser,8,0,50.93,wellness,paid_social,False,WA,2026-04-23
sub_04582,new_subscriber,4,0,29.36,kids,popup,False,OH,2026-04-27
sub_04583,price_sensitive,7,5,36.05,apparel,checkout_optin,False,PA,2026-04-24
sub_04584,new_subscriber,2,0,56.15,apparel,referral,False,PA,2026-04-29
sub_04585,new_subscriber,3,0,10.95,apparel,paid_social,False,GA,2026-04-28
sub_04586,vip_loyalist,14,21,1263.76,electronics,checkout_optin,True,WA,2026-04-17
sub_04587,post_purchase,9,5,318.19,kids,loyalty_signup,False,FL,2026-04-22
sub_04588,high_intent_browser,4,0,56.52,electronics,checkout_optin,False,CA,2026-04-27
sub_04589,new_subscriber,3,0,37.07,home,loyalty_signup,True,MA,2026-04-28
sub_04590,high_intent_browser,4,0,6.86,apparel,popup,False,WA,2026-04-27
sub_04591,high_intent_browser,5,0,61.62,electronics,referral,False,CA,2026-04-26
sub_04592,price_sensitive,5,5,30.66,home,popup,False,CA,2026-04-26
sub_04593,high_intent_browser,8,0,36.49,apparel,referral,False,IL,2026-04-23
sub_04594,vip_loyalist,9,13,967.49,beauty,referral,True,CA,2026-04-22
sub_04595,high_intent_browser,4,0,50.33,apparel,loyalty_signup,False,NY,2026-04-27
sub_04596,post_purchase,10,2,135.07,apparel,popup,False,IL,2026-04-21
sub_04597,new_subscriber,2,1,27.12,wellness,loyalty_signup,False,GA,2026-04-29
sub_04598,high_intent_browser,4,0,30.9,home,popup,False,WA,2026-04-27
sub_04599,price_sensitive,15,3,50.29,apparel,referral,True,CA,2026-04-16
sub_04600,high_intent_browser,4,0,29.05,beauty,loyalty_signup,False,WA,2026-04-27
sub_04601,high_intent_browser,4,2,46.65,apparel,loyalty_signup,False,WA,2026-04-27
sub_04602,vip_loyalist,7,24,248.63,electronics,checkout_optin,True,GA,2026-04-24
sub_04603,post_purchase,8,5,83.98,beauty,checkout_optin,False,FL,2026-04-23
sub_04604,vip_loyalist,12,15,1133.54,wellness,popup,True,TX,2026-04-19
sub_04605,new_subscriber,5,0,41.6,apparel,checkout_optin,False,WA,2026-04-26
sub_04606,new_subscriber,3,0,37.58,beauty,paid_social,False,IL,2026-04-28
sub_04607,new_subscriber,4,0,56.03,home,checkout_optin,False,WA,2026-04-27
sub_04608,new_subscriber,3,1,21.03,electronics,loyalty_signup,False,WA,2026-04-28
sub_04609,winback_dormant,81,5,212.95,home,paid_social,False,FL,2026-02-09
sub_04610,high_intent_browser,4,0,43.76,apparel,paid_social,False,TX,2026-04-27
sub_04611,high_intent_browser,1,0,39.33,beauty,paid_social,False,MA,2026-04-30
sub_04612,high_intent_browser,6,1,27.6,wellness,loyalty_signup,False,NY,2026-04-25
sub_04613,high_intent_browser,3,1,14.82,home,referral,True,MA,2026-04-28
sub_04614,winback_dormant,62,9,330.85,beauty,referral,False,OH,2026-02-28
sub_04615,price_sensitive,17,1,91.93,beauty,checkout_optin,False,MA,2026-04-14
sub_04616,vip_loyalist,8,12,2025.55,electronics,paid_social,True,MA,2026-04-23
sub_04617,new_subscriber,1,3,21.48,home,paid_social,False,TX,2026-04-30
sub_04618,new_subscriber,2,1,48.44,kids,loyalty_signup,False,TX,2026-04-29
sub_04619,high_intent_browser,7,1,15.49,electronics,checkout_optin,False,OH,2026-04-24
sub_04620,price_sensitive,25,3,45.84,kids,loyalty_signup,True,GA,2026-04-06
sub_04621,high_intent_browser,3,2,9.12,beauty,paid_social,False,TX,2026-04-28
sub_04622,price_sensitive,19,3,41.54,apparel,popup,False,TX,2026-04-12
sub_04623,vip_loyalist,16,46,1211.94,wellness,referral,True,OH,2026-04-15
sub_04624,price_sensitive,11,6,13.27,wellness,loyalty_signup,False,CA,2026-04-20
sub_04625,high_intent_browser,4,0,52.74,apparel,popup,False,WA,2026-04-27
sub_04626,price_sensitive,10,5,67.9,home,referral,False,PA,2026-04-21
sub_04627,high_intent_browser,8,0,19.82,apparel,checkout_optin,False,TX,2026-04-23
sub_04628,vip_loyalist,8,7,399.5,kids,loyalty_signup,True,CA,2026-04-23
sub_04629,high_intent_browser,5,0,42.38,apparel,referral,False,TX,2026-04-26
sub_04630,price_sensitive,18,4,45.83,apparel,paid_social,False,PA,2026-04-13
sub_04631,post_purchase,9,1,285.31,beauty,loyalty_signup,False,OH,2026-04-22
sub_04632,winback_dormant,118,9,118.16,beauty,referral,True,CA,2026-01-03
sub_04633,post_purchase,9,7,68.15,electronics,paid_social,True,FL,2026-04-22
sub_04634,post_purchase,7,4,31.98,apparel,popup,False,PA,2026-04-24
sub_04635,high_intent_browser,5,0,50.79,wellness,popup,False,MA,2026-04-26
sub_04636,winback_dormant,54,3,172.86,beauty,paid_social,False,MA,2026-03-08
sub_04637,new_subscriber,1,1,52.53,home,checkout_optin,False,PA,2026-04-30
sub_04638,post_purchase,3,4,104.24,beauty,referral,False,TX,2026-04-28
sub_04639,high_intent_browser,3,3,49.82,beauty,referral,False,NY,2026-04-28
sub_04640,price_sensitive,21,1,101.51,electronics,referral,False,TX,2026-04-10
sub_04641,vip_loyalist,13,14,705.92,electronics,referral,True,FL,2026-04-18
sub_04642,new_subscriber,1,0,39.94,apparel,paid_social,False,MA,2026-04-30
sub_04643,price_sensitive,16,8,25.35,kids,popup,False,NY,2026-04-15
sub_04644,new_subscriber,2,0,35.21,home,popup,False,MA,2026-04-29
sub_04645,new_subscriber,4,0,29.44,home,referral,False,FL,2026-04-27
sub_04646,price_sensitive,0,3,97.57,electronics,loyalty_signup,False,MA,2026-05-01
sub_04647,vip_loyalist,21,19,632.79,wellness,loyalty_signup,True,TX,2026-04-10
sub_04648,vip_loyalist,8,24,1219.21,apparel,referral,True,FL,2026-04-23
sub_04649,post_purchase,6,5,6.83,apparel,popup,False,WA,2026-04-25
sub_04650,high_intent_browser,3,1,62.33,beauty,loyalty_signup,False,IL,2026-04-28
sub_04651,vip_loyalist,6,30,1189.93,kids,paid_social,True,TX,2026-04-25
sub_04652,vip_loyalist,0,9,1141.1,apparel,referral,True,MA,2026-05-01
sub_04653,price_sensitive,17,3,51.24,beauty,loyalty_signup,False,FL,2026-04-14
sub_04654,price_sensitive,14,3,42.14,kids,loyalty_signup,False,PA,2026-04-17
sub_04655,price_sensitive,15,5,102.64,home,popup,False,TX,2026-04-16
sub_04656,price_sensitive,21,1,33.83,home,paid_social,False,TX,2026-04-10
sub_04657,post_purchase,6,5,83.48,beauty,referral,False,MA,2026-04-25
sub_04658,high_intent_browser,5,0,0,apparel,referral,False,OH,2026-04-26
sub_04659,price_sensitive,13,3,85.51,kids,paid_social,True,MA,2026-04-18
sub_04660,price_sensitive,7,5,39.02,home,loyalty_signup,False,OH,2026-04-24
sub_04661,post_purchase,12,1,114.28,wellness,paid_social,False,WA,2026-04-19
sub_04662,high_intent_browser,4,0,9.25,home,referral,False,IL,2026-04-27
sub_04663,high_intent_browser,4,0,43.79,apparel,referral,False,GA,2026-04-27
sub_04664,price_sensitive,8,1,74.58,wellness,paid_social,False,FL,2026-04-23
sub_04665,high_intent_browser,6,1,14.99,apparel,loyalty_signup,False,PA,2026-04-25
sub_04666,high_intent_browser,9,1,51.56,kids,loyalty_signup,False,WA,2026-04-22
sub_04667,winback_dormant,42,4,93.25,kids,checkout_optin,True,CA,2026-03-20
sub_04668,price_sensitive,19,4,43.34,wellness,checkout_optin,False,IL,2026-04-12
sub_04669,post_purchase,7,3,167.56,apparel,paid_social,False,PA,2026-04-24
sub_04670,vip_loyalist,1,17,1057.24,kids,paid_social,True,IL,2026-04-30
sub_04671,vip_loyalist,16,17,919.02,home,popup,True,OH,2026-04-15
sub_04672,vip_loyalist,9,25,1160.12,apparel,referral,True,IL,2026-04-22
sub_04673,high_intent_browser,5,0,43.83,beauty,popup,False,OH,2026-04-26
sub_04674,high_intent_browser,5,0,52.28,beauty,checkout_optin,False,IL,2026-04-26
sub_04675,price_sensitive,8,5,41.22,home,popup,False,GA,2026-04-23
sub_04676,price_sensitive,12,2,9.03,apparel,checkout_optin,False,FL,2026-04-19
sub_04677,post_purchase,10,5,153.4,wellness,paid_social,False,CA,2026-04-21
sub_04678,vip_loyalist,15,2,92.2,kids,referral,True,OH,2026-04-16
sub_04679,high_intent_browser,9,0,28.64,apparel,paid_social,False,FL,2026-04-22
sub_04680,high_intent_browser,2,0,75.61,wellness,loyalty_signup,False,MA,2026-04-29
sub_04681,post_purchase,11,5,64.83,kids,loyalty_signup,False,IL,2026-04-20
sub_04682,high_intent_browser,7,0,64.23,kids,referral,False,CA,2026-04-24
sub_04683,high_intent_browser,2,0,44.15,apparel,referral,False,PA,2026-04-29
sub_04684,price_sensitive,21,3,82.81,beauty,paid_social,False,GA,2026-04-10
sub_04685,price_sensitive,12,3,38.24,wellness,checkout_optin,False,MA,2026-04-19
sub_04686,new_subscriber,3,0,48.56,wellness,loyalty_signup,True,TX,2026-04-28
sub_04687,winback_dormant,40,9,193.56,electronics,popup,False,MA,2026-03-22
sub_04688,post_purchase,6,7,103.73,wellness,paid_social,False,IL,2026-04-25
sub_04689,post_purchase,6,1,85.33,beauty,paid_social,True,GA,2026-04-25
sub_04690,winback_dormant,117,10,273.93,wellness,loyalty_signup,False,CA,2026-01-04
sub_04691,new_subscriber,2,0,2.55,apparel,popup,False,IL,2026-04-29
sub_04692,high_intent_browser,4,0,23.62,kids,loyalty_signup,False,CA,2026-04-27
sub_04693,new_subscriber,0,0,8.39,wellness,paid_social,False,NY,2026-05-01
sub_04694,post_purchase,8,6,135.35,electronics,checkout_optin,False,TX,2026-04-23
sub_04695,price_sensitive,8,3,71.76,electronics,referral,False,IL,2026-04-23
sub_04696,price_sensitive,33,3,90.67,home,loyalty_signup,False,MA,2026-03-29
sub_04697,vip_loyalist,8,22,1021.63,beauty,loyalty_signup,True,MA,2026-04-23
sub_04698,price_sensitive,9,2,77.95,home,popup,False,WA,2026-04-22
sub_04699,high_intent_browser,2,0,34.77,electronics,referral,False,GA,2026-04-29
sub_04700,post_purchase,6,3,104.21,electronics,checkout_optin,False,TX,2026-04-25
sub_04701,winback_dormant,80,10,68.25,kids,paid_social,False,IL,2026-02-10
sub_04702,winback_dormant,128,9,212.93,beauty,loyalty_signup,True,PA,2025-12-24
sub_04703,post_purchase,1,3,86.47,home,loyalty_signup,False,WA,2026-04-30
sub_04704,high_intent_browser,5,0,22.54,home,paid_social,False,WA,2026-04-26
sub_04705,high_intent_browser,3,0,47.37,beauty,loyalty_signup,False,TX,2026-04-28
sub_04706,post_purchase,4,3,146.77,electronics,paid_social,False,IL,2026-04-27
sub_04707,vip_loyalist,6,10,764.28,apparel,referral,True,CA,2026-04-25
sub_04708,high_intent_browser,5,0,18.48,electronics,paid_social,False,WA,2026-04-26
sub_04709,high_intent_browser,3,1,27.06,apparel,referral,True,PA,2026-04-28
sub_04710,high_intent_browser,4,1,10.65,electronics,referral,False,NY,2026-04-27
sub_04711,price_sensitive,8,1,68.12,wellness,popup,False,CA,2026-04-23
sub_04712,vip_loyalist,16,28,909.37,kids,loyalty_signup,True,PA,2026-04-15
sub_04713,price_sensitive,24,2,49.39,beauty,paid_social,False,CA,2026-04-07
sub_04714,winback_dormant,113,6,290.23,home,paid_social,False,GA,2026-01-08
sub_04715,new_subscriber,1,1,84.63,beauty,paid_social,False,FL,2026-04-30
sub_04716,high_intent_browser,3,0,40.36,kids,checkout_optin,False,PA,2026-04-28
sub_04717,winback_dormant,77,9,257.31,wellness,referral,True,CA,2026-02-13
sub_04718,winback_dormant,137,10,248.75,home,checkout_optin,True,CA,2025-12-15
sub_04719,price_sensitive,16,4,81.21,apparel,referral,False,IL,2026-04-15
sub_04720,price_sensitive,14,1,18.16,apparel,referral,False,CA,2026-04-17
sub_04721,winback_dormant,89,12,183.2,kids,referral,False,IL,2026-02-01
sub_04722,high_intent_browser,4,2,33.66,apparel,popup,False,GA,2026-04-27
sub_04723,price_sensitive,8,5,98.26,home,checkout_optin,False,NY,2026-04-23
sub_04724,post_purchase,1,10,60.65,kids,loyalty_signup,False,MA,2026-04-30
sub_04725,new_subscriber,1,0,61.31,home,loyalty_signup,False,OH,2026-04-30
sub_04726,new_subscriber,1,0,16.54,electronics,loyalty_signup,False,IL,2026-04-30
sub_04727,post_purchase,10,6,245.79,kids,popup,False,CA,2026-04-21
sub_04728,high_intent_browser,6,0,54.32,electronics,loyalty_signup,False,FL,2026-04-25
sub_04729,new_subscriber,2,0,40.37,home,popup,False,OH,2026-04-29
sub_04730,winback_dormant,114,13,365.59,kids,referral,False,TX,2026-01-07
sub_04731,price_sensitive,22,5,61.48,beauty,popup,False,PA,2026-04-09
sub_04732,high_intent_browser,7,0,32.51,electronics,paid_social,False,PA,2026-04-24
sub_04733,vip_loyalist,11,24,893.08,kids,checkout_optin,True,MA,2026-04-20
sub_04734,winback_dormant,159,13,20.61,electronics,loyalty_signup,False,PA,2025-11-23
sub_04735,high_intent_browser,5,0,36.4,wellness,paid_social,False,GA,2026-04-26
sub_04736,price_sensitive,18,4,79.94,apparel,paid_social,False,CA,2026-04-13
sub_04737,price_sensitive,23,4,67.92,beauty,checkout_optin,False,TX,2026-04-08
sub_04738,post_purchase,5,4,151.01,beauty,paid_social,False,CA,2026-04-26
sub_04739,price_sensitive,16,3,100.71,apparel,paid_social,False,CA,2026-04-15
sub_04740,new_subscriber,2,1,39.53,beauty,popup,False,PA,2026-04-29
sub_04741,price_sensitive,33,3,62.03,home,popup,False,FL,2026-03-29
sub_04742,high_intent_browser,6,0,24.82,home,checkout_optin,False,MA,2026-04-25
sub_04743,high_intent_browser,1,0,38.51,kids,checkout_optin,False,GA,2026-04-30
sub_04744,price_sensitive,13,4,106.9,wellness,checkout_optin,False,CA,2026-04-18
sub_04745,post_purchase,10,4,168.24,beauty,popup,False,PA,2026-04-21
sub_04746,high_intent_browser,5,1,8.81,wellness,referral,True,TX,2026-04-26
sub_04747,winback_dormant,112,7,361.59,home,paid_social,True,CA,2026-01-09
sub_04748,new_subscriber,2,0,43.67,home,checkout_optin,False,TX,2026-04-29
sub_04749,vip_loyalist,12,17,1069.92,beauty,popup,True,GA,2026-04-19
sub_04750,high_intent_browser,5,0,56.89,apparel,referral,False,IL,2026-04-26
sub_04751,post_purchase,12,3,141.88,beauty,referral,False,IL,2026-04-19
sub_04752,post_purchase,9,4,68.65,home,loyalty_signup,False,CA,2026-04-22
sub_04753,high_intent_browser,4,1,38.17,apparel,referral,False,MA,2026-04-27
sub_04754,winback_dormant,103,7,112.54,kids,referral,False,GA,2026-01-18
sub_04755,new_subscriber,3,1,42.96,apparel,paid_social,False,FL,2026-04-28
sub_04756,post_purchase,8,4,169.91,apparel,loyalty_signup,False,CA,2026-04-23
sub_04757,post_purchase,5,5,227.06,wellness,referral,True,WA,2026-04-26
sub_04758,post_purchase,7,8,219.27,home,popup,False,CA,2026-04-24
sub_04759,high_intent_browser,4,2,32.45,wellness,loyalty_signup,False,MA,2026-04-27
sub_04760,price_sensitive,24,4,52.44,apparel,loyalty_signup,True,NY,2026-04-07
sub_04761,winback_dormant,35,14,141.04,electronics,paid_social,False,CA,2026-03-27
sub_04762,price_sensitive,11,2,90.12,kids,loyalty_signup,False,GA,2026-04-20
sub_04763,new_subscriber,4,0,39.32,kids,popup,False,WA,2026-04-27
sub_04764,price_sensitive,32,5,134.57,electronics,referral,True,MA,2026-03-30
sub_04765,price_sensitive,15,4,40.81,kids,referral,False,NY,2026-04-16
sub_04766,price_sensitive,14,3,99.67,wellness,referral,True,PA,2026-04-17
sub_04767,vip_loyalist,11,22,330.51,wellness,loyalty_signup,True,NY,2026-04-20
sub_04768,post_purchase,4,3,10.01,home,checkout_optin,False,TX,2026-04-27
sub_04769,price_sensitive,16,7,127.44,beauty,paid_social,False,CA,2026-04-15
sub_04770,price_sensitive,27,5,29.56,electronics,popup,False,GA,2026-04-04
sub_04771,post_purchase,11,5,300.1,kids,checkout_optin,False,MA,2026-04-20
sub_04772,new_subscriber,2,0,31.62,home,popup,True,CA,2026-04-29
sub_04773,post_purchase,8,6,207.9,home,paid_social,False,IL,2026-04-23
sub_04774,price_sensitive,25,5,61.43,kids,paid_social,True,CA,2026-04-06
sub_04775,winback_dormant,84,14,150.91,apparel,paid_social,True,NY,2026-02-06
sub_04776,post_purchase,8,6,210.71,apparel,referral,False,FL,2026-04-23
sub_04777,winback_dormant,67,11,86.16,beauty,checkout_optin,True,IL,2026-02-23
sub_04778,high_intent_browser,5,2,18.96,electronics,popup,False,IL,2026-04-26
sub_04779,new_subscriber,1,0,55.58,wellness,popup,False,MA,2026-04-30
sub_04780,high_intent_browser,6,0,31.59,beauty,loyalty_signup,False,CA,2026-04-25
sub_04781,high_intent_browser,5,1,77.96,beauty,checkout_optin,False,OH,2026-04-26
sub_04782,price_sensitive,9,1,86.08,home,paid_social,False,MA,2026-04-22
sub_04783,price_sensitive,18,6,0,beauty,loyalty_signup,False,GA,2026-04-13
sub_04784,high_intent_browser,4,0,31.57,kids,popup,False,PA,2026-04-27
sub_04785,high_intent_browser,4,0,0,wellness,paid_social,False,GA,2026-04-27
sub_04786,post_purchase,4,8,0,kids,referral,True,PA,2026-04-27
sub_04787,high_intent_browser,3,0,2.78,kids,referral,False,IL,2026-04-28
sub_04788,price_sensitive,18,3,26.97,home,checkout_optin,False,MA,2026-04-13
sub_04789,post_purchase,8,6,205.39,apparel,loyalty_signup,False,PA,2026-04-23
sub_04790,price_sensitive,12,4,86.68,beauty,loyalty_signup,False,TX,2026-04-19
sub_04791,high_intent_browser,5,1,8.81,wellness,popup,False,OH,2026-04-26
sub_04792,high_intent_browser,10,1,35.53,beauty,popup,False,TX,2026-04-21
sub_04793,high_intent_browser,1,1,7.65,home,referral,True,IL,2026-04-30
sub_04794,high_intent_browser,4,2,45.39,kids,loyalty_signup,True,MA,2026-04-27
sub_04795,post_purchase,7,5,60.21,apparel,paid_social,False,NY,2026-04-24
sub_04796,new_subscriber,2,0,33.94,beauty,checkout_optin,False,IL,2026-04-29
sub_04797,vip_loyalist,19,38,0,beauty,checkout_optin,True,NY,2026-04-12
sub_04798,price_sensitive,16,1,38.29,beauty,popup,False,OH,2026-04-15
sub_04799,post_purchase,8,7,98.6,beauty,loyalty_signup,False,FL,2026-04-23
sub_04800,winback_dormant,84,4,234.18,apparel,checkout_optin,False,CA,2026-02-06
sub_04801,new_subscriber,1,0,27.99,electronics,checkout_optin,False,IL,2026-04-30
sub_04802,new_subscriber,4,0,16.92,electronics,checkout_optin,False,GA,2026-04-27
sub_04803,high_intent_browser,3,0,18.42,electronics,checkout_optin,False,NY,2026-04-28
sub_04804,price_sensitive,22,4,32.82,apparel,referral,False,CA,2026-04-09
sub_04805,high_intent_browser,7,0,26.14,electronics,paid_social,False,PA,2026-04-24
sub_04806,new_subscriber,2,1,30.28,home,checkout_optin,False,GA,2026-04-29
sub_04807,post_purchase,2,4,34.92,home,referral,False,CA,2026-04-29
sub_04808,new_subscriber,4,0,25.47,home,loyalty_signup,False,TX,2026-04-27
sub_04809,price_sensitive,16,6,44.91,electronics,popup,False,NY,2026-04-15
sub_04810,post_purchase,6,5,94.6,kids,checkout_optin,False,GA,2026-04-25
sub_04811,high_intent_browser,4,2,50.97,beauty,paid_social,False,FL,2026-04-27
sub_04812,high_intent_browser,5,2,51.05,electronics,popup,False,TX,2026-04-26
sub_04813,high_intent_browser,4,0,18.22,kids,popup,False,IL,2026-04-27
sub_04814,new_subscriber,4,0,18.08,kids,loyalty_signup,False,CA,2026-04-27
sub_04815,high_intent_browser,5,3,49.6,wellness,referral,False,MA,2026-04-26
sub_04816,vip_loyalist,13,33,1012.5,kids,popup,True,TX,2026-04-18
sub_04817,new_subscriber,1,0,23.95,beauty,popup,False,MA,2026-04-30
sub_04818,high_intent_browser,3,1,69.83,electronics,checkout_optin,False,MA,2026-04-28
sub_04819,price_sensitive,17,3,83.99,apparel,loyalty_signup,True,OH,2026-04-14
sub_04820,winback_dormant,68,11,189.72,beauty,popup,False,IL,2026-02-22
sub_04821,winback_dormant,100,4,173.76,apparel,checkout_optin,False,NY,2026-01-21
sub_04822,price_sensitive,11,3,18.58,kids,referral,True,IL,2026-04-20
sub_04823,new_subscriber,3,0,51.73,wellness,checkout_optin,False,GA,2026-04-28
sub_04824,post_purchase,0,1,169.5,kids,loyalty_signup,False,GA,2026-05-01
sub_04825,new_subscriber,4,0,68.44,wellness,referral,False,OH,2026-04-27
sub_04826,high_intent_browser,4,1,27.68,electronics,checkout_optin,False,PA,2026-04-27
sub_04827,new_subscriber,2,0,55.69,beauty,referral,False,CA,2026-04-29
sub_04828,high_intent_browser,7,0,20.44,electronics,paid_social,False,GA,2026-04-24
sub_04829,price_sensitive,22,3,70.43,wellness,loyalty_signup,True,OH,2026-04-09
sub_04830,winback_dormant,53,5,291.68,kids,referral,False,TX,2026-03-09
sub_04831,vip_loyalist,14,13,142.34,electronics,paid_social,True,FL,2026-04-17
sub_04832,price_sensitive,5,3,52.86,wellness,loyalty_signup,False,TX,2026-04-26
sub_04833,high_intent_browser,5,0,7.94,apparel,popup,False,NY,2026-04-26
sub_04834,high_intent_browser,2,1,28.36,apparel,referral,False,OH,2026-04-29
sub_04835,post_purchase,10,3,128.45,home,referral,False,GA,2026-04-21
sub_04836,winback_dormant,91,11,343.28,apparel,paid_social,False,WA,2026-01-30
sub_04837,price_sensitive,21,4,164.34,wellness,loyalty_signup,False,WA,2026-04-10
sub_04838,post_purchase,3,6,91.11,beauty,loyalty_signup,False,MA,2026-04-28
sub_04839,high_intent_browser,4,0,77.61,beauty,paid_social,False,CA,2026-04-27
sub_04840,price_sensitive,13,6,107.01,electronics,paid_social,False,GA,2026-04-18
sub_04841,vip_loyalist,15,31,670.47,beauty,checkout_optin,True,MA,2026-04-16
sub_04842,post_purchase,5,7,249.51,electronics,paid_social,False,FL,2026-04-26
sub_04843,high_intent_browser,4,1,78.24,electronics,paid_social,False,PA,2026-04-27
sub_04844,post_purchase,9,6,191.88,kids,paid_social,True,TX,2026-04-22
sub_04845,price_sensitive,10,5,97.93,beauty,referral,False,GA,2026-04-21
sub_04846,vip_loyalist,8,34,905.24,apparel,checkout_optin,True,IL,2026-04-23
sub_04847,winback_dormant,123,3,155.82,wellness,loyalty_signup,False,CA,2025-12-29
sub_04848,high_intent_browser,0,2,34.85,beauty,paid_social,False,FL,2026-05-01
sub_04849,price_sensitive,12,3,107.84,kids,referral,True,MA,2026-04-19
sub_04850,new_subscriber,2,0,23.94,apparel,paid_social,False,IL,2026-04-29
sub_04851,high_intent_browser,2,0,62.43,kids,popup,False,NY,2026-04-29
sub_04852,new_subscriber,4,0,40.55,wellness,checkout_optin,False,MA,2026-04-27
sub_04853,post_purchase,2,1,39.06,electronics,popup,False,PA,2026-04-29
sub_04854,high_intent_browser,4,0,52.7,electronics,checkout_optin,False,PA,2026-04-27
sub_04855,vip_loyalist,12,25,667.04,wellness,checkout_optin,True,IL,2026-04-19
sub_04856,high_intent_browser,9,0,14.99,beauty,checkout_optin,False,GA,2026-04-22
sub_04857,post_purchase,4,6,264.42,beauty,referral,False,IL,2026-04-27
sub_04858,high_intent_browser,2,0,24.38,wellness,checkout_optin,False,WA,2026-04-29
sub_04859,price_sensitive,15,3,59.43,electronics,paid_social,False,CA,2026-04-16
sub_04860,new_subscriber,2,0,8.63,wellness,referral,False,IL,2026-04-29
sub_04861,new_subscriber,4,1,55.75,home,loyalty_signup,True,FL,2026-04-27
sub_04862,new_subscriber,3,0,17.96,kids,loyalty_signup,False,CA,2026-04-28
sub_04863,price_sensitive,30,5,30.38,wellness,paid_social,False,TX,2026-04-01
sub_04864,post_purchase,6,5,30.14,wellness,checkout_optin,False,WA,2026-04-25
sub_04865,vip_loyalist,20,13,862.38,beauty,popup,True,FL,2026-04-11
sub_04866,high_intent_browser,3,0,66.73,apparel,paid_social,False,IL,2026-04-28
sub_04867,high_intent_browser,8,2,35.79,beauty,popup,True,PA,2026-04-23
sub_04868,price_sensitive,12,1,67.84,wellness,checkout_optin,False,GA,2026-04-19
sub_04869,high_intent_browser,4,1,33.0,wellness,checkout_optin,False,TX,2026-04-27
sub_04870,price_sensitive,23,5,27.97,home,paid_social,False,GA,2026-04-08
sub_04871,high_intent_browser,3,0,32.43,home,referral,False,FL,2026-04-28
sub_04872,high_intent_browser,6,1,52.6,kids,referral,False,WA,2026-04-25
sub_04873,new_subscriber,3,0,40.52,beauty,checkout_optin,False,TX,2026-04-28
sub_04874,price_sensitive,19,2,71.76,home,popup,False,WA,2026-04-12
sub_04875,new_subscriber,2,0,49.29,beauty,paid_social,False,CA,2026-04-29
sub_04876,high_intent_browser,4,1,46.84,wellness,checkout_optin,False,NY,2026-04-27
sub_04877,vip_loyalist,15,33,996.76,apparel,checkout_optin,True,NY,2026-04-16
sub_04878,new_subscriber,2,0,53.71,kids,referral,False,WA,2026-04-29
sub_04879,price_sensitive,16,4,42.63,wellness,checkout_optin,False,MA,2026-04-15
sub_04880,new_subscriber,1,0,3.5,electronics,popup,False,IL,2026-04-30
sub_04881,winback_dormant,107,8,223.58,home,loyalty_signup,False,WA,2026-01-14
sub_04882,high_intent_browser,6,0,65.27,kids,popup,False,IL,2026-04-25
sub_04883,vip_loyalist,15,29,1018.16,electronics,paid_social,True,OH,2026-04-16
sub_04884,new_subscriber,3,0,16.66,kids,paid_social,False,FL,2026-04-28
sub_04885,new_subscriber,3,0,84.89,beauty,paid_social,False,WA,2026-04-28
sub_04886,post_purchase,7,1,165.17,kids,checkout_optin,True,GA,2026-04-24
sub_04887,price_sensitive,3,2,35.49,apparel,checkout_optin,False,CA,2026-04-28
sub_04888,post_purchase,5,3,137.09,home,paid_social,False,OH,2026-04-26
sub_04889,post_purchase,6,4,160.66,apparel,referral,False,FL,2026-04-25
sub_04890,high_intent_browser,3,0,51.0,apparel,checkout_optin,False,MA,2026-04-28
sub_04891,winback_dormant,93,10,123.95,beauty,popup,False,WA,2026-01-28
sub_04892,new_subscriber,3,0,0.51,beauty,paid_social,False,OH,2026-04-28
sub_04893,high_intent_browser,3,1,28.39,apparel,loyalty_signup,False,FL,2026-04-28
sub_04894,new_subscriber,2,0,38.94,home,popup,False,OH,2026-04-29
sub_04895,new_subscriber,1,0,15.8,home,referral,False,IL,2026-04-30
sub_04896,high_intent_browser,7,0,39.9,beauty,checkout_optin,False,FL,2026-04-24
sub_04897,vip_loyalist,16,5,712.23,wellness,checkout_optin,True,PA,2026-04-15
sub_04898,new_subscriber,2,0,57.54,electronics,popup,False,NY,2026-04-29
sub_04899,post_purchase,7,2,53.87,wellness,popup,False,OH,2026-04-24
sub_04900,high_intent_browser,2,2,44.95,kids,checkout_optin,False,CA,2026-04-29
sub_04901,high_intent_browser,4,0,23.76,kids,loyalty_signup,False,TX,2026-04-27
sub_04902,high_intent_browser,7,0,14.26,home,loyalty_signup,False,WA,2026-04-24
sub_04903,vip_loyalist,10,12,676.24,home,checkout_optin,True,NY,2026-04-21
sub_04904,price_sensitive,8,8,42.29,kids,checkout_optin,False,CA,2026-04-23
sub_04905,high_intent_browser,4,2,14.86,kids,checkout_optin,False,IL,2026-04-27
sub_04906,price_sensitive,12,3,83.01,wellness,checkout_optin,False,MA,2026-04-19
sub_04907,vip_loyalist,10,43,1102.95,electronics,paid_social,True,IL,2026-04-21
sub_04908,high_intent_browser,6,0,50.02,kids,paid_social,False,TX,2026-04-25
sub_04909,price_sensitive,16,5,126.76,kids,paid_social,True,CA,2026-04-15
sub_04910,post_purchase,5,3,162.7,kids,paid_social,False,OH,2026-04-26
sub_04911,high_intent_browser,6,2,62.06,beauty,popup,False,NY,2026-04-25
sub_04912,price_sensitive,30,1,0,kids,loyalty_signup,False,OH,2026-04-01
sub_04913,price_sensitive,18,1,51.22,wellness,popup,False,MA,2026-04-13
sub_04914,high_intent_browser,1,0,29.62,home,checkout_optin,False,NY,2026-04-30
sub_04915,vip_loyalist,17,16,777.17,beauty,paid_social,True,WA,2026-04-14
sub_04916,vip_loyalist,12,29,1124.59,electronics,loyalty_signup,True,FL,2026-04-19
sub_04917,price_sensitive,14,4,42.53,beauty,popup,False,MA,2026-04-17
sub_04918,post_purchase,6,3,113.24,apparel,popup,False,OH,2026-04-25
sub_04919,post_purchase,8,1,102.57,wellness,popup,False,IL,2026-04-23
sub_04920,winback_dormant,130,5,160.17,electronics,loyalty_signup,True,TX,2025-12-22
sub_04921,vip_loyalist,3,22,151.33,electronics,popup,True,CA,2026-04-28
sub_04922,winback_dormant,104,13,247.65,electronics,popup,False,IL,2026-01-17
sub_04923,post_purchase,4,8,106.09,kids,loyalty_signup,False,WA,2026-04-27
sub_04924,price_sensitive,13,5,133.75,kids,paid_social,False,TX,2026-04-18
sub_04925,price_sensitive,26,2,53.82,wellness,loyalty_signup,False,GA,2026-04-05
sub_04926,post_purchase,9,6,172.35,apparel,loyalty_signup,False,MA,2026-04-22
sub_04927,price_sensitive,34,4,104.41,apparel,popup,True,WA,2026-03-28
sub_04928,new_subscriber,3,1,10.53,kids,paid_social,False,TX,2026-04-28
sub_04929,price_sensitive,13,1,46.23,wellness,referral,False,OH,2026-04-18
sub_04930,high_intent_browser,3,0,34.67,wellness,referral,False,MA,2026-04-28
sub_04931,high_intent_browser,1,1,53.2,apparel,referral,False,TX,2026-04-30
sub_04932,price_sensitive,22,1,49.56,electronics,popup,False,NY,2026-04-09
sub_04933,price_sensitive,15,6,97.51,wellness,checkout_optin,False,NY,2026-04-16
sub_04934,price_sensitive,33,6,100.09,kids,referral,False,GA,2026-03-29
sub_04935,high_intent_browser,5,0,31.93,home,referral,False,CA,2026-04-26
sub_04936,high_intent_browser,7,0,25.26,home,referral,False,NY,2026-04-24
sub_04937,new_subscriber,3,0,32.71,home,popup,False,NY,2026-04-28
sub_04938,post_purchase,5,5,50.5,wellness,popup,True,IL,2026-04-26
sub_04939,vip_loyalist,12,3,948.48,electronics,popup,True,MA,2026-04-19
sub_04940,vip_loyalist,18,22,428.7,electronics,loyalty_signup,True,TX,2026-04-13
sub_04941,new_subscriber,3,0,9.84,kids,paid_social,False,FL,2026-04-28
sub_04942,price_sensitive,9,5,68.09,apparel,paid_social,False,GA,2026-04-22
sub_04943,vip_loyalist,11,23,795.7,wellness,checkout_optin,True,FL,2026-04-20
sub_04944,high_intent_browser,7,0,22.78,beauty,loyalty_signup,False,NY,2026-04-24
sub_04945,new_subscriber,2,0,66.61,home,checkout_optin,False,OH,2026-04-29
sub_04946,high_intent_browser,7,0,38.0,kids,referral,False,WA,2026-04-24
sub_04947,post_purchase,11,4,135.95,beauty,loyalty_signup,False,WA,2026-04-20
sub_04948,vip_loyalist,11,34,995.81,beauty,loyalty_signup,True,CA,2026-04-20
sub_04949,high_intent_browser,1,1,53.14,wellness,referral,False,CA,2026-04-30
sub_04950,high_intent_browser,4,1,28.79,beauty,loyalty_signup,False,OH,2026-04-27
sub_04951,post_purchase,8,5,190.68,kids,paid_social,False,NY,2026-04-23
sub_04952,high_intent_browser,4,0,43.02,electronics,popup,False,GA,2026-04-27
sub_04953,price_sensitive,21,3,29.3,electronics,paid_social,False,MA,2026-04-10
sub_04954,vip_loyalist,2,23,1170.47,kids,popup,True,NY,2026-04-29
sub_04955,price_sensitive,12,1,64.79,wellness,loyalty_signup,False,GA,2026-04-19
sub_04956,high_intent_browser,8,2,0.01,home,referral,False,MA,2026-04-23
sub_04957,winback_dormant,123,9,109.45,home,checkout_optin,False,WA,2025-12-29
sub_04958,new_subscriber,2,0,0,wellness,referral,False,TX,2026-04-29
sub_04959,post_purchase,8,1,162.42,wellness,loyalty_signup,False,MA,2026-04-23
sub_04960,high_intent_browser,3,2,56.02,electronics,popup,False,WA,2026-04-28
sub_04961,high_intent_browser,4,0,37.58,beauty,referral,False,WA,2026-04-27
sub_04962,post_purchase,7,5,54.21,kids,popup,False,GA,2026-04-24
sub_04963,vip_loyalist,8,23,535.61,beauty,checkout_optin,True,PA,2026-04-23
sub_04964,new_subscriber,2,0,15.67,electronics,paid_social,True,TX,2026-04-29
sub_04965,new_subscriber,1,0,0,electronics,popup,False,PA,2026-04-30
sub_04966,new_subscriber,3,0,27.65,kids,paid_social,True,IL,2026-04-28
sub_04967,price_sensitive,39,3,81.66,electronics,paid_social,False,IL,2026-03-23
sub_04968,high_intent_browser,3,0,24.72,electronics,popup,False,FL,2026-04-28
sub_04969,post_purchase,10,5,125.68,wellness,popup,True,FL,2026-04-21
sub_04970,winback_dormant,91,12,243.27,wellness,paid_social,False,WA,2026-01-30
sub_04971,new_subscriber,3,0,27.45,wellness,popup,False,GA,2026-04-28
sub_04972,post_purchase,4,3,151.07,wellness,paid_social,True,CA,2026-04-27
sub_04973,high_intent_browser,4,0,46.21,wellness,checkout_optin,False,GA,2026-04-27
sub_04974,new_subscriber,1,0,9.35,apparel,popup,False,TX,2026-04-30
sub_04975,new_subscriber,3,0,43.58,kids,checkout_optin,True,OH,2026-04-28
sub_04976,new_subscriber,4,0,32.04,beauty,checkout_optin,False,MA,2026-04-27
sub_04977,post_purchase,7,7,235.38,beauty,referral,False,WA,2026-04-24
sub_04978,vip_loyalist,18,1,1219.48,beauty,loyalty_signup,True,WA,2026-04-13
sub_04979,new_subscriber,4,0,49.43,home,paid_social,False,OH,2026-04-27
sub_04980,high_intent_browser,3,2,5.68,electronics,checkout_optin,False,FL,2026-04-28
sub_04981,vip_loyalist,21,15,1713.89,apparel,referral,True,GA,2026-04-10
sub_04982,vip_loyalist,15,26,485.53,beauty,popup,True,GA,2026-04-16
sub_04983,vip_loyalist,7,23,6.19,kids,popup,True,NY,2026-04-24
sub_04984,new_subscriber,3,0,19.42,kids,referral,True,CA,2026-04-28
sub_04985,high_intent_browser,7,0,34.29,beauty,paid_social,False,OH,2026-04-24
sub_04986,high_intent_browser,3,0,55.9,wellness,popup,False,MA,2026-04-28
sub_04987,high_intent_browser,4,1,0,wellness,checkout_optin,False,GA,2026-04-27
sub_04988,price_sensitive,14,5,108.7,beauty,loyalty_signup,False,NY,2026-04-17
sub_04989,price_sensitive,20,6,50.22,apparel,checkout_optin,False,IL,2026-04-11
sub_04990,winback_dormant,104,4,314.91,electronics,referral,False,FL,2026-01-17
sub_04991,winback_dormant,83,3,209.18,home,paid_social,False,GA,2026-02-07
sub_04992,winback_dormant,118,10,0,apparel,referral,False,MA,2026-01-03
sub_04993,winback_dormant,40,12,322.35,apparel,checkout_optin,True,GA,2026-03-22
sub_04994,winback_dormant,140,9,208.44,home,paid_social,False,PA,2025-12-12
sub_04995,high_intent_browser,3,0,36.74,electronics,checkout_optin,False,NY,2026-04-28
sub_04996,new_subscriber,0,0,61.56,wellness,paid_social,False,NY,2026-05-01
sub_04997,vip_loyalist,12,28,417.22,wellness,loyalty_signup,True,MA,2026-04-19
sub_04998,post_purchase,10,3,147.11,beauty,paid_social,True,NY,2026-04-21
sub_04999,price_sensitive,20,1,107.26,wellness,referral,False,FL,2026-04-11
